active_uncertainty_rank,active_uncertainty_score,active_learning_action,active_learning_reasons,state_ut,district_name,planning_category,observed_facility_rows,health_need_score,care_gap_score,trust_gap_score,district_medical_desert_priority_score,district_data_quality_score,district_uncertainty_level,aggregate_ci_width,sample_size_uncertainty_score,needs_human_review_rate,needs_human_review_rate_ci_low,needs_human_review_rate_ci_high,critical_supply_gap_rate,critical_supply_gap_rate_ci_low,critical_supply_gap_rate_ci_high,trustworthy_supply_rate,trustworthy_supply_rate_ci_low,trustworthy_supply_rate_ci_high,capacity_observed_rate,capacity_observed_rate_ci_low,capacity_observed_rate_ci_high,doctor_observed_rate,doctor_observed_rate_ci_low,doctor_observed_rate_ci_high,sample_facility_names,sample_claim_evidence,sample_source_urls
1,0.8373,stress_test_desert_call,"[""high_care_gap"", ""high_health_need"", ""high_trust_gap"", ""higher_uncertainty_level"", ""wide_rate_confidence_intervals"", ""small_observed_facility_sample"", ""high_critical_supply_gap_rate""]",Bihar,Kishanganj ,real_desert_candidate,1,0.6751062322946176,0.7985351484098129,0.8999999999999999,0.7569364598983841,0.695,higher,0.7935,0.95,1.0,0.20654329147389294,1.0,1.0,0.20654329147389294,1.0,0.0,0.0,0.7934567085261071,0.0,0.0,0.7934567085261071,0.0,0.0,0.7934567085261071,A.R DENTAL EXPERT - Kishanganj Branch,"Kishanganj Branch of A.R DENTAL EXPERT, a leading multispecialty dental clinic. | [""familyMedicine"",""familyMedicine"",""dentistry"",""familyMedicine"",""internalMedicine""] | [""Dental implant placement"",""Scaling and polishing"",""Root canal treatment"",""Teeth whitening"",""Zirconia crowns placement"",""Orthodontic braces placement"",""Tooth extraction""] | [""Dental drill used for procedures"",""Dental chair with overhead light"",""Instruments tray with dental hand instruments""] | [""Two branches in Kishanganj and Darbhanga, Bihar"",""Multispecialty dental clinic"",""Led by Dr. Ahtesham and Dr. Reshma"",""Focus on aesthetic dentistry and radiant smile"",""Locations in Bihar, India"",""Operates as a clinic and academy"",""Has branches in Darbhanga and Kishanganj, Bihar, India"",""Director is Dr. Ahtesham, a dental surgeon"",""Chief Dental Surgeon is Dr. Reshma Naiyer"",""Provides aesthetic dentistry services"",""Operates as a dent","[""https://ardentalexpert.com/"",""https://ardentalexpert.com/about/"",""https://www.facebook.com/DrReshmaNaiyer/"",""https://www.facebook.com/104683287720730"",null]"
2,0.8314,stress_test_desert_call,"[""high_care_gap"", ""high_health_need"", ""high_trust_gap"", ""higher_uncertainty_level"", ""wide_rate_confidence_intervals"", ""small_observed_facility_sample"", ""high_critical_supply_gap_rate""]",Bihar,Siwan ,real_desert_candidate,1,0.6562204910292729,0.7881479907138733,0.8999999999999999,0.74466072807591,0.618,higher,0.7935,0.95,1.0,0.20654329147389294,1.0,1.0,0.20654329147389294,1.0,0.0,0.0,0.7934567085261071,1.0,0.20654329147389294,1.0,1.0,0.20654329147389294,1.0,Adarsh Hospital,"The hospital you trust to care for those you love | [""internalMedicine"",""pediatrics"",""neurology"",""pathology"",""generalSurgery"",""internalMedicine"",""internalMedicine"",""internalMedicine"",""internalMedicine""] | [""Offers laboratory analysis services"",""Provides surgical services""] | [] | [""Has 5+ intensive care units"",""Has 50+ medical beds"",""Has 20+ doctors on staff"",""Located in Madhuban, Bihar, India""]","[""https://adarshcare.com/"",""https://www.facebook.com/102299985981482"",""http://www.onefivenine.com/india/Listing/Town/hospitals/Purbi-Champaran/Madhuban"",""https://www.facebook.com/343024666296217"",""https://buxar.nic.in/registered-hospital-list/"",null,null]"
3,0.8276,stress_test_desert_call,"[""high_care_gap"", ""high_health_need"", ""high_trust_gap"", ""higher_uncertainty_level"", ""wide_rate_confidence_intervals"", ""small_observed_facility_sample"", ""high_critical_supply_gap_rate""]",Madhya Pradesh,Mandla ,real_desert_candidate,2,0.6818932955618507,0.761782203247277,0.9999999999999999,0.7046678890787658,0.582,higher,0.6576,0.9,1.0,0.34237195288961925,1.0,1.0,0.34237195288961925,1.0,0.0,0.0,0.6576280471103807,0.0,0.0,0.6576280471103807,0.0,0.0,0.6576280471103807,"Ujjain District Hospital; District Hospital, Mandya","Public district hospital in Madhya Pradesh, India. In a 2010 study of public district hospitals in Madhya Pradesh, the Ujjain district hospital had a technical efficiency score of 1 and a scale efficiency score of 0.688, with decreasing returns to scale (DRS). | [""internalMedicine"",""gynecologyAndObstetrics"",""internalMedicine"",""gynecologyAndObstetrics"",""familyPlanningAndComplexContraception"",""gynecologyAndObstetrics"",""radiology"",""otolaryngology"",""pathology"",""internalMedicine"",""endocrinologyAndDiabetesAndMetabolism"",""neurology"",""psychiatry"",""cardiology"",""spineNeurosurgery"",""dermatology"",""psychiatry"",""endocrinologyAndDiabetesAndMetabolism"",""cardiology"",""vascularSurgery"",""neuroimmunology"",""colorectalSurgery"",""internalMedicine"",""neurology"",""cardiology"",""endocrinologyAndDiabetesAndMetabolism"",""neurology"",""spineNeurosurgery"",""colorectalSurgery"",""neuroimmunology"",""internalMedicine"",""hematology"",","[""https://pmc.ncbi.nlm.nih.gov/articles/PMC3783661/"",""https://pmc.ncbi.nlm.nih.gov/articles/PMC3783661/"",""https://pubmed.ncbi.nlm.nih.gov/41170061/"",""https://www.nadisutra.org/our-centres/gandhinagar/"",""https://www.nadisutra.org/our-centres/gandhinagar/ayurved-chikitsa-kendra-randheja-gandhinagar-gujarat-6/"",""https://www.nadisutra.org/about/lada-parampara/bharatiya-traditional-treatments/"",""http://www.cashlesshospitalindia.com/blood-bank_district-hospital-blood-bank-mandla-mandla.html"",""https://www.justdial.com/Khargone/Blood-Bank-District-Hospital-Jaitapur/9999P7282-7282-170927014745-U2S4_BZDET"",""https://www.mappls.com/place-jeevika+diagnostics+district+hospital+chhindwara-opposite+adistrict-madhya+pradesh+state+highway+26-chhindwara-madhya+pradesh-480001+chhindwara-LM9ZT1@WRzdata=MjIuMDUxNjg3Kzc4LjkzNzY3MisxNytMTTlaVDE=ed"",""https://www.facebook.com/115281668289235"",""https://www.faceboo"
4,0.8274,stress_test_desert_call,"[""high_care_gap"", ""high_health_need"", ""high_trust_gap"", ""higher_uncertainty_level"", ""wide_rate_confidence_intervals"", ""small_observed_facility_sample"", ""high_critical_supply_gap_rate""]",Jharkhand,Dumka ,real_desert_candidate,1,0.6434726156751652,0.7811366592691142,0.8999999999999999,0.7363746090957399,0.571,higher,0.7935,0.95,1.0,0.20654329147389294,1.0,1.0,0.20654329147389294,1.0,0.0,0.0,0.7934567085261071,0.0,0.0,0.7934567085261071,0.0,0.0,0.7934567085261071,Care Diagnostic,"Care Diagnostics offers health checkups and diagnostic test packages with online booking and a report portal. | [""familyMedicine"",""pathology"",""radiology"",""internalMedicine"",""familyMedicine""] | [] | [] | [""Care Diagnostics provides pathology and diagnostic laboratory services"",""Care Diagnostic is a diagnostic center"",""Medical laboratory facility located in Ranchi, Jharkhand, India.""]","[""http://www.onefivenine.com/india/Listing/Town/hospitals/Dumka/Dumka"",""http://www.care-diagnostics.com/"",""https://care-diagnostics.com/about.php"",""https://www.mappls.com/place-care+diagnostics-castairs+town-bompas+town-deoghar-jharkhand-814112-EWTAA3@zdata=MjQuNDg0MzI4Kzg2LjY5MTU2NysxNytFV1RBQTMrKw==ed"",""https://dir.indiamart.com/ranchi/x-ray-services.html"",""https://www.facebook.com/1674699912836040"",""https://www.facebook.com/101908904615239"",""https://www.proceed.fit/clinic/Geeta-Dental-Clinic-DEOGHAR-814112"",null,null,null]"
5,0.8236,uncertainty_band_reduction,"[""high_care_gap"", ""high_trust_gap"", ""higher_uncertainty_level"", ""wide_rate_confidence_intervals"", ""small_observed_facility_sample"", ""high_critical_supply_gap_rate""]",Jammu & Kashmir,Doda ,supply_record_quality_problem,1,0.5609065155807366,0.7357253042171783,0.9999999999999999,0.6827066440343613,0.604,higher,0.7935,0.95,1.0,0.20654329147389294,1.0,1.0,0.20654329147389294,1.0,0.0,0.0,0.7934567085261071,0.0,0.0,0.7934567085261071,0.0,0.0,0.7934567085261071,Primary Health Centre Trown,"Primary Health Centre Changa is located at College Road Neeli Bhalessa, Jammu and Kashmir 182203. | [""familyMedicine"",""internalMedicine"",""familyMedicine"",""internalMedicine"",""internalMedicine"",""internalMedicine"",""internalMedicine"",""internalMedicine"",""familyMedicine"",""internalMedicine"",""familyMedicine"",""internalMedicine"",""familyMedicine"",""internalMedicine"",""familyMedicine"",""internalMedicine"",""familyMedicine"",""internalMedicine"",""familyMedicine"",""internalMedicine"",""familyMedicine"",""familyMedicine"",""internalMedicine"",""familyMedicine"",""familyMedicine"",""internalMedicine"",""internalMedicine"",""familyMedicine"",""familyMedicine"",""internalMedicine"",""familyMedicine"",""internalMedicine"",""internalMedicine"",""familyMedicine"",""internalMedicine"",""infectiousDiseases"",""maternalAndChildHealth"",""familyMedicine"",""internalMedicine"",""familyMedicine"",""familyMedicine"",""internalMedicine"",""internalMedicine"",""familyMedic","[""http://www.onefivenine.com/india/villages/Doda/Thathri/Joura"",""https://www.onefivenine.com/india/Listing/Town/hospitals/Doda/Bhalessa_3agandoh_4a"",""http://www.onefivenine.com/india/villages/Srinagar/Srinagar/Raj-Bagh"",""http://www.onefivenine.com/india/Listing/Town/hospitals/Badgam/Chadoora"",""http://www.onefivenine.com/india/villages/Doda/Thathri/Joura"",""https://www.onefivenine.com/india/Listing/Town/hospitals/Doda/Bhalessa_3agandoh_4a"",""http://www.onefivenine.com/india/Listing/Town/hospitals/Baramulla/Tangmarg"",""http://www.onefivenine.com/india/Listing/Town/hospitals/Anantnag/Shangus"",""https://www.onefivenine.com/india/Listing/Town/hospitals/Anantnag/Achabal"",""http://www.onefivenine.com/india/villages/Badgam/Badgam/Choon"",""https://kashmirage.net/2021/01/08/covid-19-vaccination-dry-run-held-at-bgam-gbal-pul-blakup-kul/"",""https://kashmirreader.com/2024/02/03/uphc-hazratbal-bags-nqas-cert"
6,0.823,stress_test_desert_call,"[""high_care_gap"", ""high_health_need"", ""high_trust_gap"", ""higher_uncertainty_level"", ""wide_rate_confidence_intervals"", ""small_observed_facility_sample"", ""high_critical_supply_gap_rate""]",Punjab,Fazilka ,real_desert_candidate,1,0.6295443814919736,0.7734761304683588,0.8999999999999999,0.7273212568766654,0.696,higher,0.7935,0.95,1.0,0.20654329147389294,1.0,1.0,0.20654329147389294,1.0,0.0,0.0,0.7934567085261071,0.0,0.0,0.7934567085261071,0.0,0.0,0.7934567085261071,Dr. Chatterjee Clinic,"Opposite Branch School based Dr. Chatterjee Clinic is a reputed homeopathy clinic run by renowned homoeopathy doctors. We treat all health problems including Hair Fall, Skin, Respiratory, Stomach Disorders, Infertility, Chronic Diseases, Psychological, Gastric Ailments, and much more. We render the best treatments in Opposite Branch School for a host of Women and Children-related ailments as well. | [""familyMedicine"",""familyMedicine"",""familyMedicine"",""internalMedicine""] | [""Hair Fall Treatment"",""Skin Treatment"",""Psoriasis Treatment"",""Eczema Treatment"",""Vitiligo Treatment"",""PCOS Treatment"",""Thyroid Treatment"",""Migraine Treatment"",""Sexual Health Treatment"",""Erectile Dysfunction Treatment"",""Premature Ejaculation Treatment""] | [] | [""Outpatient clinic"",""Offers homeopathic treatments for hair fall, skin disorders, PCOS, thyroid, migraine, and sexual health issues"",""Offers outpatient consultin","[""https://www.ohohomeopathy.com/homeopath/dr-chatterjee-clinic-opposite-branch-school-abohar.php"",""https://mamaniclinic.com/contact/"",""https://www.facebook.com/180305172551445"",null]"
7,0.8217,stress_test_desert_call,"[""high_care_gap"", ""high_health_need"", ""high_trust_gap"", ""higher_uncertainty_level"", ""wide_rate_confidence_intervals"", ""small_observed_facility_sample"", ""high_critical_supply_gap_rate""]",Bihar,Supaul ,real_desert_candidate,1,0.6252360717658167,0.7711065601189726,0.8999999999999999,0.7245208555546634,0.737,higher,0.7935,0.95,1.0,0.20654329147389294,1.0,1.0,0.20654329147389294,1.0,0.0,0.0,0.7934567085261071,0.0,0.0,0.7934567085261071,0.0,0.0,0.7934567085261071,Rameshwar Homoeo Hall,"Chronic Disease Specialist with 25 year experienced..... | [""familyMedicine"",""chronicDiseasePreventionAndLifestyleMedicine"",""familyMedicine""] | [] | [] | [""Rameshwar Homoeo Hall has a chronic disease specialist on staff: Dr. Anil Kumar Das, HMDS (Darbhanga), MD (E.Hom.), Reg no 25127/22, with 25 years of experience."",""Rameshwar Homoeo Hall provides homeopathy-based medical care.""]","[""https://www.facebook.com/rameshwar852111/"",""https://www.facebook.com/103830664632072"",null]"
8,0.8214,uncertainty_band_reduction,"[""high_care_gap"", ""high_trust_gap"", ""higher_uncertainty_level"", ""wide_rate_confidence_intervals"", ""small_observed_facility_sample"", ""high_critical_supply_gap_rate""]",Jammu & Kashmir,Udhampur ,supply_record_quality_problem,1,0.553765344664778,0.7317976602134011,0.9999999999999999,0.6780648829389883,0.61,higher,0.7935,0.95,1.0,0.20654329147389294,1.0,1.0,0.20654329147389294,1.0,0.0,0.0,0.7934567085261071,0.0,0.0,0.7934567085261071,0.0,0.0,0.7934567085261071,Redcliffe Labs - Collection Center Sail SallanUdhampur - 182101,"Redcliffe Labs - Collection Center (New Sunrise Laboratory) located in Jammu, Jammu & Kashmir. This collection center is part of Redcliffe Labs' network providing home sample collection and diagnostic services across India. Address: Ground Floor, Near Sub District Hospital, Akhnoor, Jowriya Road, Jammu, Jammu & Kashmir 181201. | [""pathology"",""radiology"",""pathology"",""radiology"",""pathology"",""radiology"",""pathology"",""radiology"",""pathology"",""radiology"",""gastroenterology"",""endocrinologyAndDiabetesAndMetabolism"",""nephrology"",""pathology"",""familyMedicine"",""pathology"",""internalMedicine"",""radiology"",""pathology"",""pathology"",""radiology"",""pathology"",""radiology"",""anatomicPathology"",""diagnosticRadiology"",""pathology"",""radiology"",""endocrinologyAndDiabetesAndMetabolism"",""gynecologyAndObstetrics"",""infectiousDiseases"",""pathology"",""radiology"",""familyMedicine"",""pathology"",""radiology"",""gastroenterology"",""family","[""https://redcliffelabs.com/centre/redcliffe-labs-collection-center-zaina-diagnostics-diagnostic-centre-bhaderwah-doda-169307/Home?utm_source=locator&utm_medium=bing"",""https://redcliffelabs.com/centre/redcliffe-labs-collection-center-i-health-diagnostic-centre-channi-himmat-jammu-188826/Home?utm_source=locator&utm_medium=bing"",""https://redcliffelabs.com/centre/redcliffe-labs-collection-center-new-sunrise-laboratory-diagnostic-centre-jowriya-road-jammu-289353/Home"",""https://redcliffelabs.com/centre/redcliffe-labs-collection-center-zaina-diagnostics-diagnostic-centre-bhaderwah-doda-169307/Home?utm_source=locator&utm_medium=bing"",""https://redcliffelabs.com/centre/redcliffe-labs-collection-center-bhavya-diagnostics-center-diagnostic-centre-muthi-jammu-165508/Home?utm_source=locator&utm_medium=bing"",""https://redcliffelabs.com/jammu"",""https://redcliffelabs.com/jammu/channi-himmat"",""https://red"
9,0.819,stress_test_desert_call,"[""high_care_gap"", ""high_health_need"", ""high_trust_gap"", ""higher_uncertainty_level"", ""wide_rate_confidence_intervals"", ""small_observed_facility_sample"", ""high_critical_supply_gap_rate""]",Uttar Pradesh,Bahraich ,real_desert_candidate,1,0.6167374881964117,0.7664323391557997,0.8999999999999999,0.7189967762345502,0.73,higher,0.7935,0.95,1.0,0.20654329147389294,1.0,1.0,0.20654329147389294,1.0,0.0,0.0,0.7934567085261071,0.0,0.0,0.7934567085261071,0.0,0.0,0.7934567085261071,Bahraich Diagnostic Centre,"Diagnostic center located in Bahraich, Uttar Pradesh, India. | [""familyMedicine"",""pathology"",""radiology"",""familyMedicine""] | [""Executive Full Body Health Checkup (127 tests) includes Complete Urine Analysis, Toxic Elements, Complete Hemogram, Iron Deficiency, Diabetes, Renal, Lipid, Liver, Electrolytes, Thyroid, and Vitamin panels"",""Extensive Checkup with All 14 Vitamins (127 tests) includes Cancer Markers, Cardiac Risk Markers, Complete Hemogram, Urinogram, Diabetes, Electrolytes, Vitamins, and other panels"",""Aarogyam Basic (66 tests) includes Lipid, Thyroid, Diabetic, Iron Deficiency, CBC Hemogram, Kidney, Vitamin, Liver"",""Aarogyam Advanced (78 tests) includes Lipid, Thyroid, Diabetic, Iron Deficiency, Liver, CBC Hemogram, Kidney, Vitamin, Cardiac Risk Markers, Elements"",""Senior Citizen Profile Male (127 tests) includes Cancer Markers, Cardiac Risk Markers, Complete Hemogram, Complete ","[""https://www.facebook.com/102005698355801"",""https://www.diagnosticcentres.in/diagnostic-centres/uttar-pradesh/bahraich/bahraich-diagnostic-centre-.html"",""https://www.mediyaar.com/bahraich/labs/rahat-digital-x-ray-pathology-brahmnipura.html"",null]"
10,0.8147,uncertainty_band_reduction,"[""high_care_gap"", ""high_trust_gap"", ""higher_uncertainty_level"", ""wide_rate_confidence_intervals"", ""small_observed_facility_sample"", ""high_critical_supply_gap_rate""]",Arunachal Pradesh,East Kameng ,supply_record_quality_problem,1,0.5322828139754484,0.7199822683342698,0.9999999999999999,0.664101237990924,0.569,higher,0.7935,0.95,1.0,0.20654329147389294,1.0,1.0,0.20654329147389294,1.0,0.0,0.0,0.7934567085261071,0.0,0.0,0.7934567085261071,0.0,0.0,0.7934567085261071,District Hospital Seppa,"District Hospital Seppa is a government-recognized healthcare facility located in East Kameng district, Arunachal Pradesh. It provides comprehensive healthcare services and is empanelled under Ayushman Bharat – PM-JAY. | [""internalMedicine"",""generalSurgery"",""orthopedicSurgery"",""pediatrics"",""dentistry"",""pulmonology"",""gynecologyAndObstetrics"",""internalMedicine"",""internalMedicine"",""infectiousDiseases"",""preventiveMedicine"",""internalMedicine"",""internalMedicine"",""internalMedicine""] | [""Immunization outreach session conducted in Pachan Morang Colony, East Kameng district, Arunachal Pradesh."",""""] | [""""] | [""District Hospital Seppa is officially empanelled under Ayushman Bharat – PMJAY scheme in East Kameng, Arunachal Pradesh."",""The hospital offers cashless and paperless treatment under PM-JAY for eligible patients across diagnostic services, medications, surgeries, ICU care and hospitalization.""","[""https://ayushmancardhospitals.com/district-hospital-seppa-east-kameng-arunachal-pradesh/"",""https://www.justdial.com/Kurung-Kumey/Hospitals-in-Koloriang/nct-10253670"",""https://www.instagram.com/p/DQ57o4nkkLT/"",""https://www.facebook.com/197289837582337"",""https://www.drlogy.com/ayushman-bharat/hospitals/arunachal-pradesh/east-kameng/district-hospital-seppa"",""https://eldercare.nears.me/places/district-hospital-seppa-elder-care-guide/"",null]"
11,0.8124,stress_test_desert_call,"[""high_care_gap"", ""high_health_need"", ""high_trust_gap"", ""higher_uncertainty_level"", ""wide_rate_confidence_intervals"", ""small_observed_facility_sample"", ""high_critical_supply_gap_rate""]",Gujarat,Tapi ,real_desert_candidate,2,0.7114612842304059,0.7780445970149823,0.85,0.7238870817133266,0.73,higher,0.719,0.9,1.0,0.34237195288961925,1.0,0.5,0.09452865480086614,0.9054713451991339,0.0,0.0,0.6576280471103807,0.5,0.09452865480086614,0.9054713451991339,0.0,0.0,0.6576280471103807,Mamta Hospital; Arihant Imaging Centre,"Study Centre for OBS-GYN Courses (OBS-GYN) under NARCHI | [""gynecologyAndObstetrics"",""gynecologyAndObstetrics"",""internalMedicine"",""internalMedicine"",""internalMedicine"",""gastroenterology"",""internalMedicine"",""internalMedicine"",""internalMedicine"",""internalMedicine"",""internalMedicine"",""internalMedicine"",""dentistry"",""internalMedicine"",""internalMedicine"",""internalMedicine"",""internalMedicine"",""pediatrics"",""internalMedicine"",""internalMedicine"",""orthopedicSurgery"",""gynecologyAndObstetrics"",""orthopedicSurgery"",""internalMedicine"",""internalMedicine"",""internalMedicine"",""internalMedicine"",""internalMedicine"",""gynecologyAndObstetrics"",""reproductiveEndocrinologyAndInfertility"",""internalMedicine"",""internalMedicine"",""familyMedicine"",""internalMedicine"",""internalMedicine"",""gynecologyAndObstetrics"",""internalMedicine"",""internalMedicine"",""gynecologyAndObstetrics"",""reproductiveEndocrinologyAndInfertility"",""inter","[""https://narchi.org/academics/study-centres/study-centres-for-obs-gyn-courses/"",""https://www.practo.com/surat/clinic/dr-kadel-s-the-dental-care-adajan-dn"",""https://www.justdial.com/Surat/Pathology-Labs/nct-10356131"",""https://www.medicineindia.org/hospitals-in-state/gujarat"",""https://www.practo.com/surat/clinic/pooja-clinic-adajan-dn"",""http://www.onefivenine.com/india/Listing/Town/hospitals/Surat/Songadh"",""http://www.onefivenine.com/india/Listing/Town/hospitals/Mahesana/Bechraji"",""https://www.practo.com/surat/clinic/aamanyahospital-adajan-dn"",""https://www.practo.com/surat/clinic/tavethiya-dental-care-varachha-road"",""https://www.practo.com/surat/clinic/crystal-retina-care-majura-gate"",""https://www.practo.com/surat/clinic/dental-planet-adajan-dn"",""https://www.insurancedekho.com/health-insurance/new-india/network-hospitals-in-surat/8"",""https://www.practo.com/surat/clinic/bavishi-fertility-i"
12,0.8116,stress_test_desert_call,"[""high_care_gap"", ""high_trust_gap"", ""higher_uncertainty_level"", ""wide_rate_confidence_intervals"", ""small_observed_facility_sample"", ""high_critical_supply_gap_rate""]",Punjab,Tarn Taran ,real_desert_candidate,1,0.5929532577903682,0.7533510124324758,0.8999999999999999,0.703537026470622,0.73,higher,0.7935,0.95,1.0,0.20654329147389294,1.0,1.0,0.20654329147389294,1.0,0.0,0.0,0.7934567085261071,0.0,0.0,0.7934567085261071,0.0,0.0,0.7934567085261071,Dr. Khurana's Multispeciality Dental Clinic Tarn Taran,"Dr. Khurana's Multispeciality Dental Clinic & Implant Centre operates a CBCT imaging facility (Scan - OPG, CBCT Centre) in Tarn Taran, Punjab, India, and is a multispeciality dental clinic with implant services. | [""familyMedicine"",""familyMedicine"",""dentistry"",""familyMedicine"",""dentistry"",""oralAndMaxillofacialSurgery"",""familyMedicine"",""dentistry"",""radiology"",""familyMedicine""] | [""Operates as a dental clinic and implant centre"",""Provides dental implant services"",""Dental implant services"",""CBCT imaging for dental diagnostics"",""Performs CBCT imaging for dental diagnostics"",""Performs digital crown fabrication using an intraoral scanner""] | [""CBCT imaging system"",""CBCT imaging equipment"",""Intraoral scanner""] | [""Specializes in dental implants"",""Dental clinic and implant center"",""CBCT imaging service as part of a dental imaging center"",""Provides dental imaging in 3D volumetric data in axial, s","[""https://www.joonsquare.com/clinics/dr-khurana-s-multispeciality-dental-clinic-tarn-taran"",""https://www.facebook.com/p/Dr-Khuranas-Dental-clinic-and-Scan-OpgCBCT-Centre-100077168749501/"",""https://www.facebook.com/267874563808367"",""https://www.facebook.com/p/Dr-Khuranas-Multispeciality-Dental-Clinic-Implant-Centre-100064075118728/"",""https://www.facebook.com/110044841566867"",null]"
13,0.8092,uncertainty_band_reduction,"[""high_care_gap"", ""high_trust_gap"", ""higher_uncertainty_level"", ""wide_rate_confidence_intervals"", ""small_observed_facility_sample"", ""high_critical_supply_gap_rate""]",Uttar Pradesh,Balrampur ,supply_record_quality_problem,1,0.5147544853635505,0.710341687597726,0.9999999999999999,0.6527078243931904,0.609,higher,0.7935,0.95,1.0,0.20654329147389294,1.0,1.0,0.20654329147389294,1.0,0.0,0.0,0.7934567085261071,0.0,0.0,0.7934567085261071,0.0,0.0,0.7934567085261071,Dev Eye Hospital (Dr Arun Pathak),"Dev Eye Hospital (Dr Arun Pathak) is listed as an eye hospital/clinic in Balrampur, Uttar Pradesh. | [""ophthalmology"",""glaucomaOphthalmology"",""retinaAndVitreoretinalOphthalmology"",""oculoplasticsAndReconstructiveOrbitalSurgery"",""eyeTraumaAndEmergencyEyeCare"",""internalMedicine"",""internalMedicine"",""ophthalmology"",""internalMedicine"",""internalMedicine"",""internalMedicine"",""internalMedicine"",""ophthalmology"",""internalMedicine"",""ophthalmology"",""cataractAndAnteriorSegmentSurgery"",""glaucomaOphthalmology"",""internalMedicine"",""ophthalmology"",""glaucomaOphthalmology"",""cataractAndAnteriorSegmentSurgery"",""internalMedicine"",""internalMedicine"",""internalMedicine""] | [""Glaucoma surgery is offered"",""Oculoplastic surgery is offered"",""Diabetic retinopathy treatments are offered"",""Retina examination is performed"",""Cataract Surgery With Advanced Phaco Techniques"",""Glaucoma Screening and Treatment"",""Eye Infection C","[""https://www.justdial.com/Balrampur/Dev-Eye-Hospital-Dr-Arun-Pathak-Near-Indian-Bank-Imiliya-Branch-Rafi-Nagar/9999P5263-5263-210916001555-K5H5_BZDET"",""https://www.facebook.com/108721217615848"",""https://www.mappls.com/place-dev+eye+hospital-branch-national+medical+agency+near+allahabad+bank+imiliya-rafi+nagar-utraula-uttar+pradesh-271604-8LSH9H@zdata=MjcuMzExNjM5KzgyLjQxNTA2OCsxNys4TFNIOUgrK25yed"",""https://www.facebook.com/p/DEV-EYE-Hospital-100064108207696/"",""https://www.facebook.com/159194437285176"",""http://www.onefivenine.com/india/Listing/Town/hospitals/Kannauj/Chhibramau"",""https://deveyehospital.in/dr-arun-pathak-dev-eye-hospital-utraula-district-balrampur-uttar-pradesh/"",""https://www.facebook.com/100064108207696/"",""https://deveyehospital.in/"",""https://www.facebook.com/102079615251154"",""http://deveyehospital.in/"",null,null,null,null,null]"
14,0.8091,stress_test_desert_call,"[""high_care_gap"", ""high_trust_gap"", ""higher_uncertainty_level"", ""wide_rate_confidence_intervals"", ""small_observed_facility_sample"", ""high_critical_supply_gap_rate""]",Assam,Udalguri ,real_desert_candidate,1,0.5849268177525968,0.7489364704117014,0.8999999999999999,0.6983198404460704,0.697,higher,0.7935,0.95,1.0,0.20654329147389294,1.0,1.0,0.20654329147389294,1.0,0.0,0.0,0.7934567085261071,0.0,0.0,0.7934567085261071,0.0,0.0,0.7934567085261071,Udalguri Civil Hospital,"DSRC (District STI and Reference Centre) Udalguri Civil Hospital | [""internalMedicine"",""internalMedicine"",""internalMedicine"",""internalMedicine"",""internalMedicine"",""internalMedicine"",""internalMedicine"",""internalMedicine"",""internalMedicine"",""internalMedicine"",""internalMedicine"",""internalMedicine"",""clinicalPathology"",""radiology""] | ["""",""Provides clinical pathology laboratory testing""] | [""""] | [""Udalguri Civil Hospital is listed as a DSRC in Assam"",""Government hospital"",""Emergency department available"",""Specialization: General Medicine"",""Specialization: Medical Oncology"",""Specialization: Mental Disorders Packages"",""Specialization: Neo Natal"",""Specialization: Obstetrics & Gynecology"",""Specialization: Opthalmology"",""Specialization: Orthopaedics"",""Specialization: Otorhinolaryngology"",""Specialization: Paediatric Medical Management"",""Empanelled under AB-PMJAY (Ayushman Bharat Pradhan Mantri Jan ","[""https://atalamritabhiyan.assam.gov.in/about-us/district-officials"",""https://asacs.assam.gov.in/information-services/detail/list-of-dsrcs-in-assam"",""https://10bedicu.org/state-assam"",""https://nhm.assam.gov.in/portlets/national-mental-health-programme"",""https://www.mappls.com/place-udalguri+civil+hospital-barnagaon-po+ps+udalguri-sapkhaiti+bher-udalguri-assam-784509-SBQXB2@zdata=MjYuNzUzMjQ0KzkyLjA4NzAzNSsxNytTQlFYQjIrK25yed"",""https://mapcarta.com/N7153386758"",""https://www.mappls.com/place-udalguri+civil+hospital-sankar+nagar+road-barnagaon-udalguri-assam-784550-di6jkb@zdata=MjYuNzE5ODY5KzkyLjA3ODU2NCsxNytkaTZqa2IrKw==ed"",""https://www.facebook.com/278936252529125"",""https://pincodes.info/in/Assam/Darrang/Udalguri/UDALGURI-CIVIL-HOSPITAL/"",""https://www.facebook.com/101328314869205"",""https://www.facebook.com/atalamritabhiyanassam/posts/udalguri-civil-hospital-udalguri-is-empanelled-under-ab"
15,0.8083,stress_test_desert_call,"[""high_care_gap"", ""high_trust_gap"", ""higher_uncertainty_level"", ""wide_rate_confidence_intervals"", ""small_observed_facility_sample"", ""high_critical_supply_gap_rate""]",Uttar Pradesh,Shamli ,real_desert_candidate,1,0.582389046270066,0.7475406960963096,0.8999999999999999,0.6966702889824254,0.695,higher,0.7935,0.95,1.0,0.20654329147389294,1.0,1.0,0.20654329147389294,1.0,0.0,0.0,0.7934567085261071,0.0,0.0,0.7934567085261071,0.0,0.0,0.7934567085261071,Dr Chikara Dental Care and Implant Centre,"Dental Clinic | [""dentistry"",""familyMedicine"",""dentistry"",""familyMedicine"",""dentistry"",""dentistry"",""aestheticDentistry"",""dentistry"",""endodontics"",""orthodontics"",""prosthodontics""] | [""Root canal treatment (RCT)"",""Fixed prosthodontics""] | [""Dental chair with delivery system"",""Overhead dental light"",""Dental cabinets and instrument trays""] | [""Dental clinic"",""The facility is named 'Chikara Dental Care And Implant Centre'."",""Operates as a cosmetic dentistry practice."",""Located in Shamli, Uttar Pradesh, India."",""Maintains a Facebook presence under the name 'Chikara Dental Care'."",""Current status: Closed now."",""Cosmetic dentistry practice"",""Outpatient dental clinic"",""Located in Shamli, Uttar Pradesh, India"",""Has 19 years in healthcare"",""Rated 4.4 on JustDial""]","[""https://www.justdial.com/Shamli/Chikara-Dental-Care-Adjacent-Dr-Verma-Skin-Clinic-Shamli/9999P1318-1318-121017132442-T6W7_BZDET/photos"",""https://www.mappls.com/place-chikara+dental+care-adjacent+verma+skin+clinic-hanuman+tilla+road-near+verma+market-turn-shamli-uttar+pradesh-247776-xsq33i@zdata=MjkuNDQ1NjAyKzc3LjMxMDQ2KzE3K3hzcTMzaSsred"",""https://www.facebook.com/DrSharadChikara1/"",""https://www.facebook.com/1028797650579652"",""https://www.justdial.com/Shamli/Dr-Chikara-Dental-Care-and-Implant-Centre-Shamli/9999P1318-1318-121017132442-T6W7_BZDET"",null]"
16,0.8076,uncertainty_band_reduction,"[""high_care_gap"", ""high_trust_gap"", ""higher_uncertainty_level"", ""wide_rate_confidence_intervals"", ""small_observed_facility_sample"", ""high_critical_supply_gap_rate""]",Karnataka,Chamarajanagar ,supply_record_quality_problem,1,0.5095609065155807,0.7074852192313428,0.9999999999999999,0.64933199814201,0.568,higher,0.7935,0.95,1.0,0.20654329147389294,1.0,1.0,0.20654329147389294,1.0,0.0,0.0,0.7934567085261071,0.0,0.0,0.7934567085261071,0.0,0.0,0.7934567085261071,Janani Hospital,"Open 24 Hrs | [""internalMedicine"",""internalMedicine"",""internalMedicine"",""internalMedicine"",""internalMedicine"",""internalMedicine"",""internalMedicine"",""internalMedicine"",""internalMedicine"",""internalMedicine"",""internalMedicine"",""internalMedicine"",""anesthesia"",""internalMedicine""] | ["""","""","""",""Provides maternity services including childbirth"",""Provides neonatal care within a neonatal unit""] | [""Ultrasound machine AY-15CUK"",""Ultrasound machine LOGIQ-V5"","""",""Neonatal incubator in NICU"",""Neonatal monitoring equipment""] | [""Private hospital"",""Maternity and child care center"",""Open 24 hours"",""Located in Raichur"",""Has 9 years in healthcare"",""Janani Hospital is listed in the Kollegala emergency directory under Hospitals / Private Nursing Home / Doctors / Clinics category"",""Janani Hospital is referenced in the Emergency Numbers section for Kollegala (Emergency Numbers in Kollegala)"",""Private Hospital""","[""http://www.pcpndt.karnataka.gov.in/PvtGovtCentresHomepage.aspx?unitid=4UQ15ZdC2EvQshvLkmfipw==&role=Tg3R3dzL5d8qh2W0SyphdQ==&DistWiseCount=mELirpUhRYksFj7k8/XBcQ==&PvtGovt=nBg+oK7HWWeZVo4G1oAzng=="",""https://www.justdial.com/Raichur/Sonography-Centres-in-Mantralaya-Road-Raichur/nct-10445063"",""http://kollegala.nammuru.com/"",""http://www.pcpndt.karnataka.gov.in/PvtGovtCentresHomepage.aspx?unitid=4B1QmJBAsAaLln5kYbI+JA==&role=Tg3R3dzL5d8qh2W0SyphdQ==&DistWiseCount=mELirpUhRYksFj7k8/XBcQ==&PvtGovt=nBg+oK7HWWeZVo4G1oAzng=="",""https://www.medindia.net/directories/hospitals/holycross-hospital-chamarajanagar-karnataka-88341.htm"",""https://www.policybazaar.com/network-hospitals/sbi-general-hospitals-karnataka-raichur/"",""https://www.justdial.com/Raichur/Multispeciality-Hospitals-in-M-G-Road-Raichur/nct-10547585"",""https://www.facebook.com/568466393357390"",""https://www.medindia.net/directories/hospita"
17,0.8066,stress_test_desert_call,"[""high_care_gap"", ""high_trust_gap"", ""higher_uncertainty_level"", ""wide_rate_confidence_intervals"", ""small_observed_facility_sample"", ""high_critical_supply_gap_rate""]",Bihar,Kaimur (Bhabua) ,real_desert_candidate,1,0.5769003777148253,0.7445219283909272,0.8999999999999999,0.6931026544215191,0.756,higher,0.7935,0.95,1.0,0.20654329147389294,1.0,1.0,0.20654329147389294,1.0,0.0,0.0,0.7934567085261071,0.0,0.0,0.7934567085261071,0.0,0.0,0.7934567085261071,Kush Eye Care,"Kush Eye Care is in Bhabua - kaimur. | [""familyMedicine"",""internalMedicine"",""ophthalmology"",""internalMedicine""] | [""Kush Eye Care does not list specific clinical procedures in the provided content.""] | [""No specific medical equipment is mentioned in the provided content.""] | [""Hospital"",""Eye care specialty"",""Located in Bhabua, Kaimur, Bihar, India"",""Kush Eye Care was founded in 2023 by Dr Jeevan, who is an ophthalmic officer."",""Dr Jeevan previously worked at Eye Q Superspecialty Eye Hospital Hisar."",""Dr Jeevan previously worked at Centre for Sight New Delhi as a pediatric clinical optometrist."",""Dr Jeevan previously worked at Sarvodaya Health Care Faridabad as a Consultant.""]","[""https://www.justdial.com/Kaimur/Kush-Eye-Care-Opposite-Sadar-Thana/9999P6189-6189-231214171020-F1F8_BZDET/photos"",""https://www.facebook.com/100094534347363/"",""https://www.facebook.com/113144791849223"",""http://jeevankushwaha.website3.me/"",null]"
18,0.8056,uncertainty_band_reduction,"[""high_care_gap"", ""high_trust_gap"", ""higher_uncertainty_level"", ""wide_rate_confidence_intervals"", ""small_observed_facility_sample"", ""high_critical_supply_gap_rate""]",Jammu & Kashmir,Pulwama ,supply_record_quality_problem,1,0.5030099150141644,0.7038821739055636,0.9999999999999999,0.6450738536660894,0.545,higher,0.7935,0.95,1.0,0.20654329147389294,1.0,1.0,0.20654329147389294,1.0,0.0,0.0,0.7934567085261071,0.0,0.0,0.7934567085261071,0.0,0.0,0.7934567085261071,District Hospital Pulwama,"OP / IP hospital; specialised in cancer and non-cancer; morphine not available | [""internalMedicine"",""internalMedicine"",""internalMedicine"",""internalMedicine"",""internalMedicine"",""pathology"",""internalMedicine"",""internalMedicine"",""obstetricsAndMaternityCare"",""gynecologyAndObstetrics"",""maternalFetalMedicineOrPerinatology"",""neonatologyPerinatalMedicine"",""gastroenterology"",""infectiousDiseases"",""neurology"",""ophthalmology"",""otolaryngology"",""generalSurgery"",""anesthesia"",""nephrology"",""pathology"",""radiology"",""emergencyMedicine"",""internalMedicine"",""internalMedicine"",""preventiveMedicine"",""internalMedicine"",""emergencyMedicine"",""criticalCareMedicine"",""internalMedicine"",""internalMedicine"",""familyMedicine"",""internalMedicine"",""internalMedicine"",""internalMedicine"",""familyMedicine""] | [""Ozone therapy for chronic pain management"",""Interventional procedures for cancer pain relief"",""Palliative care services fo","[""https://pulwama.gov.in/public-utility-category/hospitals/"",""https://palliumindia.org/clinics/jammukashmir"",""https://www.facebook.com/kashmirtreasure/posts/dr-tariq-ahmad-padderdr-tariq-ahmad-padder-is-a-distinguished-consultant-physici/1297200862426184/"",""https://risingkashmir.com/healing-beyond-boundaries-pulwama-hospital-honours-dr-yousuf-taks-national-triumph/"",""https://www.mappls.com/vb0b2y"",""https://www.facebook.com/248284531699877"",""https://www.drlogy.com/ayushman-bharat/hospitals/jammu-and-kashmir/pulwama/district-hospital-pulwama"",""https://www.proceed.fit/clinic/THE-HOPE-CLINICS-PULWAMA-192301"",""https://www.newsday.co.zw/2021/01/india-covid19-vaccination-drive-launched/"",""https://en.wikipedia.org/wiki/District_Hospital_Pulwama"",""https://www.facebook.com/101293188905932"",""https://x.com/dhpulwama1"",""https://www.proceed.fit/clinic/THE-HOPE-CLINICS-PULWAMA-192301"",""http://www.onefi"
19,0.8055,stress_test_desert_call,"[""high_care_gap"", ""high_health_need"", ""high_trust_gap"", ""higher_uncertainty_level"", ""wide_rate_confidence_intervals"", ""small_observed_facility_sample""]",Odisha,Kendujhar ,real_desert_candidate,1,0.7144711992445704,0.820185880232287,0.7,0.7825236884158533,0.791,higher,0.7935,0.95,1.0,0.20654329147389294,1.0,0.0,0.0,0.7934567085261071,0.0,0.0,0.7934567085261071,1.0,0.20654329147389294,1.0,1.0,0.20654329147389294,1.0,Malkangiri District Headquarters Hospital,"NHRC took cognisance of a case of alleged medical negligence at the Malkangiri district headquarters hospital (DHH) in Odisha, where a seven-year-old girl died due to delayed treatment for a head injury. | [""internalMedicine"",""emergencyMedicine"",""internalMedicine"",""internalMedicine"",""internalMedicine"",""internalMedicine"",""internalMedicine"",""internalMedicine"",""internalMedicine"",""internalMedicine"",""internalMedicine"",""internalMedicine"",""generalSurgery"",""internalMedicine"",""internalMedicine"",""internalMedicine"",""internalMedicine"",""internalMedicine"",""internalMedicine"",""generalSurgery"",""orthopedicSurgery"",""ophthalmology"",""pediatrics"",""otolaryngology"",""gynecologyAndObstetrics"",""dermatology"",""radiology"",""anesthesia"",""pulmonology"",""emergencyMedicine"",""internalMedicine"",""internalMedicine"",""emergencyMedicine"",""criticalCareMedicine"",""pathology"",""generalSurgery"",""internalMedicine"",""generalSurgery"",""gast","[""https://timesofindia.indiatimes.com/city/bhubaneswar/nhrc-takes-cognisance-of-medical-negligence-in-malkangiri-hospital-after-childs-death/articleshow/125949045.cms"",""https://eblood.odisha.gov.in/"",""https://health.odisha.gov.in/en/healthinstitutes/first-referal-units"",""https://health.odisha.gov.in/en/healthinstitutes/first-referal-units"",""https://eblood.odisha.gov.in/"",""https://eblood.odisha.gov.in/"",""https://health.odisha.gov.in/en/healthinstitutes/first-referal-units"",""https://eblood.odisha.gov.in/"",""https://rtiodisha.gov.in/Pages/printAllManual/office_id:1697/lang"",""https://odishatourism.gov.in/content/tourism/en/dot/visitors-information/hospitals-list.html"",""http://wikimapia.org/10595062/gupta-diagnostic"",""https://openknowledge.worldbank.org/bitstreams/a4c16ece-4eb1-5b28-af66-c5c4f097ad9a/download"",""https://journals.lww.com/ijcm/fulltext/2023/48050/the_pattern_of_health_seeking_beh"
20,0.8037,uncertainty_band_reduction,"[""high_care_gap"", ""high_trust_gap"", ""higher_uncertainty_level"", ""wide_rate_confidence_intervals"", ""small_observed_facility_sample"", ""high_critical_supply_gap_rate""]",Assam,Kokrajhar ,supply_record_quality_problem,1,0.49710812086874406,0.7006361871255826,0.9999999999999999,0.6412376874715662,0.549,higher,0.7935,0.95,1.0,0.20654329147389294,1.0,1.0,0.20654329147389294,1.0,0.0,0.0,0.7934567085261071,0.0,0.0,0.7934567085261071,0.0,0.0,0.7934567085261071,Balajan Block Primary Health Centre,"Block Primary Health Center (BPHC) located in Lakhimpur district, Assam, India. | [""familyMedicine"",""internalMedicine"",""internalMedicine"",""internalMedicine"",""familyMedicine"",""internalMedicine"",""familyMedicine"",""internalMedicine"",""internalMedicine"",""familyMedicine"",""internalMedicine"",""internalMedicine"",""pediatrics"",""publicHealth"",""familyMedicine"",""internalMedicine"",""familyMedicine"",""internalMedicine"",""familyMedicine"",""internalMedicine"",""internalMedicine"",""familyMedicine"",""internalMedicine"",""familyMedicine"",""internalMedicine"",""familyMedicine"",""internalMedicine"",""internalMedicine"",""familyMedicine"",""internalMedicine""] | [""COVID-19 vaccination was administered to health workers from Bihpuriya Block Primary Health Center (BPHC) at Laluk Model Hospital during the first day of the district's COVID-19 vaccination drive.""] | [] | [""Public CHC (Community Health Center)"",""COVID-19 vaccination sessio","[""https://www.sentinelassam.com/north-east-india-news/assam-news/list-of-covid-19-centres-in-assam-guwahati-covid-vaccine-related-faqs-521005"",""https://www.medindia.net/directories/hospitals/titabor-sd-ch-jorhat-assam-34057.htm"",""https://www.sentinelassam.com/north-east-india-news/assam-news/covid-19-vaccination-drive-starts-in-state-521084"",""http://www.onefivenine.com/india/villag/Udalguri/Bhergaon"",""https://www.medindia.net/directories/hospitals/life-line-hospital-cachar-assam-20859.htm"",""https://www.medindia.net/directories/hospitals/gauripur-hospital-dhubri-assam-1260.htm"",""https://www.medindia.net/directories/hospitals/dr-dhani-ram-baruah-heart-institute-and-research-ce-kamrup-assam-100809.htm"",""https://www.medindia.net/directories/hospitals/hgm-nursing-home-golaghat-assam-87988.htm"",""http://www.onefivenine.com/india/Listing/Town/hospitals/Kokrajhar/Kachugaon"",""https://www.medindia."
21,0.8013,stress_test_desert_call,"[""high_care_gap"", ""high_health_need"", ""high_trust_gap"", ""higher_uncertainty_level"", ""wide_rate_confidence_intervals"", ""small_observed_facility_sample"", ""high_critical_supply_gap_rate""]",Bihar,Aurangabad ,real_desert_candidate,2,0.6326133144475922,0.7346782136344348,0.95,0.6726359013544977,0.666,higher,0.6576,0.9,1.0,0.34237195288961925,1.0,1.0,0.34237195288961925,1.0,0.0,0.0,0.6576280471103807,0.0,0.0,0.6576280471103807,0.0,0.0,0.6576280471103807,Shree Ram Hospital; Care Diagnostics & Imaging,"Shree Ram Hospital is a hospital in Obra, Aurangabad district, Bihar, India. | [""internalMedicine"",""criticalCareMedicine"",""internalMedicine"",""criticalCareMedicine"",""internalMedicine"",""internalMedicine"",""headacheMedicine"",""painMedicinePMR"",""jointReconstructionSurgery"",""clinicalPathology"",""criticalCareMedicine"",""internalMedicine"",""internalMedicine"",""internalMedicine""] | ["""",""No clinical procedures are listed for SHREE GANGA RAM TRAUMA HOSPITAL PRIVATE LIMITED (OPC) in the provided content."",""Provides head pain treatment services"",""Provides fever treatment services"",""Provides joint replacement services"",""Provides hand pain treatment services"",""Provides hand joint pain treatment services"",""Provides blood testing services""] | [""""] | [""CIN: U74120BR2014OPC023389"",""State: Bihar"",""Status: Active"",""Category: Company limited by shares"",""Sub Category: Non-government company"",""Class: One Person Comp","[""http://www.onefivenine.com/india/Listing/Town/hospitals/Aurangabad/Obra"",""https://www.globalbizreport.com/SHREE-GANGA-RAM-TRAUMA-HOSPITAL-PRIVATE-LIMITED-(OPC)/U74120BR2014OPC023389/india/bihar/company-business-financial-credit-report"",""https://www.zaubacorp.com/SHREE-GANGA-RAM-TRAUMA-HOSPITAL-PRIVATE-LIMITED-OPC-U74120BR2014OPC023389"",""https://www.indiamart.com/company/61149847/"",""https://www.justdial.com/Patna/Shree-Ganga-Ram-Trauma-Hospital-Phulelpur-Meaura/0612PX612-X612-250211220306-X2D4_BZDET"",""https://www.facebook.com/592665554571278"",""https://cleartax.in/f/company/shree-ganga-ram-trauma-hospital-private-limited-opc-/U74120BR2014OPC023389/"",null]; [""https://www.facebook.com/p/Care-Diagnostics-Imaging-100087867371081/"",""http://www.thecaredx.in/"",""https://www.facebook.com/112688554989998"",null]"
22,0.8009,uncertainty_band_reduction,"[""high_care_gap"", ""high_trust_gap"", ""higher_uncertainty_level"", ""wide_rate_confidence_intervals"", ""small_observed_facility_sample"", ""high_critical_supply_gap_rate""]",Assam,Chirang ,mixed_or_monitor,1,0.558722851746931,0.7345242891085852,0.8999999999999999,0.6812872625423878,0.737,higher,0.7935,0.95,1.0,0.20654329147389294,1.0,1.0,0.20654329147389294,1.0,0.0,0.0,0.7934567085261071,0.0,0.0,0.7934567085261071,1.0,0.20654329147389294,1.0,Niramay Aesthetic & Dental Care,"OPD, IMPLANT, BRACES, COSMETOLOGY | [""dentistry"",""prosthodontics"",""familyMedicine"",""dentistry"",""aestheticDentistry"",""dentistry"",""oralAndMaxillofacialSurgery"",""familyMedicine"",""dentistry""] | [""Dental implant procedures"",""Orthodontic braces installation"",""Cosmetic dentistry procedures""] | [] | [""Oral Maxillofacial Prosthetic Clinic"",""Multi-speciality Clinic"",""Dr. Tauhid Ahmed, BDS, dental surgeon on staff"",""Dr. Tauhid Ahmed has 7 years of experience"",""Provides outpatient dental services (OPD)"",""Dental implant services"",""Orthodontic services (braces)"",""Cosmetology services"",""Specialized oral maxillofacial prosthetic clinic"",""Multi-speciality clinic"",""Dr. Tauhid Ahmed, BDS, a dental surgeon with 7 years of experience on staff"",""Operates as a dental care facility named Niramay Aesthetic & Dental Care in Bongaigaon, Assam"",""Listed under the 'dentist' category on dentalimplantprice.in""]","[""https://www.facebook.com/Dentonir/"",""https://www.practo.com/bongaigaon/clinic/niramay-aesthetic-dental-care-kajalgaon/about"",""https://www.facebook.com/108530484075971"",""https://www.practo.com/bongaigaon/clinic/niramay-aesthetic-dental-care-kajalgaon/dentist-ps-8"",""https://dentalimplantprice.in/niramay-aesthetic-dental-care/"",null]"
23,0.7999,stress_test_desert_call,"[""high_care_gap"", ""high_health_need"", ""high_trust_gap"", ""higher_uncertainty_level"", ""wide_rate_confidence_intervals"", ""small_observed_facility_sample""]",Jharkhand,Simdega ,real_desert_candidate,1,0.6259442870632672,0.7714960785325702,0.7999999999999999,0.7249811954980063,0.743,higher,0.7935,0.95,1.0,0.20654329147389294,1.0,0.0,0.0,0.7934567085261071,0.0,0.0,0.7934567085261071,1.0,0.20654329147389294,1.0,0.0,0.0,0.7934567085261071,Shanti Bhawan Medical Center,"Shanti Bhawan Medical Center is a 100-bed modern hospital located in the remote village of Simdega District. This hospital was inaugurated in Feb 2014. | [""internalMedicine"",""internalMedicine"",""internalMedicine"",""internalMedicine""] | [] | [] | [""Shanti Bhawan Medical Center is a 100-bed hospital located in the remote village of Simdega District."",""Inaugurated in February 2014."",""Has 100 beds"",""Located in the remote village of Simdega District"",""Opened in February 2014"",""Provides 24/7 emergency care"",""Specializes in Burns Management"",""Specializes in General Medicine"",""Specializes in Neonatal care"",""Specializes in Obstetrics & Gynecology"",""Specializes in Orthopaedics"",""Specializes in Otorhinolaryngology"",""Specializes in Paediatric Medical Management"",""Specializes in Plastic & Reconstructive"",""Specializes in Urology""]","[""https://www.facebook.com/sbmc2014sbmcet/"",""https://simdega.nic.in/en/public-utility/shanti-bhavan-medical-center/"",""https://www.facebook.com/432544430826862"",""https://www.mappls.com/place-shanti+bhavan+medical+centre-simdega-simdega+district-jharkhand-835228-COQ565@zdata=MjIuNjc1Mzg3Kzg0LjU0MzYxNCsxNytDT1E1NjUrK25yed"",null]"
24,0.7966,uncertainty_band_reduction,"[""high_care_gap"", ""high_trust_gap"", ""higher_uncertainty_level"", ""wide_rate_confidence_intervals"", ""small_observed_facility_sample"", ""high_critical_supply_gap_rate""]",Uttar Pradesh,Firozabad ,mixed_or_monitor,1,0.5448536355051936,0.7268962201756297,0.8999999999999999,0.6722722719852584,0.618,higher,0.7935,0.95,1.0,0.20654329147389294,1.0,1.0,0.20654329147389294,1.0,0.0,0.0,0.7934567085261071,0.0,0.0,0.7934567085261071,1.0,0.20654329147389294,1.0,Om Hospital,"Nearby healthcare centre in Sector 57, Noida (as listed on Sector 57 locality page). | [""gynecologyAndObstetrics"",""internalMedicine"",""internalMedicine"",""gynecologyAndObstetrics"",""internalMedicine"",""internalMedicine"",""ophthalmology"",""internalMedicine"",""internalMedicine"",""generalSurgery"",""colorectalSurgery"",""plasticSurgery"",""gynecologyAndObstetrics"",""pediatrics"",""internalMedicine"",""orthopedicSurgery"",""otolaryngology"",""painMedicinePMR"",""dermatology"",""endocrinologyAndDiabetesAndMetabolism"",""ophthalmology"",""urology"",""physicalMedicineAndRehabilitation"",""psychiatry"",""criticalCareMedicine"",""internalMedicine"",""internalMedicine"",""pathology"",""urology"",""internalMedicine"",""internalMedicine"",""internalMedicine"",""internalMedicine"",""dentistry"",""orthodontics"",""internalMedicine"",""internalMedicine"",""oralAndMaxilloFacialSurgery"",""internalMedicine"",""internalMedicine"",""internalMedicine"",""internalMedicine"",""gyn","[""https://www.lybrate.com/firozabad/doctor/dr-poonam-agarwal-gynaecologist-3"",""https://www.justdial.com/Firozabad/Pathkind-Labs-Near-Dhramkata-Firozabad-Collectorate/9999P5612-5612-230109030827-E4X6_BZDET"",""https://www.magicbricks.com/Sector-57-in-Noida-Overview"",""https://www.sulekha.com/government-general-hospitals/sitapur-road-lucknow"",""https://www.practo.com/noida/hospital/tirupati-eye-centre-2-sector-33-1"",""https://www.practo.com/noida/hospital/sjm-super-speciality-hospital-sector-63"",""https://omhospitalindia.com/about-us/"",""https://www.facebook.com/1760210657551884"",""https://www.mappls.com/place-pathkind+labs-om+hospital-sn+road-near+bajrang+dharam+kanta-telephone+colony-firozabad-uttar+pradesh-283203-ws6l1k@zdata=MjcuMTUxOTEzKzc4LjM4ODkwNCsxNyt3czZsMWsrKw==ed"",""https://www.justdial.com/Noida/Om-Hospital-Near-Main-Road-Opposite-Sector-67-Noida-Sector-66/011PXX11-XX11-171218161249-S8"
25,0.7951,uncertainty_band_reduction,"[""high_care_gap"", ""high_trust_gap"", ""higher_uncertainty_level"", ""wide_rate_confidence_intervals"", ""small_observed_facility_sample"", ""high_critical_supply_gap_rate""]",Assam,Hojai ,mixed_or_monitor,1,0.5399551463644948,0.7242020511482454,0.8999999999999999,0.6690882540438042,0.698,higher,0.7935,0.95,1.0,0.20654329147389294,1.0,1.0,0.20654329147389294,1.0,0.0,0.0,0.7934567085261071,1.0,0.20654329147389294,1.0,0.0,0.0,0.7934567085261071,Haji Abdul Majid Memorial Hospital,"Legal name Haji Abdul Majid Memorial Hospital and Research Center. | [""internalMedicine"",""internalMedicine"",""internalMedicine"",""internalMedicine"",""internalMedicine"",""generalSurgery"",""gynecologyAndObstetrics"",""pediatrics"",""orthopedicSurgery"",""otolaryngology"",""cardiology"",""neurology"",""urology"",""nephrology"",""gastroenterology"",""psychiatry"",""internalMedicine"",""internalMedicine"",""generalSurgery"",""anesthesiology"",""familyMedicine"",""gynecologyAndObstetrics""] | [] | [] | [""Is a charitable, nonprofit hospital"",""Has 200+ beds"",""Has 501-1,000 employees"",""Headquartered in Hojai, Assam"",""Founded in 1995 by Haji Ajmal Ali"",""Was inaugurated by Mother Teresa"",""Specialties include Surgery, Medicine, Obstetrics & Gynecology, Pediatrics, Orthology, ENT, Cardiology, Neurology, Urology, Nephrology, Gastrology, and Psychiatry""]","[""https://hfw.assam.gov.in/frontimpotentdata/list-of-blood-banks-and-donors"",""https://www.crunchbase.com/organization/hamm-hospital-research-center"",""https://www.facebook.com/hammh459/"",""https://www.facebook.com/1956823144571557"",""https://in.linkedin.com/company/haji-abdul-majid-memorial-hospital-research-centre-hamm-hospital"",""https://www.facebook.com/204588309702460"",""https://app.neetvantage.com/institutes/1340"",null]"
26,0.7949,uncertainty_band_reduction,"[""high_care_gap"", ""high_trust_gap"", ""higher_uncertainty_level"", ""wide_rate_confidence_intervals"", ""small_observed_facility_sample"", ""high_critical_supply_gap_rate""]",Himachal Pradesh,Hamirpur ,mixed_or_monitor,1,0.5393649669499527,0.7238774524702474,0.8999999999999999,0.6687046374243518,0.724,higher,0.7935,0.95,1.0,0.20654329147389294,1.0,1.0,0.20654329147389294,1.0,0.0,0.0,0.7934567085261071,0.0,0.0,0.7934567085261071,0.0,0.0,0.7934567085261071,Himalaya Arthritis and Rheumatology Centre - Palampur,"First and the only arthritis and rheumatology centre in Himachal Pradesh. | [""rheumatology"",""rheumatology"",""rheumatology"",""familyMedicine"",""rheumatology"",""internalMedicine"",""rheumatology"",""familyMedicine"",""rheumatology"",""familyMedicine""] | [] | [] | [""Specializes in rheumatology (Rheumatologist)"",""Has official website http://www.himalayarthritis.in/"",""Specializes in rheumatology and arthritis care"",""Associated with Dr Anshul Goel, a rheumatologist"",""Located in Kangra, Himachal Pradesh, India"",""Offers rheumatology services"",""Has Dr Anshul Goel, a rheumatologist on staff with MBBS, MD Medicine, Fellowship Rheumatology, SCE RHEUMATOLOGY, EULAR certified"",""Located in Kangra, Himachal Pradesh, India"",""Is the first and only arthritis and rheumatology centre in Himachal Pradesh"",""Maintains a rheumatologist on staff"",""Dr Anshul visits Aastha hospital on the first Thursday of every month"",""Operat","[""https://www.facebook.com/114711786611686"",""https://www.facebook.com/100089775585677/about/"",""https://www.facebook.com/100063830182363/"",""https://www.facebook.com/p/Himalaya-Arthritis-Centre-at-Kangra-100063830182363/"",""https://www.facebook.com/mandiaar/"",""https://www.facebook.com/mandiaar/"",""https://www.facebook.com/105349407556464"",null,null]"
27,0.7948,uncertainty_band_reduction,"[""high_care_gap"", ""high_trust_gap"", ""higher_uncertainty_level"", ""wide_rate_confidence_intervals"", ""small_observed_facility_sample"", ""high_critical_supply_gap_rate""]",Assam,Golaghat ,mixed_or_monitor,1,0.5389518413597734,0.7236502333956487,0.8999999999999999,0.6684361057907353,0.667,higher,0.7935,0.95,1.0,0.20654329147389294,1.0,1.0,0.20654329147389294,1.0,0.0,0.0,0.7934567085261071,0.0,0.0,0.7934567085261071,0.0,0.0,0.7934567085261071,Vivekananda Kendra NRL Hospital,"Multispecialty Hospital with a spiritual touch. | [""internalMedicine"",""medicalOncology"",""podiatry"",""internalMedicine"",""internalMedicine"",""internalMedicine""] | [""""] | [""""] | [""Multispecialty hospital located in Numaligarh, Golaghat district, Assam, India"",""Operates Mobile Medical Camp program via MMC Unit-1"",""On 18 April 2025, conducted a mobile medical camp at Helochi Kachupathar focusing on cervical and breast cancer self-screening and diabetic foot precautions"",""Multispecialty hospital"",""Open 24/7"",""Described as multispecialty hospital with a spiritual touch"",""Operates 24/7""]","[""https://www.facebook.com/115600024835155"",""https://www.facebook.com/p/Vivekananda-Kendra-NRL-Hospital-100091790801766/"",""https://www.crunchbase.com/organization/vivekananda-kendra-nrl-hospital"",""https://www.facebook.com/177060739696760"",null,null]"
28,0.7945,uncertainty_band_reduction,"[""high_care_gap"", ""high_trust_gap"", ""higher_uncertainty_level"", ""wide_rate_confidence_intervals"", ""small_observed_facility_sample"", ""high_critical_supply_gap_rate""]",Odisha,Nuapada ,mixed_or_monitor,1,0.5380665722379604,0.7231633353786515,0.8999999999999999,0.6678606808615568,0.639,higher,0.7935,0.95,1.0,0.20654329147389294,1.0,1.0,0.20654329147389294,1.0,0.0,0.0,0.7934567085261071,0.0,0.0,0.7934567085261071,0.0,0.0,0.7934567085261071,Community Health Centre- Boden,"Community Health Center, Suhela Dist Balodabazar-Bhatapara (C.G.) Pin 493195 | [""internalMedicine"",""familyMedicine"",""internalMedicine"",""internalMedicine"",""familyMedicine"",""internalMedicine"",""internalMedicine"",""familyMedicine"",""familyMedicine"",""internalMedicine"",""internalMedicine"",""physicalMedicineAndRehabilitation"",""internalMedicine"",""familyMedicine"",""familyMedicine"",""internalMedicine"",""familyMedicine"",""internalMedicine"",""internalMedicine"",""internalMedicine"",""internalMedicine"",""infectiousDiseases"",""internalMedicine"",""familyMedicine"",""internalMedicine"",""familyMedicine"",""internalMedicine"",""internalMedicine"",""familyMedicine"",""internalMedicine"",""internalMedicine"",""familyMedicine"",""familyMedicine"",""internalMedicine"",""familyMedicine"",""internalMedicine"",""internalMedicine""] | [""CHC Hindol was included in the Orissa Health Systems Development Project as CHC-I Hindol, a facility targeted for renov","[""https://nuapada.odisha.gov.in/directory/public-utilities/hospitals"",""https://nuapada.odisha.gov.in/directory/public-utilities/hospitals"",""https://nuapada.odisha.gov.in/directory/public-utilities/hospitals"",""https://balodabazar.gov.in/en/public-utility/community-health-center-suhela/"",""https://rtiodisha.gov.in/pa/T1RILzEyLzYwMTMvMw=="",""https://balodabazar.gov.in/en/public-utility-category/hospitals/"",""https://openknowledge.worldbank.org/bitstreams/a4c16ece-4eb1-5b28-af66-c5c4f097ad9a/download"",""http://www.onefivenine.com/india/villages/Puri/Kakat-Pur/Bangurigaon"",""https://journals.lww.com/ijcm/fulltext/2023/48050/the_pattern_of_health_seeking_behavior_among_juang.11.aspx"",""https://www.justdial.com/Berhampur-Odisha/Clinics-in-Khallikote/nct-10101647"",""http://www.onefivenine.com/india/villages/Ganjam/Khallikote/Mathura"",""http://www.onefivenine.com/india/villag/Kendrapara/Rajkanika"",""https"
29,0.7935,uncertainty_band_reduction,"[""high_care_gap"", ""high_trust_gap"", ""higher_uncertainty_level"", ""wide_rate_confidence_intervals"", ""small_observed_facility_sample"", ""high_critical_supply_gap_rate""]",Maharastra,Hingoli ,supply_record_quality_problem,1,0.4642941454202078,0.6825885006288877,0.9999999999999999,0.6199086034300176,0.63,higher,0.7935,0.95,1.0,0.20654329147389294,1.0,1.0,0.20654329147389294,1.0,0.0,0.0,0.7934567085261071,0.0,0.0,0.7934567085261071,0.0,0.0,0.7934567085261071,Urmila Hospital,"Urmila Hospital — hospital in Tasgaon, Sangli district, Maharashtra, India. | [""internalMedicine"",""internalMedicine"",""internalMedicine"",""internalMedicine"",""internalMedicine"",""dentistry"",""internalMedicine"",""internalMedicine"",""internalMedicine"",""dentistry"",""physicalMedicineAndRehabilitation"",""internalMedicine"",""internalMedicine"",""internalMedicine"",""internalMedicine""] | [""""] | [""""] | [""Located in Tasgaon, Sangli district"",""Distance from Tasgaon town center to Urmila Hospital is 7.66 km"",""Located in Tasgaon, Sangli"",""Listed among hospitals in Miraj directory"",""URMILA HOSPITAL PRIVATE LIMITED is involved in hospital activities (NIC Code 8511). Includes general and specialized hospitals."","""",""Operates 24/7""]","[""http://www.onefivenine.com/india/Places/Taluk/Sangli/Tasgaon/Hospital"",""http://www.onefivenine.com/india/Places/Taluk/Sangli/Jath/Hospital"",""https://www.onefivenine.com/india/Places/Taluk/Sangli/Kadegaon/Hospital"",""http://www.onefivenine.com/india/Places/Taluk/Sangli/Miraj/Hospital"",""https://www.zaubacorp.com/URMILA-HOSPITAL-PRIVATE-LIMITED-U85110MH2021PTC356740"",""http://www.onefivenine.com/india/Places/Taluk/Sangli/Palus/Hospital"",""https://www.justdial.com/Hingoli/Urmila-Hospital-Pvt-Ltd-Karwadi/9999P2456-2456-230329045212-F5Z8_BZDET"",""https://tracxn.com/d/legal-entities/india/urmila-hospital-private-limited/__gKGqRp4P52SagHdh1pe8uXOU4sL7wqv4uRbKfgWJBoU"",""http://www.onefivenine.com/india/Places/District/Sangli/Hospital"",""https://www.filesure.in/company/urmila-hospital-private-limited/U85110MH2021PTC356740"",""http://www.onefivenine.com/india/Places/Taluk/Sangli/Khanapur_1avita/Hospital"""
30,0.7931,stress_test_desert_call,"[""high_care_gap"", ""high_health_need"", ""high_trust_gap"", ""higher_uncertainty_level"", ""wide_rate_confidence_intervals"", ""small_observed_facility_sample""]",Odisha,Koraput ,real_desert_candidate,1,0.6040486307837581,0.7594534675788402,0.7999999999999999,0.7107490189163254,0.719,higher,0.7935,0.95,1.0,0.20654329147389294,1.0,0.0,0.0,0.7934567085261071,0.0,0.0,0.7934567085261071,1.0,0.20654329147389294,1.0,0.0,0.0,0.7934567085261071,"Asha Kiran Hospital, Lamtaput, Odisha","Asha Kiran Hospital constantly aims to bring together relational care (based on the love of Christ) with appropriate technology to serve the sick and suffering of the area. | [""surgicalOncology"",""medicalOncology"",""gynecologyAndObstetrics"",""anesthesia"",""internalMedicine"",""internalMedicine"",""internalMedicine"",""internalMedicine"",""internalMedicine"",""internalMedicine"",""internalMedicine"",""internalMedicine""] | [""Dental restoration""] | [""Wheelchair-accessible car parking"",""Wheelchair-accessible entrance and exit""] | [""Provides essential healthcare services to underprivileged individuals in remote and underserved regions"",""Laboratory testing services available"",""Provides healthcare services to Particularly Vulnerable Tribal Groups (PVTGs) in southern Odisha"",""Aims to deliver affordable, ethical, whole-person health care"",""Operates as a hospital under Asha Kiran Society"",""Care philosophy emphasize","[""https://leadtalks.org/speakers/dr-chinnababu-sunkavalli/"",""https://www.ashakiransociety.org/hospital"",""https://www.justdial.com/Koraput/Asha-Kiran-Hospital-Lamtaput/9999P6852-6852-170930143419-V1T9_BZDET"",""https://www.instagram.com/p/DSXp0bNk0jx/"",""https://www.facebook.com/246900765943665"",""https://www.cmai.org/announcements/updates/item/61-odisha.html"",""https://www.ashakiransociety.org/"",""https://www.facebook.com/133921650813698"",null,null]"
31,0.7896,stress_test_desert_call,"[""high_care_gap"", ""high_health_need"", ""high_trust_gap"", ""higher_uncertainty_level"", ""wide_rate_confidence_intervals"", ""small_observed_facility_sample"", ""high_critical_supply_gap_rate""]",Bihar,Nawada ,real_desert_candidate,2,0.6381019830028328,0.7376969813398171,0.85,0.6762035359154042,0.734,higher,0.719,0.9,1.0,0.34237195288961925,1.0,0.5,0.09452865480086614,0.9054713451991339,0.0,0.0,0.6576280471103807,1.0,0.34237195288961925,1.0,0.5,0.09452865480086614,0.9054713451991339,Satyarthi Hospital; Dharamsheela Devi Multispeciality Hospital,"Satyarthi Hospital is a 50-bed healthcare facility located in Nalanda, Bihar. Founded in 2020 by Dr. Gaurav Satyarthi, it offers ICU, NICU, critical care, ventilator support, and general medical and surgical services. The hospital provides 24x7 emergency services and round-the-clock IPD/OPD coverage with care focused on compassionate, trustworthy service. | [""cardiology"",""neurosurgery"",""medicalOncology"",""radiology"",""pathology"",""nephrology"",""criticalCareMedicine"",""generalSurgery"",""gynecologyAndObstetrics"",""orthopedicSurgery"",""urology"",""pediatrics"",""gastroenterology"",""internalMedicine"",""internalMedicine"",""internalMedicine"",""emergencyMedicine"",""criticalCareMedicine"",""generalSurgery"",""urology"",""orthopedicSurgery"",""criticalCareMedicine"",""neonatologyPerinatalMedicine"",""internalMedicine""] | [""Laparoscopy"",""Kidney transplant surgery"",""Laparoscopy surgeries"",""Transurethral resection of the prosta","[""https://www.satyarthihospital.com/"",""http://www.satyarthihospital.com/"",""https://www.justdial.com/Nalanda/Satyarthi-Hospital-Near-Powegrid-Bus-Stand-Hilsa/9999P6112-6112-201017233505-G8U3_BZDET"",""https://www.facebook.com/111890904025062"",null]; [""https://www.ddhospitals.com/"",""https://www.ddhospitals.com/"",""http://www.ddhospitals.com/"",""https://www.facebook.com/dharamsheeladevimultispecialityhospital/"",""https://www.facebook.com/102757305784131"",null]"
32,0.7893,uncertainty_band_reduction,"[""high_care_gap"", ""high_trust_gap"", ""higher_uncertainty_level"", ""wide_rate_confidence_intervals"", ""small_observed_facility_sample"", ""high_critical_supply_gap_rate""]",Himachal Pradesh,Sirmaur ,mixed_or_monitor,1,0.5215415486307837,0.7140745723947044,0.8999999999999999,0.657119415516892,0.724,higher,0.7935,0.95,1.0,0.20654329147389294,1.0,1.0,0.20654329147389294,1.0,0.0,0.0,0.7934567085261071,0.0,0.0,0.7934567085261071,0.0,0.0,0.7934567085261071,Dr Nangia's Multispeciality Dental Clinic,"Dentist clinic located in Paonta Sahib, Himachal Pradesh | [""dentistry"",""familyMedicine"",""dentistry"",""dentistry"",""familyMedicine"",""dentistry"",""dentistry""] | [] | [] | [""Provides multispeciality dental services"",""Located in Paonta Sahib, Himachal Pradesh, India"",""Is the oldest dental clinic in Paonta Sahib"",""Uses latest dental technology"",""Operates as a multispeciality dental clinic"",""Located in Sirmaur, Himachal Pradesh""]","[""https://faqet-e-verdha.cybo.com/IN/p%C4%81onta-s%C4%81hib/dentist%C3%ABt/"",""https://www.joonsquare.com/dentists/dr-nangia-s-multispeciality-dental-clinic-sirmaur"",""https://www.bharatibiz.com/en/dental-world-dental-care-center-098971-62488"",""https://www.facebook.com/871966279512302"",""https://www.proceed.fit/clinic/Kaushish-Dental-Clinic-SIRMAUR-173025"",""https://www.proceed.fit/clinic/DHIMAN-MEDICARE-SIRMAUR-173025"",null]"
33,0.7892,uncertainty_band_reduction,"[""high_care_gap"", ""high_trust_gap"", ""higher_uncertainty_level"", ""wide_rate_confidence_intervals"", ""small_observed_facility_sample"", ""high_critical_supply_gap_rate""]",Uttarakhand,Bageshwar ,mixed_or_monitor,1,0.5209513692162417,0.7137499737167063,0.8999999999999999,0.6567357988974397,0.587,higher,0.7935,0.95,1.0,0.20654329147389294,1.0,1.0,0.20654329147389294,1.0,0.0,0.0,0.7934567085261071,0.0,0.0,0.7934567085261071,1.0,0.20654329147389294,1.0,Pandey Homoeo Clinic,"Dr. Amit Pandey: Homoeopathic physician, Clinical psychology and Nutrition Expert; Owner of Pandey Homoeo Clinic. | [""familyMedicine"",""familyMedicine"",""familyMedicine"",""psychiatry"",""familyMedicine"",""familyMedicine"",""psychiatry"",""familyMedicine"",""familyMedicine"",""familyMedicine""] | [""Provides psychological counseling sessions"",""Sessions are 30 minutes long"",""Counseling sessions are available online""] | [] | [""Online appointment scheduling available via the Pandey Homoeo Clinic website"",""Offers online psychological counseling services"",""Specializes in homeopathy and provides holistic health services for all age groups"",""Offers online appointment scheduling"",""Homeopathy clinic"",""Offers online booking""]","[""https://www.pandeyhomoeoclinic.com/about-9"",""https://www.facebook.com/1062259600479546"",""https://www.pandeyhomoeoclinic.com/service-page/psychological-counseling"",""https://www.lybrate.com/bageshwar/clinic/pandey-homoeo-clinic-gagrigol"",""https://www.pandeyhomoeoclinic.com/"",""https://www.pandeyhomoeoclinic.com/contact"",""https://www.facebook.com/DrpandeyPHC/"",""https://www.facebook.com/DrpandeyPHC"",null]"
34,0.7883,uncertainty_band_reduction,"[""high_care_gap"", ""high_trust_gap"", ""higher_uncertainty_level"", ""wide_rate_confidence_intervals"", ""small_observed_facility_sample"", ""high_critical_supply_gap_rate""]",Assam,Dhemaji ,mixed_or_monitor,1,0.5180594900849859,0.7121594401945155,0.8999999999999999,0.6548560774621234,0.732,higher,0.7935,0.95,1.0,0.20654329147389294,1.0,1.0,0.20654329147389294,1.0,0.0,0.0,0.7934567085261071,0.0,0.0,0.7934567085261071,0.0,0.0,0.7934567085261071,Dhemaji Civil Hospital,"Listed as a blood bank in the List of Blood Banks in the State of Assam. | [""internalMedicine"",""internalMedicine"",""internalMedicine"",""internalMedicine"",""internalMedicine"",""internalMedicine"",""internalMedicine"",""familyMedicine"",""internalMedicine"",""internalMedicine"",""hematology"",""internalMedicine"",""internalMedicine"",""internalMedicine"",""internalMedicine"",""psychiatry"",""ophthalmology"",""otolaryngology"",""plasticSurgery"",""pediatricCardiology"",""transplantSurgery"",""maternalAndChildHealth"",""infectiousDiseases"",""internalMedicine"",""internalMedicine"",""internalMedicine"",""internalMedicine"",""infectiousDiseases"",""addictionMedicinePM"",""internalMedicine"",""internalMedicine""] | ["""",""""] | [""Operating theatre with overhead surgical lights and patient monitoring equipment"","""",""""] | [""Operates a blood bank at Dhemaji Civil Hospital"",""Listed as a blood bank in the List of Blood Banks in the State of Assam under Dhe","[""https://hfw.assam.gov.in/frontimpotentdata/list-of-blood-banks-and-donors"",""https://atalamritabhiyan.assam.gov.in/about-us/district-officials"",""https://piceapp.com/gst-number-search/h-l-l-lifecare-ltd-formeryhindustan-latex-ltd-18aaach5598k1z0/"",""https://www.sentinelassam.com/north-east-india-news/assam-news/list-of-covid-19-centres-in-assam-guwahati-covid-vaccine-related-faqs-521005"",""https://www.medindia.net/directories/hospitals/dhemaji-civil-hospital-dhemaji-assam-76546.htm"",""https://www.facebook.com/1639618316160900"",""https://mapcarta.com/N6905030101"",""https://mapcarta.com/N6905030101"",""https://www.justdial.com/Dhemaji/Modern-Diagnostic-Research-Centre/nct-16126606"",""https://www.justdial.com/Dhemaji/Dhemaji-Civil-Hospital-Bauli/9999P3753-3753-130826124653-J5C8_BZDET"",""https://asbtc.assam.gov.in/information-services/blood-bank-and-components"",""https://www.medindia.net/directories/e"
35,0.7877,uncertainty_band_reduction,"[""high_care_gap"", ""high_trust_gap"", ""higher_uncertainty_level"", ""wide_rate_confidence_intervals"", ""small_observed_facility_sample"", ""high_critical_supply_gap_rate""]",Uttar Pradesh,Sonbhadra ,mixed_or_monitor,1,0.5162299338999056,0.7111531842927215,0.8999999999999999,0.6536668659418212,0.73,higher,0.7935,0.95,1.0,0.20654329147389294,1.0,1.0,0.20654329147389294,1.0,0.0,0.0,0.7934567085261071,0.0,0.0,0.7934567085261071,0.0,0.0,0.7934567085261071,Sonebhadra Pathology Center,"Home Sample Collection | [""familyMedicine"",""pathology"",""internalMedicine"",""pathology"",""pathology""] | [""Blood group testing"",""Bilirubin testing""] | [""Compound light microscope"",""Wheel chair accessible car parking"",""Wheel chair accessible washroom"",""Waiting area""] | [""Diagnostic centre offering comprehensive pathology services in Sonebhadra"",""Home sample collection available"",""Operates as a hospital and medical laboratory"",""Engaged in medical laboratories"",""Engaged in hospital activities"",""Engaged in medical and dental practice activities"",""Offers medical clinic services"",""ISIC codes 8610, 8620, 8690"",""Operates as a medical pathology laboratory"",""Specializes in pathology testing"",""Designed to handle large volumes of samples efficiently and effectively"",""Based in Uttar Pradesh, India"",""Provides medical laboratory services."",""Identified as a professional Medical Lab."",""Located in Sonbhadra d","[""https://www.justdial.com/Robertsganj/Diagnostic-Centres/nct-10159446"",""https://www.justdial.com/Robertsganj/Sonebhadra-Pathology-Center-Robertsganj/9999P5445-5445-160111150028-E1F7_BZDET"",""https://www.bharatibiz.com/en/sonebhadra-pathology-centre-05444-222-626"",""https://www.facebook.com/505091092844865"",""https://shuru.co.in/profile/15de1598-7e04-11ee-91b3-acde48001122"",null]"
36,0.7861,uncertainty_band_reduction,"[""high_care_gap"", ""high_trust_gap"", ""higher_uncertainty_level"", ""wide_rate_confidence_intervals"", ""small_observed_facility_sample"", ""high_critical_supply_gap_rate""]",Odisha,Nayagarh ,mixed_or_monitor,1,0.51109537299339,0.7083291757941379,0.8999999999999999,0.6503294013525861,0.609,higher,0.7935,0.95,1.0,0.20654329147389294,1.0,1.0,0.20654329147389294,1.0,0.0,0.0,0.7934567085261071,0.0,0.0,0.7934567085261071,0.0,0.0,0.7934567085261071,Sai Dental Care Nayagarh,"Facilities available at Sai Dental Care: Dental Care; First Aid Kit; Tooth Care. | [""dentistry"",""endodontics"",""familyMedicine""] | [""Root canal treatment""] | [""Dental operatory features a blue dental chair with attached delivery unit and overhead light"",""Wall-mounted monitor in the dental operatory"",""Shelves with dental supplies visible in treatment room"",""Dental chairside instrument delivery unit and hoses visible in image""] | [""Open 24 Hours"",""Outpatient dental clinic"",""Specializes in root canal therapy"",""Based in Nayagarh, Odisha"",""Dental clinic""]","[""https://www.joonsquare.com/dentists/sai-dental-care-nayagarh"",""https://www.facebook.com/SaiDentalCareNayagarh/"",""https://www.mappls.com/j6tu3e"",null]"
37,0.7851,stress_test_desert_call,"[""high_care_gap"", ""high_health_need"", ""high_trust_gap"", ""higher_uncertainty_level"", ""wide_rate_confidence_intervals"", ""small_observed_facility_sample"", ""high_critical_supply_gap_rate""]",Gujarat,Narmada ,real_desert_candidate,2,0.645184135977337,0.7415921654757944,0.7999999999999999,0.6808069353488319,0.758,higher,0.7496,0.9,1.0,0.34237195288961925,1.0,0.5,0.09452865480086614,0.9054713451991339,0.0,0.0,0.6576280471103807,0.5,0.09452865480086614,0.9054713451991339,0.5,0.09452865480086614,0.9054713451991339,Anand Hospital; Shruvin Children Hospital,"Nand Hospital is listed among top clinics in Vadodara on Practo. | [""internalMedicine"",""internalMedicine"",""dentistry"",""orthodontics"",""endodontics"",""cosmeticDentistry"",""internalMedicine"",""internalMedicine"",""cardiology"",""internalMedicine"",""internalMedicine"",""internalMedicine"",""internalMedicine"",""internalMedicine"",""internalMedicine"",""internalMedicine"",""generalSurgery"",""dentistry"",""orthodontics"",""internalMedicine"",""endocrinologyAndDiabetesAndMetabolism"",""internalMedicine"",""internalMedicine"",""internalMedicine"",""urology"",""internalMedicine"",""internalMedicine"",""internalMedicine"",""gastroenterology"",""bariatricSurgery"",""generalSurgery"",""surgicalOncology"",""internalMedicine"",""gastroenterology"",""bariatricSurgery"",""surgicalOncology"",""internalMedicine"",""pediatrics"",""internalMedicine"",""internalMedicine"",""internalMedicine"",""generalSurgery"",""internalMedicine"",""internalMedicine"",""internalMedicine"",""internal","[""http://www.healthinsuranceindia.org/cashless_hospital_india/gujrat.html"",""http://www.onefivenine.com/india/Listing/Town/hospitals/Anand/Anklav"",""https://www.practo.com/vadodara/clinic/krishna-smile-align-vadodara"",""https://www.proptiger.com/ahmedabad/sarkhej-51950/hospitals"",""https://www.cardiologistindia.com/gujarat/vadodara/anand-hospital-dr-shailesh-trivedi.html"",""http://www.onefivenine.com/india/Listing/Locality/hospitals/Surat/Surat/Timaliawad"",""https://www.practo.com/vadodara/clinic/rajdeep-dental-clinic-nizampura"",""https://www.proptiger.com/vadodara/laxmipura-53551/hospitals"",""https://www.insurancedekho.com/health-insurance/religare/network-hospitals-in-surat/2"",""http://www.onefivenine.com/india/Listing/Town/hospitals/Sabar-Kantha/Idar"",""http://www.indiasite.com/Hospitals/Brain-and-Spine-Hospitals-in-Ahmedabad"",""https://www.practo.com/vadodara/clinic/royal-dental-clinic-18-manej"
38,0.7841,uncertainty_band_reduction,"[""high_care_gap"", ""high_trust_gap"", ""higher_uncertainty_level"", ""wide_rate_confidence_intervals"", ""small_observed_facility_sample"", ""high_critical_supply_gap_rate""]",Odisha,Bhadrak ,mixed_or_monitor,1,0.5046624173748819,0.7047910502039583,0.8999999999999999,0.6461479802005559,0.696,higher,0.7935,0.95,1.0,0.20654329147389294,1.0,1.0,0.20654329147389294,1.0,0.0,0.0,0.7934567085261071,0.0,0.0,0.7934567085261071,0.0,0.0,0.7934567085261071,Livewell Diagnostic Samraipur Bhadrak,"Livewell Diagnostic Samraipur Bhadrak is a gynecologist providing comprehensive women's healthcare services. Expert care in obstetrics, gynecology, and women's health with a focus on patient comfort and advanced medical care. | [""gynecologyAndObstetrics"",""familyMedicine""] | [""Provides routine gynecological check-ups"",""Provides pregnancy care"",""Provides family planning"",""Treats gynecological conditions"",""Provides women's health consultations""] | [] | [""Specializes in obstetrics, gynecology, and women's health"",""Offers gynecology and obstetrics services at Livewell Diagnostic Samraipur Bhadrak"",""Located in Bhadrak, Odisha"",""Led by a gynecologist with MBBS and MD (Obstetrics & Gynecology)""]","[""https://gynecologistnearme.in/city/bhadrak/livewell-diagnostic-samraipur-bhadrak/"",null]"
39,0.7825,stress_test_desert_call,"[""high_care_gap"", ""high_health_need"", ""high_trust_gap"", ""higher_uncertainty_level"", ""wide_rate_confidence_intervals"", ""small_observed_facility_sample"", ""high_critical_supply_gap_rate""]",Gujarat,Mahesana ,real_desert_candidate,2,0.6370986779981115,0.7371451635872204,0.7999999999999999,0.6755513876623352,0.7,higher,0.7496,0.9,1.0,0.34237195288961925,1.0,0.5,0.09452865480086614,0.9054713451991339,0.0,0.0,0.6576280471103807,0.5,0.09452865480086614,0.9054713451991339,0.5,0.09452865480086614,0.9054713451991339,Jyoti Hospital; Synergy Eye & ENT Hospital,"Open 24 Hrs; 10 Years in Healthcare | [""internalMedicine"",""internalMedicine"",""hematology"",""endocrinologyAndDiabetesAndMetabolism"",""internalMedicine"",""cataractAndAnteriorSegmentSurgery"",""refractiveSurgeryOphthalmology"",""glaucomaOphthalmology"",""retinaAndVitreoretinalOphthalmology"",""corneaOphthalmology"",""oculoplasticsAndReconstructiveOrbitalSurgery"",""internalMedicine"",""cataractAndAnteriorSegmentSurgery"",""refractiveSurgeryOphthalmology"",""glaucomaOphthalmology"",""corneaOphthalmology"",""retinaAndVitreoretinalOphthalmology"",""oculoplasticsAndReconstructiveOrbitalSurgery"",""ophthalmology"",""internalMedicine"",""cataractAndAnteriorSegmentSurgery"",""internalMedicine"",""ophthalmology"",""internalMedicine"",""ophthalmology"",""internalMedicine"",""ophthalmology"",""internalMedicine"",""ophthalmology"",""internalMedicine"",""ophthalmology"",""internalMedicine"",""ophthalmology"",""internalMedicine"",""ophthalmology"",""cataractAndAnte","[""http://www.onefivenine.com/india/villages/Mahesana/Visnagar/Paldi"",""https://www.justdial.com/Rajkot/Eye-Clinics-in-Guru-Prasad-Chowk/nct-10196481"",""https://www.practo.com/ahmedabad/clinic/nutri-fit-wellness-centre-gurukul-road/reviews"",""https://sighteyehospital.com/"",""https://www.eyecarehospital.org/know-dr-anshi-rathod/"",""https://www.medicineindia.org/hospitals-in-state/gujarat"",""https://www.medicineindia.org/hospitals-in-state/gujarat"",""https://www.medicineindia.org/hospitals-in-state/gujarat"",""https://www.medicineindia.org/hospitals-in-state/gujarat"",""https://www.medicineindia.org/hospitals-in-state/gujarat"",""https://www.medicineindia.org/hospitals-in-state/gujarat"",""http://www.healthinsuranceindia.org/cashless_hospital_india/gujrat.html"",""https://jyotieyehospital.org/"",""https://www.justdial.com/Rajkot/Aksha-Eye-Hospital-Opposite-Silver-Heights-Gate-150-Feet-Ring-Road/0281PX281-X281"
40,0.7818,uncertainty_band_reduction,"[""high_care_gap"", ""high_trust_gap"", ""higher_uncertainty_level"", ""wide_rate_confidence_intervals"", ""small_observed_facility_sample"", ""high_critical_supply_gap_rate""]",Jammu & Kashmir,Kishtwar ,supply_record_quality_problem,1,0.4269357884796978,0.6620414043116072,0.9999999999999999,0.5956256714186862,0.574,higher,0.7935,0.95,1.0,0.20654329147389294,1.0,1.0,0.20654329147389294,1.0,0.0,0.0,0.7934567085261071,0.0,0.0,0.7934567085261071,0.0,0.0,0.7934567085261071,Choopa Dental Clinic,"Choopa Dental Clinic offers wide range of early intervention, prevention, diagnosis and treatment of Oro-Dental diseases. | [""dentistry"",""orthodontics"",""familyMedicine"",""dentistry"",""familyMedicine"",""dentistry"",""familyMedicine""] | [""""] | [""""] | ["""",""Offers wide range of early intervention, prevention, diagnosis and treatment of Oro-Dental diseases""]","[""https://www.facebook.com/CDCpaddar/"",""https://fyn24.com/listing/dr-rohit-dental-clinic-implant-orthodontic-centre/"",""https://www.justdial.com/Kishtwar/Dental-Clinics/nct-10156036"",""https://www.facebook.com/188750581217815"",null]"
41,0.7811,uncertainty_band_reduction,"[""high_care_gap"", ""high_trust_gap"", ""higher_uncertainty_level"", ""wide_rate_confidence_intervals"", ""small_observed_facility_sample"", ""high_critical_supply_gap_rate""]",Telangana,Suryapet ,mixed_or_monitor,1,0.49510151085930126,0.699532551620389,0.8999999999999999,0.6399333909654283,0.724,higher,0.7935,0.95,1.0,0.20654329147389294,1.0,1.0,0.20654329147389294,1.0,0.0,0.0,0.7934567085261071,0.0,0.0,0.7934567085261071,0.0,0.0,0.7934567085261071,Nirmala Hospital,"Nirmala Hospital is a trusted multispecialty center in Vijaya Nagar Colony, offering 24/7 care in Obstetrics, Gynaecology, Orthopedics, Pediatrics, General Medicine, and more. | [""internalMedicine"",""gynecologyAndObstetrics"",""orthopedicSurgery"",""pediatrics"",""internalMedicine"",""generalSurgery"",""maternalFetalMedicineOrPerinatology"",""internalMedicine"",""obstetricsAndMaternityCare"",""gynecologyAndObstetrics"",""reproductiveEndocrinologyAndInfertility"",""maternalFetalMedicineOrPerinatology"",""neonatologyPerinatalMedicine"",""pediatrics"",""internalMedicine"",""orthopedicSurgery"",""generalSurgery"",""internalMedicine"",""gynecologyAndObstetrics"",""reproductiveEndocrinologyAndInfertility"",""orthopedicSurgery"",""criticalCareMedicine"",""pediatrics"",""generalSurgery"",""emergencyMedicine"",""internalMedicine"",""gynecologyAndObstetrics"",""internalMedicine""] | [""Provides painless delivery"",""Manages high-risk pregnancy"",""Perform","[""http://www.onefivenine.com/india/Listing/Town/hospitals/Nalgonda/Suryapet"",""https://www.nirmalahospital.co.in/dr-shanthi/"",""http://www.onefivenine.com/india/Listing/Locality/hospitals/Hyderabad/Hyderabad/Manikonda"",""https://www.nirmalahospital.co.in/best-maternity-hospital-in-vijay-nagar-colony-hyderabad/"",""https://www.nirmalahospital.co.in/our-doctors/"",""https://www.onefivenine.com/india/Listing/Locality/hospitals/Hyderabad/Hyderabad/Narsingi"",""https://gynecologistnearme.in/city/hyderabad/nirmala-hospital/"",null]"
42,0.781,uncertainty_band_reduction,"[""high_care_gap"", ""high_trust_gap"", ""higher_uncertainty_level"", ""wide_rate_confidence_intervals"", ""small_observed_facility_sample"", ""high_critical_supply_gap_rate""]",Karnataka,Kodagu ,mixed_or_monitor,1,0.49492445703493854,0.6994351720169896,0.8999999999999999,0.6398183059795925,0.63,higher,0.7935,0.95,1.0,0.20654329147389294,1.0,1.0,0.20654329147389294,1.0,0.0,0.0,0.7934567085261071,0.0,0.0,0.7934567085261071,0.0,0.0,0.7934567085261071,Lifeline Hospital,"Hospital | [""internalMedicine"",""internalMedicine"",""internalMedicine"",""internalMedicine"",""internalMedicine"",""pediatrics"",""internalMedicine"",""internalMedicine"",""internalMedicine"",""internalMedicine"",""ophthalmology"",""otolaryngology"",""pediatrics"",""gynecologyAndObstetrics"",""cardiology"",""internalMedicine"",""internalMedicine"",""internalMedicine"",""emergencyMedicine"",""internalMedicine""] | [] | [] | [""Listed in Hospitals directory of Yadgir district public utilities as Life Line Hospital"",""Located in Yadgir, Karnataka"",""Located in Peenya, Bangalore, Karnataka"",""Has been in healthcare for 4 years"",""Has 28 ratings on JustDial""]","[""https://www.mappls.com/lrnwfb"",""https://mapcarta.com/The_nest_homestay,devarapura,gonicoppa_2006047"",""https://www.justdial.com/Bangalore/Life-Line-Hospital-Near-Bmtc-Bus-Stop-Madanayakana-Halli/080PXX80-XX80-120111103208-J5D4_BZDET"",""https://www.medindia.net/directories/hospitals/echs-polyclinic-hospital-kodagu-karnataka-76922.htm"",""https://www.sg.jupiteryellowdetail.com/Hubli/search-by-listings/hospital-/madhura-colony-/pooja-children-hospital/572959.jws"",""https://www.medindia.net/directories/hospitals/life-line-hospital-kodagu-karnataka-20868.htm"",""https://www.medindia.net/directories/hospitals/life-line-hospital-kodagu-karnataka-40571.htm"",""https://www.medindia.net/directories/hospitals/vivus-hospital-kodagu-karnataka-3879.htm"",""https://yadgir.nic.in/en/public-utility-category/hospitals/"",""https://www.justdial.com/Bangalore/Life-Line-Hospital-Near-Bus-Stop-Peenya/080PXX80-XX80-14022"
43,0.7792,stress_test_desert_call,"[""high_care_gap"", ""high_health_need"", ""high_trust_gap"", ""higher_uncertainty_level"", ""wide_rate_confidence_intervals"", ""small_observed_facility_sample"", ""high_critical_supply_gap_rate""]",Bihar,Sitamarhi ,real_desert_candidate,4,0.704143059490085,0.7284730147033525,0.95,0.6553650534458832,0.624,higher,0.4899,0.8,1.0,0.5100999795960008,1.0,1.0,0.5100999795960008,1.0,0.0,0.0,0.48990002040399916,0.0,0.0,0.48990002040399916,0.0,0.0,0.48990002040399916,Narayan Hospital; Yasko Dental Hospital; Medicare Chandpatti; Gayatri Dental Hospital,"Top Multispecialty Hospital in Patna - Narayan Hospital Narayan Hospital is one of the top super specialty hospitals in Patna, Bihar. We provide top-class quality medical care services at affordable prices. | [""pediatricSurgery"",""pediatricUrology"",""gynecologyAndObstetrics"",""internalMedicine"",""internalMedicine"",""internalMedicine"",""internalMedicine"",""internalMedicine"",""internalMedicine"",""internalMedicine"",""otolaryngology"",""gynecologyAndObstetrics"",""orthopedicSurgery"",""generalSurgery"",""internalMedicine"",""internalMedicine"",""generalSurgery"",""otolaryngology"",""orthopedicSurgery"",""pediatrics"",""gynecologyAndObstetrics"",""neurosurgery"",""dermatology"",""plasticSurgery"",""internalMedicine""] | [""Laparoscopic pediatric surgery"",""Pediatric urology"",""Tumor surgery"",""Emergency pediatric surgical procedures"",""Provides ENT care services for ear, nose, and throat"",""Offers laparoscopic surgery"",""Provides general","[""https://narayanhospital.weebly.com/services.html"",""https://www.facebook.com/narayanhospitalpatna/"",""https://www.facebook.com/104813717573899"",""https://www.scribd.com/document/723229580/%E0%A4%86%E0%A4%AF%E0%A5%81%E0%A4%B7-%E0%A4%AE%E0%A4%BE%E0%A4%A8-%E0%A4%AD%E0%A4%BE%E0%A4%B0%E0%A4%A4-%E0%A4%B9%E0%A5%89%E0%A4%B8-%E0%A4%AA%E0%A4%BF%E0%A4%9F%E0%A4%B2-%E0%A4%B2%E0%A4%BF%E0%A4%B8-%E0%A4%9F-%E0%A4%AC%E0%A4%BF%E0%A4%B9%E0%A4%BE%E0%A4%B0-Hospital-List-Bihar"",""https://www.facebook.com/113442355052519"",""https://www.facebook.com/414792122676503"",""https://www.facebook.com/narayanhospital.in/"",""https://www.facebook.com/257500484930166"",""https://www.narayanhospital.in/about"",""https://www.narayanhospital.in/facility"",null,null,null,null,null]; [""https://cloutly.com/business/yasko-dental-hospital"",""https://www.facebook.com/yaskodentalhospital/"",""https://www.neusourcestartup.com/companies/yasko-denta"
44,0.7771,uncertainty_band_reduction,"[""high_care_gap"", ""high_trust_gap"", ""higher_uncertainty_level"", ""wide_rate_confidence_intervals"", ""small_observed_facility_sample"", ""high_critical_supply_gap_rate""]",Assam,Dhubri ,supply_record_quality_problem,3,0.593130311614731,0.685634626853689,0.9666666666666666,0.6087128402013969,0.636,higher,0.6292,0.85,1.0,0.43849391955098227,1.0,1.0,0.43849391955098227,1.0,0.0,0.0,0.5615060804490177,0.3333333333333333,0.0614903152761605,0.7923450448735121,0.3333333333333333,0.0614903152761605,0.7923450448735121,"Sarkar Medical,Bilasipara; The Heart Clinic; Dhubri Civil Hospital","Sarkar Medical,Bilasipara | [""internalMedicine"",""otolaryngology"",""familyMedicine"",""internalMedicine"",""dermatology"",""familyMedicine""] | [""ENT consultation is provided by a visiting ENT specialist at Sarkar Medical, Bilasipara""] | [] | [""Hosting a visiting ENT specialist from Sri Ramachandra Hospital, Chennai"",""Dr. Major Prasanna Kumar S has 30+ years of experience in ENT"",""Outpatient ENT consultation services are offered at Sarkar Medical, Bilasipara"",""Based in Bilasipara, Dhubri, Assam"",""Provides skin care services"",""Operating since 2014""]; Visit us at: RK Mission Rd, Jhagrarpar, Jhagra Pt.I, Dhubri, Assam 783324, Dhubri, Assam, India. Language: English, Hindi. Opening Time.: 9am - 9pm | [""cardiology"",""familyMedicine"",""familyMedicine"",""familyMedicine"",""familyMedicine"",""cardiology"",""familyMedicine"",""cardiology"",""familyMedicine""] | [""Offers telehealth visits"",""Online scheduling for appoint","[""https://www.facebook.com/100063752542275/posts/chennaidoctors-sarkar-medicalbilasipara/1385710610230677/"",""https://www.facebook.com/212382552501387"",""https://www.facebook.com/p/Sarkar-MedicalBilasipara-100063752542275/"",null]; [""https://myhospitalnow.com/hospitals/india/assam/dhubri"",""https://www.facebook.com/100089095197168/"",""https://www.justdial.com/Dhubri/The-Heart-Clinic-Jhagrarpar/9999P3662-3662-190910224546-S6X1_BZDET"",""https://www.facebook.com/112925238358493"",""https://www.facebook.com/p/The-heart-clinic-100089095197168/"",""https://www.cardiologistindia.com/assam/jhagra-pt-i-dhubri/the-heart-clinic.html"",null]; [""https://hfw.assam.gov.in/frontimpotentdata/list-of-blood-banks-and-donors"",""https://nhm.assam.gov.in/schemes/detail/pradhan-mantri-national-dialysis-programme"",""https://nhm.gov.in/images/pdf/nrhm-in-state/state-wise-information/assam/other-info/uppgraded-facilities-assa"
45,0.7769,stress_test_desert_call,"[""high_care_gap"", ""high_trust_gap"", ""higher_uncertainty_level"", ""wide_rate_confidence_intervals"", ""small_observed_facility_sample"", ""high_critical_supply_gap_rate""]",Jharkhand,Palamu ,real_desert_candidate,2,0.5898843248347497,0.7111772693473715,0.8999999999999999,0.6448620581061502,0.632,higher,0.6576,0.9,1.0,0.34237195288961925,1.0,1.0,0.34237195288961925,1.0,0.0,0.0,0.6576280471103807,0.0,0.0,0.6576280471103807,0.0,0.0,0.6576280471103807,"Smile Kraft Dental Clinic; Dental DNA – City Dental Hospital & Research Center, Japla","Dental clinic offering preventive dental care, restorative care, oral surgical services, teeth whitening, cosmetic dentistry, cavity detection, application of fluoride varnishes, soft tissue laser therapy and endodontic services. | [""dentistry"",""endodontics"",""oralAndMaxillofacialSurgery"",""familyMedicine"",""familyMedicine"",""dentistry"",""endodontics"",""orthodontics"",""prosthodontics"",""dentoalveolarSurgery"",""oralAndMaxillofacialSurgery"",""aestheticDentistry"",""familyMedicine"",""familyMedicine"",""familyMedicine"",""dentistry"",""familyMedicine"",""dentistry"",""familyMedicine"",""dentistry"",""endodontics"",""orthodontics"",""periodontics"",""prosthodontics"",""dentoalveolarSurgery"",""oralAndMaxillofacialSurgery"",""cosmeticDentistry"",""familyMedicine""] | [""Provides emergency dental appointment services"",""Performs tooth extraction"",""Performs endodontic (root canal) therapy"",""Offers dental examination"",""Provides classic den","[""https://smile-kraft-dental-clinic.ueniweb.com/"",""http://www.smilekraftdentalclinic.com/"",""https://www.justdial.com/Palamu/Dentists-in-Bansdih/nct-10156331"",""https://www.justdial.com/Palamu/Dentists-in-Japla/nct-10156331"",""https://www.justdial.com/Ambikapur/Discolored-Tooth-Restoration-Treatment-Doctors-in-Dhandhapur/nct-11947372"",""https://www.facebook.com/426770357457882"",""https://www.justdial.com/Daltanganj/Dentists-in-Daltonganj-Kutchary/nct-10156331"",""https://www.justdial.com/Daltanganj/Smile-Kraft-Multy-Speciality-Dental-Clinic-Beside-Sewa-Sadan-Daltenganj/9999P6562-6562-180311033823-V5N4_BZDET"",null]; [""https://japlacitydental.com/disclaimer/"",""https://japlacitydental.com/"",""http://www.japlacitydental.com/"",""https://www.facebook.com/100755702620653"",""https://www.facebook.com/japlacitydentalhospital/"",""https://yappe.in/jharkhand/japla/dental-dna-japla-city-dental-hospital/1212264"","
46,0.776,uncertainty_band_reduction,"[""high_care_gap"", ""high_trust_gap"", ""higher_uncertainty_level"", ""wide_rate_confidence_intervals"", ""small_observed_facility_sample"", ""high_critical_supply_gap_rate""]",Karnataka,Bagalkot ,mixed_or_monitor,1,0.4789305949008498,0.6906385478432406,0.8999999999999999,0.6294222955924349,0.724,higher,0.7935,0.95,1.0,0.20654329147389294,1.0,1.0,0.20654329147389294,1.0,0.0,0.0,0.7934567085261071,0.0,0.0,0.7934567085261071,0.0,0.0,0.7934567085261071,Telsang Maternity Hospital,"The petitioner-hospital is a registered private medical establishment in Bagalkot, Karnataka, represented by proprietor Dr. Jayashree S Telsang. | [""gynecologyAndObstetrics"",""pediatrics"",""internalMedicine"",""obstetricsAndMaternityCare"",""gynecologyAndObstetrics"",""internalMedicine"",""obstetricsAndMaternityCare"",""gynecologyAndObstetrics"",""maternalFetalMedicineOrPerinatology"",""radiology"",""pediatrics"",""clinicalPathology"",""internalMedicine"",""obstetricsAndMaternityCare""] | [""Provides delivery services"",""Admitted a patient for delivery of a baby at the hospital"",""Performs ultrasonography""] | | [""Registered private medical establishment under Karnataka Private Medical Establishments Act 2007"",""Provides maternity services including deliveries"",""Located in Bagalkot, Karnataka"",""Has a second-floor clinic run by a child specialist"",""Offers maternity services"",""Offers gynecological services"",""Offers ult","[""https://www.casemine.com/judgement/in/62e1746fb50db92150dad300"",""https://chotu.com/local/dental-clinics-in-bagalkot-karnataka-india/ct-18417131/"",""https://www.facebook.com/108461478229986"",null]"
47,0.7748,stress_test_desert_call,"[""high_care_gap"", ""high_trust_gap"", ""higher_uncertainty_level"", ""wide_rate_confidence_intervals"", ""small_observed_facility_sample"", ""high_critical_supply_gap_rate""]",Bihar,Bhojpur ,real_desert_candidate,2,0.582920207743154,0.7073470049469939,0.8999999999999999,0.6403353819966129,0.756,higher,0.6576,0.9,1.0,0.34237195288961925,1.0,1.0,0.34237195288961925,1.0,0.0,0.0,0.6576280471103807,0.0,0.0,0.6576280471103807,0.0,0.0,0.6576280471103807,Rudraksh Netralaya; Medicon Hospital,"The Rudraksh Netralaya is one of the leading super specialty eye care center. | [""internalMedicine"",""ophthalmology"",""cataractAndAnteriorSegmentSurgery"",""refractiveSurgeryOphthalmology"",""glaucomaOphthalmology"",""pediatricsAndStrabismusOphthalmology"",""familyMedicine"",""ophthalmology"",""internalMedicine"",""ophthalmology"",""pediatricsAndStrabismusOphthalmology"",""internalMedicine"",""ophthalmology"",""familyMedicine""] | [""Offers routine eye check-ups"",""Provides specialized treatments for eye conditions"",""Performs surgical interventions for eye care"",""Cataract diagnosis and cataract surgery"",""Glaucoma management"",""LASIK and refractive surgery"",""Pediatric eye care"",""Diabetic retinopathy treatment"",""Regular eye check-ups""] | [""Equipped with latest technologies for eye care"",""Uses advanced technologies to enable precise diagnoses and treatments"",""Equipped with modern ophthalmic equipment"",""Has on-site lab","[""https://rudrakshnetralaya.com/"",""https://rudrakshnetralaya.com/about-us/"",""https://www.facebook.com/113738295117818"",""https://www.facebook.com/255383404899000"",""https://www.instagram.com/p/Cv7lEjABPhl/"",""https://www.idhs.in/hospital-profile/rudraksh-netralaya/SUB0000000017"",""https://www.facebook.com/rudrakshnetralayaa"",null]; [""https://www.justdial.com/Arrah/Cardiac-Hospitals-in-Ara/nct-11246477"",""http://www.mediconhospital.com/"",""https://mediconhospital.com/"",""https://mediconhospital.com/about/"",""https://www.justdial.com/Arrah/Medicon-Hospital-Near-Lic-Office-Mahavir-Tola/9999P6182-6182-230320170533-Y6X3_BZDET/photos"",""https://mediconhospital.com/home/"",""https://www.facebook.com/193114120542177"",""https://www.justdial.com/Arrah/Orthopaedic-Hospitals-in-Ara/nct-10345065"",""https://www.mappls.com/place-medicon+hospital-lic+of+india-lal+kutir+bhawan-mahavir+tola-arrah-bihar-802301-cw52hg@z"
48,0.7717,uncertainty_band_reduction,"[""high_care_gap"", ""high_trust_gap"", ""higher_uncertainty_level"", ""wide_rate_confidence_intervals"", ""small_observed_facility_sample""]",Madhya Pradesh,Damoh ,supply_record_quality_problem,1,0.5354697828139755,0.7217351011954598,0.7999999999999999,0.6661727677359667,0.778,higher,0.7935,0.95,1.0,0.20654329147389294,1.0,0.0,0.0,0.7934567085261071,0.0,0.0,0.7934567085261071,0.0,0.0,0.7934567085261071,1.0,0.20654329147389294,1.0,Mission Hospital,"Healthcare center providing specialty services, diagnostic facilities, and compassionate patient care for all communities. | [""internalMedicine"",""radiology"",""generalSurgery"",""internalMedicine"",""cardiology"",""pathology"",""anesthesia"",""cardiacSurgery"",""cardiology"",""gynecologyAndObstetrics"",""endocrinologyAndDiabetesAndMetabolism"",""dermatology"",""pulmonology"",""radiology"",""urology"",""pediatrics"",""pediatricCardiology"",""internalMedicine"",""surgicalOncology"",""gastroenterology"",""generalSurgery"",""hepatopancreatobiliarySurgery"",""internalMedicine"",""internalMedicine"",""emergencyMedicine"",""pediatrics"",""gynecologyAndObstetrics"",""diagnosticRadiology"",""clinicalPathology"",""internalMedicine"",""cardiology"",""internalMedicine"",""spineNeurosurgery"",""orthopedicSurgery"",""jointReconstructionSurgery"",""internalMedicine"",""internalMedicine"",""generalSurgery"",""bariatricSurgery"",""plasticSurgery"",""orthopedicSurgery"",""internalMed","[""https://www.justdial.com/Damoh/Mission-Hospital/9999P7812-7812-170928063652-D2L9_BZDET"",""https://www.thehindu.com/news/national/madhya-pradesh/licence-of-madhya-pradesh-hospital-suspended-following-fake-doctor-row/article69457311.ece"",""https://www.practo.com/indore/hospital/choithram-hospital-research-centre-manikbagh"",""https://www.practo.com/indore/doctor/ashmeet-choudhary-gastroenterologist"",""https://www.myhospitalnow.com/blog/list-of-top-hospital-in-damoh/"",""https://www.practo.com/indore/doctor/dr-rakesh-jain-3-cardiologist"",""https://www.proptiger.com/indore/raj-wada-52223/hospitals"",""https://www.practo.com/indore/doctor/dr-avinash-jain-spine-and-pain-specialist"",""https://www.practo.com/indore/doctor/dr-chaurasia-ishant-kumar-general-surgeon"",""https://www.practo.com/indore/hospital/mission-hospital-1-chhavni"",""https://www.medindia.net/directories/hospitals/vidhya-hospital-research-c"
49,0.7714,uncertainty_band_reduction,"[""high_care_gap"", ""high_trust_gap"", ""higher_uncertainty_level"", ""wide_rate_confidence_intervals"", ""small_observed_facility_sample"", ""high_critical_supply_gap_rate""]",Madhya Pradesh,Shivpuri ,mixed_or_monitor,1,0.4639990557129367,0.6824262012898885,0.8999999999999999,0.6197167951202914,0.734,higher,0.7935,0.95,1.0,0.20654329147389294,1.0,1.0,0.20654329147389294,1.0,0.0,0.0,0.7934567085261071,1.0,0.20654329147389294,1.0,0.0,0.0,0.7934567085261071,Shrimant Rajmata Vijayaraje Scindia Medical College & Hospital,"GMC Shivpuri is officially known as Shrimant Rajmata Vijayaraje Scindia Medical College & Hospital; a government medical college established in 2018, affiliated with MPMSU and approved by MCI. | [""internalMedicine"",""pediatrics"",""dermatology"",""psychiatry"",""ophthalmology"",""pulmonology"",""generalSurgery"",""publicHealth"",""internalMedicine"",""internalMedicine"",""internalMedicine"",""internalMedicine"",""emergencyMedicine"",""generalSurgery"",""gynecologyAndObstetrics"",""pediatrics"",""internalMedicine"",""internalMedicine"",""internalMedicine"",""emergencyMedicine"",""generalSurgery"",""gynecologyAndObstetrics"",""pediatrics"",""internalMedicine""] | [] | [] | [""Provides medical education, training and research activities at the national level."",""Established in 2018 by the Madhya Pradesh Government."",""Located in Shivpuri, Madhya Pradesh."",""Dean of the college is Dr D. Paramhans (MBBS, MS Surgery)."",""Medical Superintendent","[""https://collegedunia.com/college/60697-shrimant-rajmata-vijayaraje-scindia-medical-college-shivpuri-shivpuri"",""https://mbbscouncil.com/listing/government-medical-college-shivpuri/"",""https://www.facebook.com/361878180342290"",""http://www.shivpurimedicalcollege.com/"",""https://businesskhabri.com/adview-22880-Hospital_Chouraha"",""https://www.sartha.in/college/gmc-shivpuri-college"",""https://shivpurimedicalcollege.com/"",""https://www.sartha.in/college/gmc-shivpuri-college"",""https://shivpurimedicalcollege.com/index.php"",null,null]"
50,0.7714,uncertainty_band_reduction,"[""high_care_gap"", ""high_trust_gap"", ""higher_uncertainty_level"", ""wide_rate_confidence_intervals"", ""small_observed_facility_sample"", ""high_critical_supply_gap_rate""]",Telangana,Rajanna Sircilla ,mixed_or_monitor,1,0.4639990557129367,0.6824262012898885,0.8999999999999999,0.6197167951202914,0.751,higher,0.7935,0.95,1.0,0.20654329147389294,1.0,1.0,0.20654329147389294,1.0,0.0,0.0,0.7934567085261071,1.0,0.20654329147389294,1.0,1.0,0.20654329147389294,1.0,Sarayu Childrens Hospital,"Children's hospital specializing in neonatology, pediatric infectious disease treatment, vaccinations, and rehabilitative services for differently-abled children. | [""neonatologyPerinatalMedicine"",""pediatricInfectiousDiseases"",""physicalMedicineAndRehabilitation"",""pediatricSurgery"",""internalMedicine"",""pediatrics"",""neonatologyPerinatalMedicine"",""pediatricEmergencyMedicine"",""internalMedicine""] | [""Pediatric reconstructive surgery"",""Male breast (gynecomastia) reduction"",""Vaccination administration for children""] | [] | [""Specializes in neonatology"",""Specializes in pediatric infectious disease treatment"",""Provides immunizations/vaccinations for children"",""Rehabilitative services for differently-abled children"",""Has 2 doctors on staff"",""Has been in operation for 4 years"",""Offers pediatric consultation and pediatric surgical consultation"",""Tertiary care pediatric and neonatology hospital"",""Has ","[""https://www.justdial.com/Sircilla/Sarayu-Childrens-Hospital-Beside-Canara-Bank-Old-Bus-Stand-Sircilla-Ho/9999P8723-8723-220629150702-B1R1_BZDET"",""https://www.facebook.com/101659792097995"",null]"
51,0.7707,uncertainty_band_reduction,"[""high_care_gap"", ""high_trust_gap"", ""higher_uncertainty_level"", ""wide_rate_confidence_intervals"", ""small_observed_facility_sample"", ""high_critical_supply_gap_rate""]",Uttarakhand,Chamoli ,mixed_or_monitor,1,0.46193342776203966,0.6812901059168951,0.8999999999999999,0.6183741369522083,0.584,higher,0.7935,0.95,1.0,0.20654329147389294,1.0,1.0,0.20654329147389294,1.0,0.0,0.0,0.7934567085261071,0.0,0.0,0.7934567085261071,0.0,0.0,0.7934567085261071,Community Health Center Pokhari Nagnath,"Community Health Centre located in Pati Town, Uttarakhand, India. | [""familyMedicine"",""internalMedicine"",""internalMedicine"",""internalMedicine"",""gynecologyAndObstetrics"",""infectiousDiseases"",""familyMedicine"",""internalMedicine"",""familyMedicine"",""internalMedicine"",""gynecologyAndObstetrics"",""internalMedicine"",""familyMedicine"",""internalMedicine"",""familyMedicine"",""familyMedicine"",""internalMedicine"",""otolaryngology"",""internalMedicine"",""internalMedicine"",""infectiousDiseases""] | [""Normal vaginal delivery performed at Community Health Centre in Dehradun"",""""] | [""Wheelchair accessible parking"",""Wheelchair accessible entrance and exit"",""""] | [""Located in Pati Town, Uttarakhand, India"",""Distance from Lohaghat: 25.5 KM"",""Listed among hospitals in Lohaghat"",""Located in Dehradun, Uttarakhand, India"",""Provides obstetric services including normal vaginal delivery"",""Positive staff sentiment reported in use","[""https://chamoli.gov.in/public-utility-category/hospitals/"",""http://www.onefivenine.com/india/Listing/Town/hospitals/Champawat/Lohaghat"",""http://www.onefivenine.com/india/Listing/Locality/hospitals/Haridwar/Roorkee/Roorkee-Cantonment"",""https://www.justdial.com/Dehradun/Community-Health-Centre-Jeet-Market/9999PX135-X135-221021033057-L2Y1_BZDET"",""https://www.medindia.net/directories/hospitals/uttarakhand/chamoli/index.htm"",""https://www.justdial.com/Champawat/Health-Care-Centres/nct-10244464"",""https://www.justdial.com/Pauri/Community-Health-Centre/9999P1368-1368-110211110435-Q2R1_BZDET"",""https://www.medindia.net/directories/hospitals/bisht-hospital-pithoragarh-uttarakhand-58705.htm"",""http://www.onefivenine.com/india/Listing/Town/hospitals/Dehradun/Kalsi"",""https://www.medindia.net/directories/hospitals/uttarakhand/pithoragarh/index.htm"",""https://www.medindia.net/directories/hospitals/uttara"
52,0.7702,stress_test_desert_call,"[""high_care_gap"", ""high_health_need"", ""high_trust_gap"", ""higher_uncertainty_level"", ""wide_rate_confidence_intervals"", ""small_observed_facility_sample""]",Odisha,Nabarangapur ,real_desert_candidate,1,0.601333805476865,0.757960313660049,0.7,0.7089843824668448,0.856,higher,0.7935,0.95,1.0,0.20654329147389294,1.0,0.0,0.0,0.7934567085261071,0.0,0.0,0.7934567085261071,0.0,0.0,0.7934567085261071,1.0,0.20654329147389294,1.0,Patra Dental Clinic,"No.1 Dental clinic in Nabarangpur | [""dentistry"",""familyMedicine"",""endodontics"",""orthodontics"",""periodontics"",""prosthodontics"",""cosmeticDentistry"",""familyMedicine"",""endodontics"",""prosthodontics"",""orthodontics"",""periodontics"",""oralAndMaxillofacialSurgery"",""pediatricDentistry"",""dentistry"",""familyMedicine""] | [""Offers smile makeover and smile design services"",""Engages in smile restoration as a cosmetic dentistry focus"",""Root canal Treatment with single sitting RCT and motorized RCT"",""Capping with Ceramic, Metal Ceramic, and Zirconia"",""Extraction including pain-free tooth removal and 3rd Molar Extraction"",""Smile Designing with composite filling and laminates/veneers"",""Orthodontics including straightening of teeth with braces and Lingual Orthodontics"",""Cavity Filling with Composite Filling and GIC Filling"",""Implants with Advanced Implants"",""Periodontics including Scaling and Flap Surgery"",""Ro","[""https://www.facebook.com/126953689546588"",""http://patradental.in/"",""https://patradental.in/"",null]"
53,0.7699,uncertainty_band_reduction,"[""high_care_gap"", ""high_trust_gap"", ""higher_uncertainty_level"", ""wide_rate_confidence_intervals"", ""small_observed_facility_sample"", ""high_critical_supply_gap_rate""]",Jammu & Kashmir,Ganderbal ,supply_record_quality_problem,2,0.5322237960339943,0.6794639785069561,0.95,0.607382714385659,0.646,higher,0.6576,0.9,1.0,0.34237195288961925,1.0,1.0,0.34237195288961925,1.0,0.0,0.0,0.6576280471103807,0.0,0.0,0.6576280471103807,0.0,0.0,0.6576280471103807,Umair Hamdard Dawakhana Kangan; Shahmiri Dental Clinic and Implant Centre,"Ayurvedic clinic | [""familyMedicine"",""familyMedicine""] | [""""] | [""""] | [""Deals in all kinds of Unani and Ayurvedic medicines"",""Dry herbs are available"",""Ayurvedic clinic offering traditional Ayurvedic medicines"",""Has 5 years in healthcare"",""Established in 2021"",""Has 5 years in healthcare"",""Offers Ayurvedic and Unani clinics"",""Deals in all kinds of Unani herbal medicines"",""Listed on JustDial as Ayurvedic Clinics and Unani Clinics in Ganderbal""]; Shahmiri Dental Clinic and Implant Centre is a premier dental facility dedicated to providing top-notch dental care and implant services. Situated in a convenient location, the clinic offers a wide array of services, ranging from routine check-ups to advanced dental procedures, ensuring that patients receive comprehensive and personalized care. | [""familyMedicine"",""dentistry"",""endodontics"",""oralAndMaxillofacialSurgery"",""prosthodontics"",""familyMedi","[""https://www.justdial.com/Srinagar/Umair-Hamdard-Dawakhana-Kangan-Kangan/9999PX194-X194-220326231740-Y9K9_BZDET/reviews"",""https://www.facebook.com/103468722022594"",""https://www.justdial.com/Srinagar/Umair-Hamdard-Dawakhana-Kangan-Kangan/9999PX194-X194-220326231740-Y9K9_BZDET/photos"",""https://www.justdial.com/Ganderbal/Umair-Hamdard-Dawakhana-Kangan-Near-J-K-Bank-Kangan/9999PX194-X194-220326231740-Y9K9_BZDET"",null]; [""https://www.justdial.com/Ganderbal/Shahmiri-Dental-Clinic-and-Implant-Centre-Nh1-Opp-Govt-Girls-Higher-Secondary-School-Warpora/9999PX194-X194-220324215013-W5Q9_BZDET/amp"",""https://www.justdial.com/Ganderbal/Shahmiri-Dental-Clinic-and-Implant-Centre-Nh1-Opp-Govt-Girls-Higher-Secondary-School-Ganderbal-Ho/9999PX194-X194-220324215013-W5Q9_BZDET"",""https://www.facebook.com/1811587449093415"",null]"
54,0.7668,uncertainty_band_reduction,"[""high_care_gap"", ""high_trust_gap"", ""higher_uncertainty_level"", ""wide_rate_confidence_intervals"", ""small_observed_facility_sample"", ""high_critical_supply_gap_rate""]",Uttar Pradesh,Siddharthnagar ,supply_record_quality_problem,2,0.5514636449480641,0.6900458954096944,0.85,0.6198886161798044,0.656,higher,0.7496,0.9,1.0,0.34237195288961925,1.0,0.5,0.09452865480086614,0.9054713451991339,0.0,0.0,0.6576280471103807,0.5,0.09452865480086614,0.9054713451991339,0.5,0.09452865480086614,0.9054713451991339,District Hospital Hapur; Kumar Hospitals,"A government hospital in Agra, located near Sai Ka Takiya, near Rojgar Karyalay. | [""internalMedicine"",""internalMedicine"",""internalMedicine"",""internalMedicine"",""gynecologyAndObstetrics"",""internalMedicine"",""internalMedicine"",""internalMedicine"",""pediatrics"",""internalMedicine"",""internalMedicine"",""internalMedicine"",""internalMedicine"",""pediatrics"",""gynecologyAndObstetrics"",""neonatologyPerinatalMedicine"",""pediatrics"",""internalMedicine"",""internalMedicine"",""internalMedicine"",""gynecologyAndObstetrics"",""reproductiveEndocrinologyAndInfertility"",""pediatrics"",""internalMedicine"",""internalMedicine"",""orthopedicSurgery"",""pediatrics"",""neonatologyPerinatalMedicine"",""gynecologyAndObstetrics"",""neurosurgery"",""generalSurgery"",""cardiology"",""pathology"",""radiology"",""gynecologyAndObstetrics"",""internalMedicine"",""internalMedicine"",""internalMedicine"",""gynecologyAndObstetrics"",""pediatrics"",""publicHealth"",""internalMedi","[""https://wikimapia.org/41183562/Jila-Sanyukt-Chikitsalaya"",""https://www.justdial.com/Ayodhya/Pmjay-Scheme-Hospitals-in-Harringtonganj/nct-15200323"",""http://www.onefivenine.com/india/Listing/Town/hospitals/Siddharth-Nagar/Naugarh"",""https://www.onefivenine.com/india/villages/Agra/Agra/Vibhav-Nagar"",""https://www.onefivenine.com/india/villages/Hamirpur-District/Sumerpur/Pouthia-Buzurg"",""https://standupagainstviolence.org/en_US/uttar-pradesh/"",""http://www.onefivenine.com/india/villages/Ballia/Hanumanganj/Hanumanganj"",""https://www.scribd.com/document/660315037/NSSK-Training-aug-16"",""https://www.justdial.com/Banda/Public-Hospitals-in-Pangara/nct-10393816"",""https://www.scribd.com/document/750903785/45"",""https://www.scribd.com/document/660315037/NSSK-Training-aug-16"",""https://onlinelibrary.wiley.com/doi/10.1111/apa.16534"",""http://www.onefivenine.com/india/villages/Moradabad/Moradabad/Majhola"",""h"
55,0.7664,stress_test_desert_call,"[""high_care_gap"", ""high_health_need"", ""high_trust_gap"", ""higher_uncertainty_level"", ""wide_rate_confidence_intervals"", ""small_observed_facility_sample"", ""high_critical_supply_gap_rate""]",Assam,Kamrup ,real_desert_candidate,3,0.6362724268177525,0.709362790215351,0.8999999999999999,0.636755215083361,0.677,higher,0.5615,0.85,1.0,0.43849391955098227,1.0,1.0,0.43849391955098227,1.0,0.0,0.0,0.5615060804490177,0.0,0.0,0.5615060804490177,0.0,0.0,0.5615060804490177,"North Guwahati Multi Speciality Hospital; White Dental Care, Ward No. 3, Nuruddin Rd. Near High Madrassa, Fatema Complex, Rangia, India, Assam; Yog & Naturopathy Institute","North Guwahati Multi-speciality Hospital is a hospital located in Gauhati, Assam, India. | [""urology"",""prosthodontics"",""infectiousDiseases"",""otolaryngology"",""gynecologyAndObstetrics"",""pediatrics"",""orthopedicSurgery"",""neurosurgery"",""cardiology"",""internalMedicine"",""endocrinologyAndDiabetesAndMetabolism"",""internalMedicine"",""internalMedicine"",""emergencyMedicine"",""internalMedicine"",""internalMedicine"",""internalMedicine"",""anesthesia"",""criticalCareMedicine"",""cardiology"",""otolaryngology"",""generalSurgery"",""urology"",""gynecologyAndObstetrics"",""orthopedicSurgery"",""dermatology"",""neuropsychiatry"",""psychiatry"",""radiology"",""pathology"",""nephrology"",""surgicalOncology"",""internalMedicine"",""endocrinologyAndDiabetesAndMetabolism"",""emergencyMedicine"",""painMedicinePMR"",""palliativeRehabilitationAndSupportiveCare"",""internalMedicine""] | [""Endoscopy is offered as a diagnostic procedure"",""CT scan is offered as a diag","[""https://www.justdial.com/Guwahati/North-Guwahati-Multi-Speciality-Hospital-Amingaon/9999PX361-X361-240522141432-Y4K4_BZDET"",""https://www.justdial.com/Guwahati/Diabetologist-Doctors-for-Weightloss-Diabetic/nct-10892682-att-SAF423"",""https://www.justdial.com/Rangia/Spine-Surgeons/nct-11250795"",""https://www.justdial.com/Guwahati/Hospitals-in-Adabari/nct-10253670"",""https://www.facebook.com/p/North-Guwahati-Multi-speciality-Hospital-100093532550411/"",""https://www.justdial.com/Kamrup/Hospitals-in-Palasbari/nct-10253670/page-4"",""http://ngmhospital.in/"",""https://www.mappls.com/441bio"",null]; [""https://www.facebook.com/whitedentalrangia/"",""https://www.facebook.com/103195102333000"",""https://www.doctorsfinder.in/hospital/white-dental-care-rangia-47058/"",""https://dentistinsider.in/gd-dental-12669"",null]; [""https://sevabharatipurbanchal.org/yog-naturopathy-institute-yognilayam/"",""https://www.faceboo"
56,0.7649,uncertainty_band_reduction,"[""high_care_gap"", ""high_trust_gap"", ""higher_uncertainty_level"", ""wide_rate_confidence_intervals"", ""small_observed_facility_sample"", ""high_critical_supply_gap_rate""]",Rajasthan,Banswara ,mixed_or_monitor,1,0.44316572237960333,0.6709678679565552,0.8999999999999999,0.6061751284536248,0.696,higher,0.7935,0.95,1.0,0.20654329147389294,1.0,1.0,0.20654329147389294,1.0,0.0,0.0,0.7934567085261071,0.0,0.0,0.7934567085261071,0.0,0.0,0.7934567085261071,Harsh Dental & Cosmetic Clinic,"Dentist | [""dentistry"",""aestheticDentistry"",""familyMedicine"",""familyMedicine"",""dentistry"",""orthodontics"",""aestheticDentistry"",""cosmeticDermatology"",""familyMedicine"",""dentistry"",""familyMedicine""] | [""Teeth cleaning"",""Smile makeover consultation"",""Tooth whitening"",""Orthodontic braces treatment"",""Clear aligner therapy"",""HydraFacial"",""Carbon peeling"",""Cosmetic skincare treatments (general) - consultative services""] | [] | [""Offers dental and cosmetic clinic services in Banswara"",""Provides dental and cosmetic treatments"",""Offers free consultations for treatments"",""Provides dental services and dental surgery""]","[""https://www.justdial.com/Banswara/Harsh-Dental-Cosmetic-Clinic-Near-Chamatkareshwar-Mahadev-Mandir-Rati-Talai/9999P2962-2962-250304200315-N4T3_BZDET"",""https://www.facebook.com/p/Harsh-Dental-Cosmetic-61578210697878/"",""https://www.facebook.com/61578210697878/posts/welcome-to-harshdental-cosmetic-clinicmodern-setup-painless-treatment-expert-cos/122115488720940356/"",""https://www.instagram.com/p/DSPmluxCUCu/"",""https://www.facebook.com/239230819272198"",null]"
57,0.764,uncertainty_band_reduction,"[""high_care_gap"", ""high_trust_gap"", ""higher_uncertainty_level"", ""wide_rate_confidence_intervals"", ""small_observed_facility_sample"", ""high_critical_supply_gap_rate""]",Rajasthan,Churu ,mixed_or_monitor,1,0.4402148253068934,0.6693448745665647,0.8999999999999999,0.6042570453563633,0.712,higher,0.7935,0.95,1.0,0.20654329147389294,1.0,1.0,0.20654329147389294,1.0,0.0,0.0,0.7934567085261071,0.0,0.0,0.7934567085261071,0.0,0.0,0.7934567085261071,Ratangarh Physiotherapy Clinic,"Physiotherapy clinic located in Ratangarh, Churu district, Rajasthan. | [""familyMedicine"",""physicalMedicineAndRehabilitation"",""familyMedicine"",""physicalMedicineAndRehabilitation"",""familyMedicine"",""physicalMedicineAndRehabilitation"",""familyMedicine"",""familyMedicine""] | [] | [] | [""Operates as a physiotherapy clinic with a dedicated physical therapist on staff"",""Based in Ratangarh, India"",""Facebook presence under the username DrManishKrPT"",""Has a team of physiotherapists"",""Dedicated to maximize quality of life and movement potential through physiotherapy""]","[""https://www.justdial.com/Churu/Ratangarh-Physiotherapy-Clinic-Ratangarh/9999P1562-1562-170724020357-W1V9_BZDET"",""https://www.facebook.com/DrManishKrPT/posts/2127488277566669/"",""https://www.facebook.com/1510563092592527"",""https://www.justdial.com/Churu/Ratangarh-Physiotherapy-Clinic-Near-To-Sdm-Quarter-4th-Pooliya-Ratangarh/9999P1562-1562-170724020357-W1V9_BZDET/reviews"",""https://www.justdial.com/Churu/Ratangarh-Physiotherapy-Clinic-Near-To-Sdm-Quarter-4th-Pooliya-Ratangarh/9999P1562-1562-170724020357-W1V9_BZDET/photos"",null]"
58,0.7637,uncertainty_band_reduction,"[""high_care_gap"", ""high_trust_gap"", ""higher_uncertainty_level"", ""wide_rate_confidence_intervals"", ""small_observed_facility_sample"", ""high_critical_supply_gap_rate""]",Uttar Pradesh,Kanpur Dehat ,mixed_or_monitor,1,0.4393295561850803,0.6688579765495675,0.8999999999999999,0.6036816204271848,0.756,higher,0.7935,0.95,1.0,0.20654329147389294,1.0,1.0,0.20654329147389294,1.0,0.0,0.0,0.7934567085261071,0.0,0.0,0.7934567085261071,0.0,0.0,0.7934567085261071,Krishna Pathology,"Since 2023 Krishna pathology is Well Known diagnostic pathology Lab located at Dehat, Kanpur. Established in the year 2023. | [""pathology"",""familyMedicine"",""pathology"",""pathology""] | [""Offers 433 laboratory tests"",""Tests include 1,25 Dihydroxy Vitamin D, 17 Hydroxyprogesterone, 17-Ketosteroids, 25 Hydroxy Vitamin D, Absolute Basophil Count, Absolute Eosinophil Count, Absolute Lymphocyte Count, Absolute Monocyte Count, Absolute Neutrophil Count, and Activated Partial Thromboplastin Time"",""Provides pathology laboratory testing services""] | [""Microscope"",""Laboratory glassware including beakers and flasks with a red liquid visible on the bench""] | [""Established in 2023"",""Describes itself as a well-known diagnostic pathology lab"",""Offers home sample collection"",""Provides electronic reports (e-reports)"",""Accepts cash payments"",""Has a test menu of 433 laboratory tests"",""Operates 24/7 pathology ","[""https://www.drlogy.com/kanpur/lab/krishna-pathology-lab-1"",""https://www.facebook.com/110327930700002"",""https://www.facebook.com/100375982771682"",null,null,null]"
59,0.7586,uncertainty_band_reduction,"[""high_care_gap"", ""high_trust_gap"", ""higher_uncertainty_level"", ""wide_rate_confidence_intervals"", ""small_observed_facility_sample"", ""high_critical_supply_gap_rate""]",Jharkhand,Giridih ,supply_record_quality_problem,3,0.5421388101983002,0.6575893010746522,0.9333333333333332,0.575568364280717,0.649,higher,0.6631,0.85,1.0,0.43849391955098227,1.0,0.6666666666666666,0.2076549551264879,0.9385096847238394,0.0,0.0,0.5615060804490177,0.3333333333333333,0.0614903152761605,0.7923450448735121,0.3333333333333333,0.0614903152761605,0.7923450448735121,Navjeevan Nursing Home; Vishwanath Nursing Home; Swastik Dental Care,"Partner Hospital Network member of CIPACA HEALTHCARE SERVICES PRIVATE LIMITED. | [""pediatrics"",""gynecologyAndObstetrics"",""generalSurgery"",""orthopedicSurgery"",""cardiology"",""neurosurgery"",""gynecologyAndObstetrics"",""plasticSurgery"",""pediatricSurgery"",""generalSurgery"",""otolaryngology"",""generalMedicine"",""pathology"",""radiology"",""emergencyMedicine"",""physicalMedicineAndRehabilitation"",""orthopedicSurgery"",""gynecology"",""internalMedicine"",""pulmonology"",""anesthesia"",""painMedicineAnesthesiology"",""physicalMedicineAndRehabilitation"",""emergencyMedicine"",""criticalCareMedicine"",""nephrology"",""pulmonology"",""infectiousDiseases"",""gastroenterology"",""cardiology"",""vascularNeurology"",""medicalOncology"",""medicalToxicologyEM"",""orthopedicSurgery"",""interventionalCardiology"",""neurosurgery"",""generalSurgery"",""gynecologyAndObstetrics"",""plasticSurgery"",""pediatricSurgery"",""otolaryngology"",""generalMedicine"",""nephrology"",""cri","[""https://www.justdial.com/Giridih/Clinics/nct-10101647"",""https://www.cipaca.com/sriram-hospital-24hrs-emergency-and-icu-care-in-tirukoilur"",""https://www.cipaca.com/matoshree-multispecialty-hospital-24hrs-emergency-and-icu-care-in-shrigonda-ahmednagar-maharashtra"",""https://www.cipaca.com/sri-chakra-super-speciality-Hospital-24hrs-emergency-and-icu-care-in-tenali-andhra-pradesh"",""https://cipaca.com/unakoti-nursing-care-24hrs-emergency-hospital-in-tripura"",""https://myhospitalnow.com/hospitals/cipaca---navjeevan-nursing-home"",""https://www.justdial.com/Giridih/Hospitals-in-Jamua/nct-10253670"",""https://www.justdial.com/Giridih/Private-Hospitals/nct-10390288"",""https://www.justdial.com/Giridih/Pathology-Labs-in-Makatpur/nct-10356131"",""https://www.justdial.com/Giridih/Maternity-Hospitals-in-Mandro/nct-10314263"",""https://cipaca.com/kamboj-multispeciality-hospital-24hrs-emergency-and-icu-care-in-k"
60,0.7549,uncertainty_band_reduction,"[""high_trust_gap"", ""higher_uncertainty_level"", ""wide_rate_confidence_intervals"", ""small_observed_facility_sample"", ""high_critical_supply_gap_rate""]",Uttar Pradesh,Ballia ,supply_record_quality_problem,2,0.44871340887629835,0.6335332655702233,0.9999999999999999,0.5531009627331567,0.586,higher,0.6576,0.9,1.0,0.34237195288961925,1.0,1.0,0.34237195288961925,1.0,0.0,0.0,0.6576280471103807,0.0,0.0,0.6576280471103807,1.0,0.34237195288961925,1.0,Chauhan Hospital; Ismile Dental Care,"Chauhan Hospital was started in 2003 by Dr. J.S. Chauhan (Director), a leading physician of Kanpur, to provide prompt and comprehensive diagnostics facilities using latest technology at affordable prices. It provides a complete range of family healthcare services. | [""internalMedicine"",""neurosurgery"",""ophthalmology"",""gynecologyAndObstetrics"",""pediatrics"",""pulmonology"",""internalMedicine"",""internalMedicine"",""internalMedicine"",""internalMedicine"",""internalMedicine"",""internalMedicine"",""internalMedicine"",""internalMedicine"",""gynecologyAndObstetrics"",""internalMedicine"",""internalMedicine"",""gynecologyAndObstetrics"",""internalMedicine"",""internalMedicine"",""emergencyMedicine"",""emergencyMedicine"",""internalMedicine"",""internalMedicine"",""neurology"",""psychiatry"",""pathology""] | [""Brain tumour treatment"",""Spinal tumour treatment"",""Eyes specialist treatment""] | [] | [""Founded in 2003 by Dr. J.S. Chauhan (Dire","[""http://www.onefivenine.com/india/villages/Ballia/Hanumanganj/Hanumanganj"",""https://www.indiamart.com/chauhan-hospital-kanpur/aboutus.html"",""https://www.facebook.com/593656417683300"",""https://www.facebook.com/105388178963975"",""https://www.justdial.com/Kanpur/Chauhan-Hospital-Anand-Vihar-Near-State-Bank-Of-India-Naubasta/0512PX512-X512-101231190821-R4P6_BZDET"",""https://www.facebook.com/100337179719012"",""https://www.facebook.com/110456595003504"",""https://www.medindia.net/directories/hospitals/poly-clinic-hapur-uttar-pradesh-43421.htm"",""https://www.facebook.com/p/ChauhaN-Hospital-100083250877097/"",""https://www.facebook.com/drnehasinghchauhangynecologist/"",""https://www.medindia.net/directories/hospitals/chauhan-hospital-kanpur-uttar-pradesh-22573.htm"",""https://www.lybrate.com/kanpur/doctor/dr-neha-singh-gynaecologist-2"",""https://dir.indiamart.com/kanpur/24-hours-ambulance-service.html"",""htt"
61,0.7548,uncertainty_band_reduction,"[""high_care_gap"", ""high_trust_gap"", ""higher_uncertainty_level"", ""wide_rate_confidence_intervals"", ""small_observed_facility_sample"", ""high_critical_supply_gap_rate""]",Madhya Pradesh,Vidisha ,supply_record_quality_problem,2,0.49156043437204905,0.6570991295928861,0.8999999999999999,0.5809515293053946,0.652,higher,0.719,0.9,1.0,0.34237195288961925,1.0,0.5,0.09452865480086614,0.9054713451991339,0.0,0.0,0.6576280471103807,0.5,0.09452865480086614,0.9054713451991339,0.0,0.0,0.6576280471103807,Neelanjay Multispeciality Dental Clinic; Government Homeopathic Medical College Bhopal,"Your own Dental and Implant Centre !! | [""dentistry"",""familyMedicine"",""familyMedicine"",""dentistry"",""familyMedicine"",""dentistry"",""prosthodontics"",""dentistry"",""familyMedicine"",""dentistry"",""familyMedicine"",""dentistry"",""familyMedicine""] | [""Neelanjay Multispeciality Dental Clinic does not list specific procedures in the provided content."",""Offers laser dentistry services""] | [""No specific medical equipment listed in the provided content."",""First Aid Kit is available on-site at Neelanjay Multispeciality Dental Clinic Vidisha""] | [""Dental clinic named Neelanjay Multispeciality Dental Clinic in Vidisha, Madhya Pradesh, India"",""Multispeciality dental clinic"",""Provides dental care services"",""Dental clinic offering comprehensive dental services and advanced treatments""]; GMC Bhopal is referred to in a source as a government institute in Madhya Pradesh (the page mentions 'GMC Bhopal' and 'governmen","[""https://www.indiainfo.net/d/dental-clinic-in-vidisha"",""https://www.facebook.com/neelanjayvidisha/"",""https://www.justdial.com/Vidisha/Neelanjay-Multispeciality-Dental-Clinic-In-Front-Of-Janta-School-Puranpura/9999P7592-7592-180108115506-N1T2_BZDET/reviews"",""https://www.facebook.com/894325667307744"",""https://www.justdial.com/Vidisha/Neelanjay-Multispeciality-Dental-Clinic-In-Front-Of-Janta-School-Puranpura/9999P7592-7592-180108115506-N1T2_BZDET/photos"",""https://www.joonsquare.com/dentists/neelanjay-multispeciality-dental-clinic-vidisha"",""https://www.justdial.com/Vidisha/Neelanjay-Multispeciality-Dental-Clinic-In-Front-Of-Janta-School-Puranpura/9999P7592-7592-180108115506-N1T2_BZDET"",null]; [""https://www.homeobook.com/homeopathy-medical-colleges-in-india/"",""https://synergysuperspecialityhospital.com/doctor/dr-saurabh-jain/"",""https://www.facebook.com/103332508831231"",""https://www.sehat.com"
62,0.7544,stress_test_desert_call,"[""high_care_gap"", ""high_health_need"", ""high_trust_gap"", ""higher_uncertainty_level"", ""wide_rate_confidence_intervals"", ""high_critical_supply_gap_rate""]",Gujarat,Panch Mahals ,real_desert_candidate,5,0.6995396600566571,0.7107589587801493,0.86,0.6311177830854101,0.638,higher,0.5267,0.75,1.0,0.5655085052479191,1.0000000000000002,0.8,0.3755282641185388,0.9637768390302125,0.0,-2.7755575615628914e-17,0.43449149475208104,0.2,0.03622316096978745,0.6244717358814613,0.2,0.03622316096978745,0.6244717358814613,"Akshar Family Dental Clinic and Implant Centre, Halol; A K Multispeciality Hospital; Soni Hospital; Jahnavi Orthopaedic Hospital; Gujarat Diagnostic Care Plus","Akshar Family Dental Clinic and Implant Centre is a dental clinic and implant centre located in Halol, Gujarat. | [""dentistry"",""endodontics"",""familyMedicine"",""endodontics"",""orthodontics"",""prosthodontics"",""oralAndMaxillofacialSurgery"",""cosmeticDentistry"",""dentistry"",""familyMedicine"",""familyMedicine"",""dentistry"",""prosthodontics"",""familyMedicine"",""dentistry"",""familyMedicine"",""dentistry"",""prosthodontics"",""familyMedicine"",""dentistry""] | [""Acrylic Partial Denture"",""Crowns and Bridges Fixing"",""Artificial Teeth"",""BPS Dentures Fixing"",""Cast Partial Denture"",""Conservative Dentistry"",""Cosmetic/ Aesthetic Dentistry"",""Complete/Partial Dentures Fixing"",""Impaction / Impacted Tooth Extraction"",""Endo Surgery Or Apicoectomy"",""Dental implant placement (implant dentistry services)"",""Offers Root Canal Treatment (RCT)"",""Offers Tooth Whitening"",""Offers Scaling and Polishing"",""Offers Ceramic Crowns and Bridges ","[""https://www.practo.com/panch-mahals/clinic/akshar-family-dental-clinic-and-implant-centre-harni"",""https://www.justdial.com/Panchmahal/Dr-Nilam-Patel-(Akshar-Family-Dental-Clinic-and-Implant-Centre)-Opp-ST-Workshop-Halol/9999P2672-2672-170614161004-Y6C9_BZDET"",""https://chotu.com/local/dental-clinics-in-panch-mahals-gujarat-india/ct-18418692/"",""https://www.facebook.com/Akshardentalclinichalol/"",""https://www.justdial.com/Halol/Dr-Nilam-Patel-Akshar-Family-Dental-Clinic-And-Implant-Centre-Below-Maa-Surgical-Hospital-Opposite-Bus-Stand-Halol/9999P2672-2672-170614161004-Y6C9_BZDET/reviews"",""https://www.facebook.com/1639247506324356"",""https://www.cybo.com/IN-biz/p-m-parikh-general-hospital"",null]; [""https://www.zurichkotak.com/network-locator/cashless-hospitals/bokaro/chest-hospital-and-research-centre"",""https://www.zurichkotak.com/network-locator/cashless-hospitals/agra/srivastava-fracture-&"
63,0.7536,uncertainty_band_reduction,"[""high_care_gap"", ""high_trust_gap"", ""higher_uncertainty_level"", ""wide_rate_confidence_intervals"", ""small_observed_facility_sample"", ""high_critical_supply_gap_rate""]",Uttar Pradesh,Kheri ,mixed_or_monitor,2,0.5442634560906515,0.6860857915381176,0.7999999999999999,0.6152084934224862,0.748,higher,0.7496,0.9,1.0,0.34237195288961925,1.0,0.5,0.09452865480086614,0.9054713451991339,0.0,0.0,0.6576280471103807,0.5,0.09452865480086614,0.9054713451991339,0.5,0.09452865480086614,0.9054713451991339,District Hospital Durg; Urmila Dental Clinic,"District Hospital, Agra | [""internalMedicine"",""internalMedicine"",""internalMedicine"",""gynecologyAndObstetrics"",""pediatrics"",""internalMedicine"",""internalMedicine"",""internalMedicine"",""internalMedicine"",""gynecologyAndObstetrics"",""internalMedicine"",""internalMedicine"",""internalMedicine"",""internalMedicine"",""internalMedicine"",""dentistry"",""radiology"",""pediatrics"",""ophthalmology"",""otolaryngology"",""dermatology"",""dentistry"",""orthopedicSurgery"",""psychiatry"",""internalMedicine"",""internalMedicine"",""internalMedicine"",""gynecologyAndObstetrics"",""familyMedicine"",""internalMedicine"",""internalMedicine"",""internalMedicine"",""internalMedicine"",""clinicalPathology"",""internalMedicine"",""internalMedicine"",""ophthalmology"",""internalMedicine"",""internalMedicine"",""physicalMedicineAndRehabilitation"",""internalMedicine"",""internalMedicine"",""emergencyMedicine"",""internalMedicine"",""internalMedicine"",""internalMedicine"",""internalMed","[""https://durg.gov.in/en/public-utility-category/hospitals/"",""https://en.wikipedia.org/wiki/Raebareli"",""https://sbtcup.org/LicencedBloodCenter.aspx"",""https://kawardha.gov.in/departments/health/"",""https://durg.gov.in/en/public-utility/district-hospital-durg/"",""http://www.onefivenine.com/india/Listing/Town/hospitals/Kheri/Kheri"",""http://www.onefivenine.com/india/Listing/Town/hospitals/Mahasamund/Mahasamund"",""https://www.docindia.org/doctors/pune/dr-dipali-a-sarwade-gynecology"",""https://mobile.zmedhealth.com/h-26754/Siddhi-Vinayak-Hospital"",""http://www.onefivenine.com/india/city/Muzaffarnagar"",""https://www.justdial.com/Rampur/District-Hospital-Rampur-Swar-Bazpur-Marg/9999P5952-5952-220214213925-J2L1_BZDET"",""https://innovationmeditech.com/clients/"",""https://sitapur.nic.in/icccsitapur/"",""https://ballia.nic.in/health/"",""https://en.wikipedia.org/wiki/District_Hospital,_Agra"",""https://www.medind"
64,0.7531,uncertainty_band_reduction,"[""high_care_gap"", ""high_trust_gap"", ""higher_uncertainty_level"", ""wide_rate_confidence_intervals"", ""small_observed_facility_sample""]",Madhya Pradesh,Ashoknagar ,supply_record_quality_problem,1,0.4757436260623229,0.6888857149820509,0.7999999999999999,0.6273507658473925,0.73,higher,0.7935,0.95,1.0,0.20654329147389294,1.0,0.0,0.0,0.7934567085261071,0.0,0.0,0.7934567085261071,1.0,0.20654329147389294,1.0,1.0,0.20654329147389294,1.0,Primary Health Center Tada,"Govt Health Center listed near Tendudabar(p). | [""internalMedicine"",""internalMedicine"",""familyMedicine"",""familyMedicine"",""familyMedicine"",""internalMedicine"",""internalMedicine"",""internalMedicine"",""familyMedicine"",""internalMedicine"",""internalMedicine"",""internalMedicine"",""internalMedicine"",""internalMedicine"",""familyMedicine"",""internalMedicine"",""internalMedicine"",""internalMedicine"",""familyMedicine"",""internalMedicine"",""familyMedicine"",""internalMedicine"",""internalMedicine"",""familyMedicine"",""internalMedicine"",""internalMedicine"",""familyMedicine"",""internalMedicine"",""familyMedicine"",""internalMedicine"",""internalMedicine"",""familyMedicine"",""internalMedicine"",""familyMedicine"",""internalMedicine"",""familyMedicine"",""internalMedicine"",""internalMedicine"",""internalMedicine"",""familyMedicine"",""internalMedicine"",""internalMedicine"",""internalMedicine"",""familyMedicine"",""internalMedicine"",""familyMedicine"",""internal","[""https://www.onefivenine.com/india/villages/Sagar/Kesli/Tendudabar_3ap_4a"",""https://www.onefivenine.com/india/villages/Shivpuri/Kolaras/Lukwasa"",""https://korea.gov.in/en/public-utility-category/hospitals/"",""https://korea.gov.in/en/public-utility-category/hospitals/page/3/"",""https://janjgir-champa.gov.in/en/public-utility-category/hospitals/page/4/"",""https://korea.gov.in/en/public-utility-category/hospitals/page/3/"",""https://korba.gov.in/en/departments/health/"",""https://korba.gov.in/en/public-utility/primary-health-centre-korba/"",""https://ayushmancardhospitals.com/central-hospital-s-e-c-l-bishrampur-surajpur-chhattisgarh/"",""http://www.onefivenine.com/india/villages/Surguja/Batauli/Bansajhal"",""http://www.onefivenine.com/india/Listing/Town/hospitals/Mahasamund/Mahasamund"",""http://www.onefivenine.com/india/villages/Indore/Sanwer/Paliya"",""http://www.onefivenine.com/india/villag/Korba/Kartala"
65,0.753,uncertainty_band_reduction,"[""high_care_gap"", ""high_trust_gap"", ""higher_uncertainty_level"", ""wide_rate_confidence_intervals"", ""small_observed_facility_sample"", ""high_critical_supply_gap_rate""]",Uttar Pradesh,Mahrajganj ,mixed_or_monitor,2,0.4992917847025496,0.6613513722746613,0.8999999999999999,0.58597690702022,0.723,higher,0.6883,0.9,1.0,0.34237195288961925,1.0,1.0,0.34237195288961925,1.0,0.0,0.0,0.6576280471103807,0.5,0.09452865480086614,0.9054713451991339,0.0,0.0,0.6576280471103807,Ishan Pathology; KMC Digital Hospital,"Pathology Lab | [""pathology"",""pathology"",""Cytopathology"",""maternalFetalMedicineOrPerinatology"",""andrologyAndMaleFertility"",""endocrinologyAndDiabetesAndMetabolism"",""pathology"",""pathology"",""familyMedicine"",""pathology"",""pathology"",""pathology"",""pathology"",""familyMedicine""] | [""Ishan Pathology operates as a pathology laboratory offering tests including Complete Blood Count (CBC) and related hematology panels."",""Ishan Pathology offers lipid profile testing."",""Ishan Pathology offers thyroid function tests."",""Ishan Pathology offers liver function tests."",""Ishan Pathology offers renal/kidney function panels (RFT/KFT)."",""Ishan Pathology offers HIV testing."",""Ishan Pathology offers hepatitis testing."",""Ishan Pathology offers pregnancy testing."",""Ishan Pathology offers semen analysis."",""Ishan Pathology provides blood test home visits."",""Pregnancy Tests"",""Complete Blood Count (CBC)"",""Lipid Profile"",""","[""https://www.justdial.com/Maharajganj/Ishan-Pathology-Near-Bank-Of-India-Gorakhpur-Road/9999P5523-5523-240831125540-C1C3_BZDET"",""https://rudra-prayag.uttarakhandonline.in/blood-test-and-path-labs/2820"",""https://www.facebook.com/103009475181614"",""https://shahdol.mponline.in/blood-test-and-path-labs/2820"",""https://forbesganj.biharonline.in/blood-test-and-path-labs/2820"",""https://www.mainpurionline.in/cancer-marker-tests-blood-test-and-path-labs/32174"",""https://www.facebook.com/Ishanpathologylab/"",""https://bazpur.uttarakhandonline.in/blood-test-and-path-labs/2820"",""https://maharajganj.uponline.in/business/ishan-pathology-47029"",""https://www.dehradunonline.in/hemoglobin-a1c-hba1c-blood-test-and-path-labs/32155"",null]; [""https://kmcmedicalcollege.com/hospital"",""https://www.ambitionbox.com/overview/kmc-digital-hospital-overview"",""https://www.drlogy.com/ayushman-bharat/hospitals/uttar-pradesh/"
66,0.7526,uncertainty_band_reduction,"[""high_trust_gap"", ""higher_uncertainty_level"", ""wide_rate_confidence_intervals"", ""small_observed_facility_sample"", ""high_critical_supply_gap_rate""]",Rajasthan,Karauli ,supply_record_quality_problem,1,0.3333333333333333,0.6105600539811067,0.9999999999999999,0.5347840755735492,0.609,higher,0.7935,0.95,1.0,0.20654329147389294,1.0,1.0,0.20654329147389294,1.0,0.0,0.0,0.7934567085261071,0.0,0.0,0.7934567085261071,0.0,0.0,0.7934567085261071,Malik Dental Hospital,"a leading visionary in dental care | [""dentistry"",""internalMedicine"",""dentistry"",""internalMedicine"",""dentistry"",""internalMedicine"",""dentistry"",""internalMedicine"",""dentistry"",""orthodontics"",""aestheticDentistry""] | [""Performs laser gingivoplasty"",""Performs laser root canal treatment (Laser RCT)"",""Offers laser dentistry services""] | [""Wheelchair accessible entrance and exit"",""Laser dentistry equipment used for dental procedures""] | [""Has a new branch in Jhotwara, Jaipur"",""New branch in Jhotwara, Jaipur was announced on 1 September 2024"",""Specializes in orthodontic care"",""Specializes in facial aesthetics"",""Offers painless laser surgeries"",""Offers laser dentistry services""]","[""https://www.justdial.com/Hindaun/Malik-Dental-Hospital-In-Front-Of-Jaat-Ki-Saray-Stadium-Hindaun-City/9999P7469-7469-221202004723-F8X1_BZDET/reviews"",""https://www.facebook.com/107411701897585"",""https://www.facebook.com/p/Malik-Dental-Hospital-100082820860255/"",""https://www.facebook.com/107411701897585"",""https://www.justdial.com/Hindaun/Malik-Dental-Hospital-In-Front-Of-Jaat-Ki-Saray-Stadium-Hindaun-City/9999P7469-7469-221202004723-F8X1_BZDET"",null]"
67,0.7506,uncertainty_band_reduction,"[""high_trust_gap"", ""higher_uncertainty_level"", ""wide_rate_confidence_intervals"", ""small_observed_facility_sample"", ""high_critical_supply_gap_rate""]",Bihar,Rohtas ,supply_record_quality_problem,2,0.47007790368271957,0.6452837377137549,0.95,0.5669878843573305,0.68,higher,0.6576,0.9,1.0,0.34237195288961925,1.0,1.0,0.34237195288961925,1.0,0.0,0.0,0.6576280471103807,0.0,0.0,0.6576280471103807,0.0,0.0,0.6576280471103807,Apna Homoeo Clinic; Dental Clinic,"Homeopathic clinic (Apna Homoeo Clinic) | [""familyMedicine"",""familyMedicine"",""familyMedicine"",""familyMedicine""] | [""Offers homeopathic consultation services"",""Provides homeopathic consultations and treatments"",""Offers homeopathic treatment for pigmentary diseases"",""Offers homeopathic treatment for joint pain"",""Provides stress management programs"",""Provides bed-wetting management"",""Provides homeopathic consultation and treatment""] | [""Stethoscope visible on the doctor's desk"",""Tensoval blood pressure monitor present"",""Shelves stocked with homeopathic medicines"",""Stethoscope visible in clinic interior photos""] | [""Established in 1992"",""Outpatient homeopathic clinic"",""Affiliated with Dr. A.K. Pandey, DHMS (BU)"",""Founded in 1992"",""Specializes in homeopathic health services and holistic treatments"",""Has 33 years of healthcare experience"",""Specializes in homeopathy"",""Has 33 years of healthcare","[""https://www.justdial.com/Dehri-On-Sone/Apna-Homoeo-Clinic-Near-Dehri-Municipal-Office-Dehri-Bmp/9999P6188-6188-220726151600-H3C3_BZDET/photos"",""https://www.justdial.com/Dehri-On-Sone/Apna-Homoeo-Clinic-Near-Dehri-Municipal-Office-Dehri-Bmp/9999P6188-6188-220726151600-H3C3_BZDET"",""https://www.justdial.com/Rohtas/Apna-Homoeo-Clinic-Near-Dehri-Municipal-Office-Dehri-On-Sone/9999P6188-6188-220726151600-H3C3_BZDET/reviews"",""https://www.facebook.com/1511919728842028"",null]; [""https://www.indiainfo.net/d/dental-clinic-in-rohtas"",""https://www.facebook.com/148112898871524"",""https://www.facebook.com/105026368309482"",null,null]"
68,0.7494,uncertainty_band_reduction,"[""high_care_gap"", ""high_trust_gap"", ""higher_uncertainty_level"", ""wide_rate_confidence_intervals"", ""small_observed_facility_sample"", ""high_critical_supply_gap_rate""]",Bihar,Sheikhpura ,mixed_or_monitor,2,0.5016525023607177,0.6626497669866538,0.8999999999999999,0.5875113734980293,0.565,higher,0.6576,0.9,1.0,0.34237195288961925,1.0,1.0,0.34237195288961925,1.0,0.0,0.0,0.6576280471103807,0.0,0.0,0.6576280471103807,0.0,0.0,0.6576280471103807,Primary Health Centre Marauna; Referal Hospital,"PHC Marauna is an Ayushman Card Empanelled Hospital located in Supaul, Bihar under Ayushman Bharat – PM-JAY. | [""internalMedicine"",""gynecologyAndObstetrics"",""familyMedicine"",""internalMedicine"",""internalMedicine"",""familyMedicine"",""internalMedicine"",""internalMedicine"",""internalMedicine"",""familyMedicine"",""internalMedicine"",""internalMedicine"",""familyMedicine"",""internalMedicine"",""familyMedicine"",""internalMedicine"",""internalMedicine"",""familyMedicine"",""internalMedicine"",""familyMedicine"",""internalMedicine"",""familyMedicine"",""internalMedicine"",""familyMedicine"",""internalMedicine"",""familyMedicine"",""internalMedicine"",""familyMedicine"",""internalMedicine"",""internalMedicine"",""internalMedicine"",""internalMedicine"",""internalMedicine"",""internalMedicine"",""internalMedicine"",""internalMedicine"",""familyMedicine"",""familyMedicine"",""internalMedicine"",""internalMedicine"",""internalMedicine"",""familyMedicine"",""internalMe","[""https://ayushmancardhospitals.com/community-health-centre-sono-jamui-bihar/"",""https://ayushmancardhospitals.com/referral-hospital-amarpur-banka-bihar/"",""http://www.onefivenine.com/india/Listing/Town/hospitals/Lakhisarai/Ramgarh-Chowk"",""http://www.onefivenine.com/india/villages/Lakhisarai/Halsi/Bandol-Tola"",""http://www.onefivenine.com/india/Listing/Town/hospitals/Godda/Pathergama"",""http://www.onefivenine.com/india/Listing/Town/hospitals/Gaya/Paraiya"",""http://www.onefivenine.com/india/villages/Arwal/Arwal/Piprabangla"",""https://www.onefivenine.com/india/villages/Nalanda/Ben/Birbal-Bigha"",""http://www.onefivenine.com/india/Listing/Town/hospitals/Samastipur/Patori"",""https://www.onefivenine.com/india/Listing/Locality/hospitals/Gaya/Gaya/Manpur-Patwatoli"",""http://www.onefivenine.com/india/Listing/Town/hospitals/Aurangabad/Barun"",""http://www.onefivenine.com/india/villages/Kaimur-_3aBhabua_4a/Bh"
69,0.749,stress_test_desert_call,"[""high_care_gap"", ""high_health_need"", ""high_trust_gap"", ""higher_uncertainty_level"", ""wide_rate_confidence_intervals"", ""small_observed_facility_sample"", ""high_critical_supply_gap_rate""]",Bihar,Saran ,real_desert_candidate,2,0.6176817752596789,0.7264658670810826,0.6749999999999999,0.662930400882354,0.82,higher,0.7496,0.9,0.5,0.09452865480086614,0.9054713451991339,0.5,0.09452865480086614,0.9054713451991339,0.0,0.0,0.6576280471103807,0.5,0.09452865480086614,0.9054713451991339,0.0,0.0,0.6576280471103807,Shri Moti Singh Jageshwari Ayurveda College and Hospital; Sanjeevan Sparsh Hospital,"Shri Moti Singh Jageshwari Ayurveda College and Hospital in Chapra, Bihar. Recognised by the Ministry of AYUSH, Govt. of India; affiliated to Bihar University of Health Sciences, Patna; NCISM recognition; offers BAMS (4.5 years); intake 60 UG seats. | [""internalMedicine"",""internalMedicine"",""internalMedicine"",""internalMedicine"",""internalMedicine"",""internalMedicine"",""internalMedicine""] | ["""",""""] | ["""",""Well-equipped laboratories for anatomy, physiology, and pharmacology"",""Ayurveda Sharir Museum"",""Library with Ayurvedic texts and modern journals"",""Herbal garden with 200+ medicinal plants"",""IT infrastructure for ICT-enabled classrooms"",""Ambulance and 24x7 on-site emergency services"",""Attached hospital for clinical training with departments Kayachikitsa, Panchakarma, Shalya Tantra"",""""] | [""Recognised by the Ministry of AYUSH, Govt. of India"",""Affiliated to Bihar University of Health Sciences,","[""https://motiayurved.com/collage_overview.php"",""https://motiayurved.com/contact.php"",""https://ayurvediccollegeindia.com/college-search/shri-motisingh-jageshwari-ayurved-college-hospital/"",""https://www.facebook.com/107271891513539"",""https://edutechagra.com/shri-moti-singh-jageshwari-ayurved-college-hospital-chapra/"",""https://www.justdial.com/Chapra/Hospitals-in-Sahebganj/nct-10253670/page-3"",""https://www.facebook.com/160271123829986"",""https://www.aimset.in/college/shri-motisingh-jageshwari-ayurved-college-hospital"",null,null]; [""https://www.justdial.com/Chapra/Sanjeevan-Sparsh-Hospital-Bhagwan-Bazar/9999P6152-6152-220329215758-E2F5_BZDET"",""https://www.justdial.com/Saran/Sanjeevan-Sparsh-Hospital-Bhagwan-Bazar/9999P6152-6152-220329215758-E2F5_BZDET/reviews"",""https://www.instagram.com/p/DBTPo48y_0a/"",""http://www.sanjeevansparshhospital.com/"",""https://www.facebook.com/114046070784969"",""http"
70,0.7488,uncertainty_band_reduction,"[""high_trust_gap"", ""higher_uncertainty_level"", ""wide_rate_confidence_intervals"", ""small_observed_facility_sample"", ""high_critical_supply_gap_rate""]",Rajasthan,Bundi ,mixed_or_monitor,1,0.3914660056657224,0.6425330237639206,0.8999999999999999,0.5725703125896022,0.756,higher,0.7935,0.95,1.0,0.20654329147389294,1.0,1.0,0.20654329147389294,1.0,0.0,0.0,0.7934567085261071,0.0,0.0,0.7934567085261071,0.0,0.0,0.7934567085261071,"Balaji Lab - Collection Center; Shop No. 35, Rajat Colony gate no.2 Nenva Road Bundi","Balaji Diagnostic and research center is best Diagnostics in Bundi Rajasthan. Balaji Lab offers a wide range of diagnostic services. And have experienced qualified team that deliver quality services with the latest technology and utmost ethical and clinical standards. | [""radiology"",""pathology"",""familyMedicine"",""radiology"",""pathology"",""familyMedicine"",""radiology"",""pathology"",""cardiology"",""neurology"",""familyMedicine"",""pathology"",""radiology"",""endocrinologyAndDiabetesAndMetabolism"",""radiology"",""pathology"",""neurology"",""familyMedicine"",""radiology"",""familyMedicine""] | [""Multi-Slice CT Scan"",""Sonography including 3D/4D Ultrasound"",""Digital X-Ray"",""ECG"",""TMT"",""EEG"",""Blood Test"",""Offers Multi-Slice CT Scan"",""Provides Sonography including 3D/4D ultrasound"",""Provides Digital X-Ray services"",""Performs ECG testing"",""Performs TMT (treadmill test)"",""Performs EEG testing"",""Conducts blood tests"",""Provide","[""http://www.balajilab.com/"",""http://www.balajilab.com/"",""http://www.balajilab.com/"",""https://www.balajilab.com/"",""https://www.justdial.com/Bundi/Balaji-Diagnostic-Research-Centre-Opposite-Kumbha-Stadium-Near-Hotel-Grand-Parmeshwari-Madhuban-Colony-Madhuban-Colony/9999PMULDELSTD30033_BZDET"",""http://www.balajilab.com/"",""https://www.facebook.com/799687973426837"",""https://www.balajilab.com/blood-test"",""https://dir.indiamart.com/ajmer/x-ray-services.html"",null]"
71,0.7472,uncertainty_band_reduction,"[""high_care_gap"", ""high_trust_gap"", ""higher_uncertainty_level"", ""wide_rate_confidence_intervals"", ""small_observed_facility_sample""]",Telangana,Adilabad ,supply_record_quality_problem,1,0.45703493862134087,0.6785959368895108,0.7999999999999999,0.6151901190107542,0.778,higher,0.7935,0.95,1.0,0.20654329147389294,1.0,0.0,0.0,0.7934567085261071,0.0,0.0,0.7934567085261071,1.0,0.20654329147389294,1.0,1.0,0.20654329147389294,1.0,Srinivasa Nursing Home,"Director: Dr. K Rama Ashok | [""familyMedicine"",""gynecologyAndObstetrics"",""generalSurgery"",""anesthesia"",""radiology"",""internalMedicine"",""familyPlanningAndComplexContraception"",""physicalMedicineAndRehabilitation"",""orthopedicSurgery"",""neurology"",""gynecology"",""dermatology"",""dermatology"",""cosmeticDermatology"",""pediatricDermatology"",""generalSurgery"",""gynecologyAndObstetrics"",""internalMedicine"",""obstetricsAndMaternityCare"",""internalMedicine"",""internalMedicine"",""internalMedicine"",""gynecologyAndObstetrics"",""internalMedicine"",""obstetricsAndMaternityCare"",""orthopedicSurgery"",""internalMedicine"",""pediatrics"",""obstetricsAndMaternityCare"",""gynecologyAndObstetrics"",""internalMedicine"",""gynecologyAndObstetrics"",""obstetricsAndMaternityCare"",""internalMedicine"",""gynecologyAndObstetrics"",""reproductiveEndocrinologyAndInfertility"",""familyMedicine"",""gynecologyAndObstetrics"",""internalMedicine"",""obstetricsAndMatern","[""http://www.healthinsuranceindia.org/cashless_hospital_india/andhra_pradesh.html"",""https://www.practo.com/hyderabad/clinic/sathyam-homoeopathy-dilsukhnagar"",""https://www.clinicspots.com/hospital/vijaya-nursing-home-2"",""https://www.practo.com/hyderabad/clinic/spandana-physiotherapy-clinic-chanda-nagar"",""https://www.practo.com/hyderabad/clinic/dr-venus-institute-of-skin-hair-speciality-clinics-chanda-nagar"",""https://www.docindia.org/doctors/hyderabad/dr-m-v-ranga-rao-surgery"",""https://www.medicineindia.org/hospitals-in-city/hyderabad-andhra-pradesh"",""https://www.medicineindia.org/hospitals-in-state/andhra-pradesh"",""https://www.medicineindia.org/hospitals-in-city/hyderabad-andhra-pradesh"",""https://www.medicineindia.org/hospitals-in-city/hyderabad-andhra-pradesh"",""https://www.medicineindia.org/hospitals-in-city/hyderabad-andhra-pradesh"",""https://www.medicineindia.org/hospitals-in-city/hyder"
72,0.7464,uncertainty_band_reduction,"[""high_care_gap"", ""high_trust_gap"", ""higher_uncertainty_level"", ""wide_rate_confidence_intervals"", ""small_observed_facility_sample""]",Uttar Pradesh,Sitapur ,supply_record_quality_problem,1,0.45432011331444766,0.6771027829707195,0.7999999999999999,0.6134254825612735,0.766,higher,0.7935,0.95,1.0,0.20654329147389294,1.0,0.0,0.0,0.7934567085261071,0.0,0.0,0.7934567085261071,1.0,0.20654329147389294,1.0,1.0,0.20654329147389294,1.0,"Primary Health Center, Katarkhatav","A primary health sub-centre located in the village of Tulas, providing primary health care services with 0 doctors and 2 paramedical staff. | [""internalMedicine"",""familyMedicine"",""internalMedicine"",""gynecologyAndObstetrics"",""infectiousDiseases"",""familyPlanningAndComplexContraception"",""familyMedicine"",""maternalAndChildHealth"",""pediatrics"",""infectiousDiseases"",""familyPlanningAndComplexContraception"",""familyMedicine"",""familyMedicine"",""internalMedicine"",""familyMedicine"",""internalMedicine"",""internalMedicine"",""familyMedicine"",""internalMedicine"",""familyMedicine"",""internalMedicine"",""familyMedicine"",""internalMedicine"",""internalMedicine"",""familyMedicine"",""internalMedicine"",""familyMedicine"",""maternalAndChildHealth"",""infectiousDiseases"",""familyMedicine"",""internalMedicine"",""familyMedicine"",""internalMedicine"",""familyMedicine"",""internalMedicine"",""familyMedicine"",""generalMedicine"",""familyMedicine"",""inte","[""https://www.satara.gov.in/en/public-utilities/hospitals/"",""https://geolysis.com/p/in/mh/sindhudurg/vengurla/tulas"",""https://geolysis.com/p/in/up/sitapur/misrikh/macharehta"",""https://nashik.gov.in/en/public-utility/primary-health-centre-wavi/"",""https://www.satara.gov.in/en/public-utilities/hospitals/"",""https://www.satara.gov.in/en/public-utilities/hospitals/"",""https://www.satara.gov.in/en/public-utilities/hospitals/"",""https://www.satara.gov.in/en/public-utilities/hospitals/"",""https://www.satara.gov.in/en/public-utilities/hospitals/"",""https://nagpur.gov.in/health/"",""https://nashik.gov.in/en/public-utility-category/hospitals/page/6/"",""https://cprindia.org/author/admin/"",""http://www.onefivenine.com/india/Listing/Town/hospitals/Pune/Khed"",""https://nagarzp.gov.in/en/health/"",""https://www.satara.gov.in/en/public-utilities/hospitals/"",""https://www.satara.gov.in/en/public-utilities/hospitals/"","
73,0.7456,uncertainty_band_reduction,"[""high_trust_gap"", ""higher_uncertainty_level"", ""wide_rate_confidence_intervals"", ""small_observed_facility_sample"", ""high_critical_supply_gap_rate""]",Gujarat,Devbhumi Dwarka ,supply_record_quality_problem,3,0.5239022662889518,0.6475592019245106,0.8999999999999999,0.5637146107396405,0.675,higher,0.6631,0.85,1.0,0.43849391955098227,1.0,0.6666666666666666,0.2076549551264879,0.9385096847238394,0.0,0.0,0.5615060804490177,0.3333333333333333,0.0614903152761605,0.7923450448735121,0.3333333333333333,0.0614903152761605,0.7923450448735121,Sanjeevni Hospital; Param Hospital; Vedant Multispeciality Hospital,"Open 24 Hrs | [""internalMedicine"",""internalMedicine"",""internalMedicine"",""internalMedicine"",""internalMedicine"",""internalMedicine"",""gynecologyAndObstetrics"",""reproductiveEndocrinologyAndInfertility"",""medicalOncology"",""internalMedicine"",""gynecologyAndObstetrics"",""obstetricsAndMaternityCare"",""reproductiveEndocrinologyAndInfertility"",""radiology"",""adolescentMedicine"",""familyPlanningAndComplexContraception"",""menopauseAndMidlifeHealth"",""medicalOncology"",""internalMedicine"",""internalMedicine"",""internalMedicine"",""internalMedicine"",""internalMedicine"",""internalMedicine"",""internalMedicine"",""internalMedicine"",""internalMedicine"",""internalMedicine"",""internalMedicine"",""internalMedicine"",""internalMedicine"",""internalMedicine"",""internalMedicine"",""generalSurgery"",""internalMedicine"",""criticalCareMedicine"",""internalMedicine"",""internalMedicine"",""internalMedicine"",""internalMedicine"",""internalMedicine"",""internalMe","[""http://www.onefivenine.com/india/Places/Taluk/Anand/Umreth/Hospital"",""https://www.justdial.com/Gandhidham/Hospitals-in-Vinayak-Society/nct-10253670"",""http://www.onefivenine.com/india/villages/Jamnagar/Okhamandal/Makanpur"",""http://www.healthinsuranceindia.org/cashless_hospital_india/gujrat.html"",""http://www.onefivenine.com/india/Listing/Locality/hospitals/Porbandar/Porbandar/Dut-Sai-Nagar"",""http://www.onefivenine.com/india/Listing/Locality/hospitals/Gandhinagar/Gandhinagar/Sector-18"",""https://www.justdial.com/Gandhidham/Sanjeevani-Hospital-Near-Hero-Showroom-Behind-Croma-Showroom-Gandhidham-Sector-1/9999P2836-2836-200826123402-A2W3_BZDET"",""http://brindagynec.com/"",""https://www.mappls.com/place-sanjeevani+hospital-swastik+society-sihor-gujarat-364240-AFJE1P@zdata=MjEuNzE5MTY5KzcxLjk1ODY0OSsxNytBRkpFMVArK25yed"",""http://www.cashlesshospitalindia.com/cashless-hospital-india/gujrat.html"",""ht"
74,0.7432,uncertainty_band_reduction,"[""high_trust_gap"", ""higher_uncertainty_level"", ""wide_rate_confidence_intervals"", ""small_observed_facility_sample"", ""high_critical_supply_gap_rate""]",Tamil Nadu,Thiruvarur ,mixed_or_monitor,1,0.37370160528800755,0.6327626035561775,0.8999999999999999,0.5610234523440875,0.696,higher,0.7935,0.95,1.0,0.20654329147389294,1.0,1.0,0.20654329147389294,1.0,0.0,0.0,0.7934567085261071,0.0,0.0,0.7934567085261071,0.0,0.0,0.7934567085261071,"Deepam Homoeo Clinic, 29A, Pidari Kovil Street, Thiruvarur – 610001, Tamil Nadu, India","Deepam Homoeo Clinic is the centre of Homoeopathic treatment for male infertility. We are giving the Homoeopathic medicines to solve the varicocele problem without going for Surgery. | [""familyMedicine"",""andrologyAndMaleFertility"",""reproductiveEndocrinologyAndInfertility"",""familyMedicine"",""internalMedicine""] | [""Varicocele treatment without surgery"",""Oligospermia treatment without surgery"",""Azoospermia treatment without surgery"",""Impotence treatment without surgery"",""Treatment for sperm DNA fragmentation"",""Homeopathic treatment for tonsillitis"",""Homeopathic treatment for gallbladder stones"",""Homeopathic treatment for nasal polyps"",""Non-surgical varicocele treatment"",""Homeopathic treatment for azoospermia"",""Homeopathic treatment for male infertility"",""Homeopathic treatment for oligospermia""] | [] | [""Non-surgical treatment for varicocele and other male infertility conditions using homeopa","[""https://www.deepamhomoeoclinics.com/physician.html"",""https://www.facebook.com/1164586300284200"",null]"
75,0.7423,uncertainty_band_reduction,"[""high_care_gap"", ""high_trust_gap"", ""higher_uncertainty_level"", ""wide_rate_confidence_intervals"", ""small_observed_facility_sample"", ""high_critical_supply_gap_rate""]",Odisha,Puri ,mixed_or_monitor,2,0.47904863078375826,0.6502176376193262,0.8999999999999999,0.5728188569730056,0.696,higher,0.6576,0.9,1.0,0.34237195288961925,1.0,1.0,0.34237195288961925,1.0,0.0,0.0,0.6576280471103807,0.0,0.0,0.6576280471103807,0.0,0.0,0.6576280471103807,Ayurdwar Clinic; Usha Memorial Clinic,"Ayurdwar Clinic is a complete centre of Ayurveda, Panchakarma, Yoga & Alternative Healing. | [""familyMedicine"",""familyMedicine"",""familyMedicine"",""familyMedicine"",""familyMedicine""] | | | [""Offers Ayurveda, Panchakarma, Yoga and Alternative Healing services"",""Located in Puri, Odisha, India"",""Listed under the 'Alternative & Holistic Health Service' category on Facebook""]; Usha Memorial Clinic is a private hospital in Puri, Odisha. | [""familyMedicine"",""internalMedicine"",""gynecologyAndObstetrics"",""internalMedicine"",""familyMedicine"",""familyMedicine"",""familyMedicine"",""dentistry"",""radiology"",""familyMedicine"",""familyMedicine""] | [] | [""Has wheelchair-accessible car parking"",""Has wheelchair-accessible entrance and exit""] | [""Listed as a hospital in Pipili, Odisha, India"",""Has a rating of 4.7 based on 18 reviews"",""Private hospital in Puri, Odisha"",""Listed in Medindia's hospital directory as Usha Me","[""https://www.facebook.com/539601832718995"",""https://ayurdwar.com/contact-us/"",""https://ayurdwar.com/team/"",""https://www.facebook.com/ayurdwar/"",""http://ayurdwar.com/"",null]; [""https://rentechdigital.com/smartscraper/business-report-details/india/odisha/list-of-hospitals-in-pipili"",""https://in.infoaboutcompanies.com/Catalog/OD/Pipili/Emergency-Clinic/Usha-Memorial-Clinic"",""https://chotu.com/local/dental-clinics-in-puri-odisha-india/ct-18418806/"",""https://www.medindia.net/directories/hospitals/usha-memorial-clinic-puri-odisha-8536.htm"",""https://www.medindia.net/directories/hospitals/gop-community-health-centre-chc-puri-odisha-105164.htm"",""https://www.justdial.com/Puri/Usha-Memorial-Clinic-Pipili/9999P6752-6752-180628162051-H8S7_BZDET"",""https://www.facebook.com/1597808953580314"",null]"
76,0.7402,uncertainty_band_reduction,"[""high_care_gap"", ""high_trust_gap"", ""higher_uncertainty_level"", ""wide_rate_confidence_intervals"", ""small_observed_facility_sample"", ""high_critical_supply_gap_rate""]",Maharastra,Nandurbar ,supply_record_quality_problem,4,0.5881137865911238,0.6646569146089238,0.875,0.5799460260615583,0.683,higher,0.5882,0.8,1.0,0.5100999795960008,1.0,0.75,0.3006360524426366,0.9544139373553637,0.0,0.0,0.48990002040399916,0.25,0.045586062644636216,0.6993639475573634,0.25,0.045586062644636216,0.6993639475573634,Sushrut Nursing Home; Patel Dental Clinic; Dr.Ahuja's Multispeciality Dental Clinic; Smit Hospital,"Sushrut Nursing Home listed with Dr. Pradeep Jain in Shahada, Nandurbar, Maharashtra. | [""internalMedicine"",""familyMedicine"",""medicalOncology"",""familyMedicine"",""internalMedicine"",""internalMedicine"",""dentistry"",""internalMedicine""] | [""""] | [""""] | [""Sushrut nursing home operates as a General Surgeon Clinic"",""Has 1 doctor on staff"",""Dr. Balkrishna Patel serves as a General Surgeon on staff with 47 years of experience"",""Private hospital in Shahada, Nandurbar"",""Has operated for 10 years in healthcare"",""""]; Dental hospital compatible and fully equipped with latest technology for all dental procedures at affordable price. | [""dentistry"",""familyMedicine"",""dentistry"",""pediatricDentistry"",""oralAndMaxillofacialSurgery"",""familyMedicine"",""dentistry"",""familyMedicine"",""dentistry""] | [""Offers all dental procedures""] | [""Equipped with latest dental technology for all dental procedures""] | [""Operates as a","[""https://www.justdial.com/Nandurbar/Dr-Pradeep-Jain-sushrut-Nursing-Home-Shahada/9999P2564-2564-170714105558-Q8K4_BZDET"",""https://www.doctormyfriend.com/ONCOPHYSICIAN.php"",""https://www.lybrate.com/nandurbar/clinic/sushrut-nursing-home-khetiya-road-6ed2"",""https://www.facebook.com/319446814830519"",""https://www.justdial.com/Nandurbar/Private-Hospitals/nct-10390288"",""https://www.facebook.com/184370112174364"",""https://www.medindia.net/directories/hospitals/sushrut-nursing-home-nandurbar-maharashtra-10779.htm"",null]; [""http://www.onefivenine.com/india/Listing/Town/hospitals/Nandurbar/Taloda"",""https://www.facebook.com/420205351395851"",""https://www.facebook.com/pateldentalclinic14/"",""https://www.pulsedental.in/"",""https://www.facebook.com/101126298737614"",""https://www.facebook.com/466959526691421"",null,null]; [""https://www.facebook.com/1465905797006505"",""https://www.facebook.com/p/Dr-Ahujas-mult"
77,0.739,uncertainty_band_reduction,"[""high_care_gap"", ""high_trust_gap"", ""higher_uncertainty_level"", ""wide_rate_confidence_intervals"", ""small_observed_facility_sample"", ""high_critical_supply_gap_rate""]",Telangana,Mancherial ,mixed_or_monitor,2,0.5112724268177528,0.6679407254380232,0.7999999999999999,0.5937643243951021,0.746,higher,0.719,0.9,1.0,0.34237195288961925,1.0,0.5,0.09452865480086614,0.9054713451991339,0.0,0.0,0.6576280471103807,1.0,0.34237195288961925,1.0,0.5,0.09452865480086614,0.9054713451991339,Aditya Hospitals; AIMS Hospitals Mancherial,"Aditya Hospitals, one of Guntur’s 100-bed multi-speciality hospitals. It announced collaboration with Medicover Hospitals, a European healthcare group. The collaboration aims to elevate healthcare standards, technology, and patient experience for the people of Guntur and neighbouring districts. Aditya Hospitals is set to launch robotic joint replacement surgeries in Guntur. | [""internalMedicine"",""internalMedicine"",""internalMedicine"",""pulmonology"",""allergyAndImmunology"",""internalMedicine"",""gastroenterology"",""internalMedicine"",""internalMedicine"",""generalSurgery"",""gastroenterology"",""reconstructivePlasticSurgery"",""endocrinologyAndDiabetesAndMetabolism"",""hematology"",""internalMedicine"",""internalMedicine"",""internalMedicine"",""internalMedicine"",""internalMedicine"",""internalMedicine"",""internalMedicine"",""internalMedicine"",""nephrology"",""internalMedicine"",""internalMedicine"",""internalMedicine"",""cardiol","[""https://www.thehindu.com/news/national/andhra-pradesh/aditya-hospitals-to-collaborate-with-medicover-hospital/article70190761.ece"",""http://www.onefivenine.com/india/Listing/Town/hospitals/Adilabad/Luxettipet"",""https://www.practo.com/hyderabad/hospital/supraja-hospitals-nagole"",""https://www.practo.com/hyderabad/clinic/sashanks-chest-and-allergy-clinic-peerzadiguda-medipally"",""https://www.practo.com/hyderabad/clinic/adithya-gastro-liver-care-manikonda"",""http://www.onefivenine.com/india/villages/East-Godavari/Jaggampeta/Jaggampeta"",""https://www.practo.com/hyderabad/hospital/azam-hospital-puranapool/services"",""https://www.docindia.org/clinics/tg/hyderabad/drsiris-homoeo-care"",""https://www.docindia.org/clinics/tg/hyderabad/dental-pro"",""https://www.medicineindia.org/hospitals-in-city/hyderabad-andhra-pradesh"",""https://www.medicineindia.org/hospitals-in-state/andhra-pradesh"",""https://www.prac"
78,0.7386,uncertainty_band_reduction,"[""high_care_gap"", ""high_trust_gap"", ""higher_uncertainty_level"", ""wide_rate_confidence_intervals"", ""small_observed_facility_sample"", ""high_critical_supply_gap_rate""]",Madhya Pradesh,Chhindwara ,mixed_or_monitor,2,0.5100330500472143,0.667259068214227,0.7999999999999999,0.592958729494252,0.663,higher,0.719,0.9,1.0,0.34237195288961925,1.0,0.5,0.09452865480086614,0.9054713451991339,0.0,0.0,0.6576280471103807,0.0,0.0,0.6576280471103807,0.5,0.09452865480086614,0.9054713451991339,Pandey Nursing Home; Claris Hospitals,"Nursing home in Chhindwara, Madhya Pradesh, India. | [""orthopedicSurgery"",""familyMedicine"",""orthopedicSurgery"",""gynecologyAndObstetrics"",""reproductiveEndocrinologyAndInfertility"",""internalMedicine"",""internalMedicine"",""internalMedicine"",""internalMedicine"",""gynecology"",""familyMedicine"",""gynecologyAndObstetrics"",""familyMedicine"",""orthopedicSurgery"",""gynecologyAndObstetrics"",""reproductiveEndocrinologyAndInfertility"",""internalMedicine"",""orthopedicSurgery"",""generalSurgery"",""gynecologyAndObstetrics"",""gynecologicalOncology"",""reproductiveEndocrinologyAndInfertility"",""internalMedicine"",""orthopedicSurgery""] | [""Provides gynecology and obstetrics services"",""Provides orthopedic fracture care"",""Offers in vitro fertilization (IVF) services"",""Provides advanced fertility treatment including IVF and ICSI"",""Offers orthopedic care for bones and joints"",""Provides women's health services""] | [""Handheld medica","[""https://www.docindia.org/india/mp/chhindwara/orthopedics"",""https://www.justdial.com/Chhindwara/Pandey-Nursing-Home-Fracture-Hospital-Kusum-IVF-Chhindwara-Ho/9999P7162-7162-140727120056-U8H3_BZDET/doctors"",""https://www.facebook.com/pandeynursinghomeandfracturehospital/"",""https://www.facebook.com/400960730661072"",""https://www.facebook.com/219191721956547"",""https://www.mappls.com/place-pandey+nursing+home-gala+mandi+road-toria+mohalla-chhatarpur-madhya+pradesh-471001-IBXOBO@zdata=MjQuOTE2ODE0Kzc5LjU5MTAxOSsxNytJQlhPQk8rK25yed"",""https://www.facebook.com/DentistCDC/posts/at-chaturvedi-dental-clinic-we-take-pride-in-delivering-world-class-dental-care-/1123635136452154/"",""https://www.lybrate.com/chhindwara/doctor/dr-mukta-pandey-gynaecologist"",""https://www.justdial.com/Hoshangabad/Pandey-Nursing-Home-Jagdish-Pura/9999P7574-7574-230918123353-Y4W4_BZDET"",""https://www.lybrate.com/chhindwara/clin"
79,0.7374,uncertainty_band_reduction,"[""high_trust_gap"", ""higher_uncertainty_level"", ""wide_rate_confidence_intervals"", ""small_observed_facility_sample"", ""high_critical_supply_gap_rate""]",Madhya Pradesh,Barwani ,supply_record_quality_problem,2,0.4708451369216243,0.6457057159951525,0.85,0.5674865859626186,0.722,higher,0.719,0.9,1.0,0.34237195288961925,1.0,0.5,0.09452865480086614,0.9054713451991339,0.0,0.0,0.6576280471103807,0.5,0.09452865480086614,0.9054713451991339,0.0,0.0,0.6576280471103807,"Government Medical College & Hospital, Shahdol; Namdeo Homoeopathic Clinic","Government Medical College & Hospital, Shahdol | [""internalMedicine"",""gynecologyAndObstetrics"",""pathology"",""radiology"",""internalMedicine"",""pathology"",""radiology"",""internalMedicine"",""pathology"",""radiology"",""internalMedicine"",""pathology"",""internalMedicine"",""pediatricSurgery"",""pediatrics"",""gastroenterology"",""ophthalmology"",""pediatricsAndStrabismusOphthalmology"",""headAndNeckSurgeryOtolaryngology"",""otolaryngology"",""gynecologyAndObstetrics"",""menopauseAndMidlifeHealth"",""neonatologyPerinatalMedicine"",""infectiousDiseases"",""psychiatry"",""childNeurology"",""pulmonology"",""anesthesia"",""pathology"",""radiology"",""generalSurgery"",""internalMedicine"",""internalMedicine"",""generalSurgery"",""internalMedicine"",""internalMedicine""] | [""Pediatric surgery is offered as a Saturday clinic (Morning 9 AM–1 PM)."",""Bronchoscopy with interventional bronchoscopy is offered under Respiratory Medicine (Morning 9 AM–2 PM)."",""Surgi","[""https://gmcshahdol.org/Obstetrics_and_Gynecology_Publications.aspx"",""https://gmcshahdol.org/"",""http://www.gmcshahdol.org/Faculty.aspx"",""https://www.university.youth4work.com/ahmch_arihant-homeopathic-medical-college-and-hospital"",""https://collegedunia.com/college/60696-government-medical-college-shahdol"",""https://www.rkmchrc.in/"",""https://www.facebook.com/112032388664337"",""https://www.facebook.com/p/Ram-Krishna-Medical-College-Hospital-and-Research-Centre-61559621282196/"",""https://www.facebook.com/2262985860644584"",null]; [""https://www.ohohomeopathy.com/homeopath/namdeo-homoeopathic-clinic-chanchal-chouraha-barwani.php"",""https://www.ohohomeopathy.com/homeopathy/homeopathy-doctors-in-barwani-madhya-pradessh.php"",""https://www.ohohomeopathy.com/skin/skin-doctors-in-barwani-madhya-pradessh.php"",""https://www.bharatibiz.com/en/namdeo-homoeopathic-clinic-099264-88719"",""https://www.mappls.com/"
80,0.7362,uncertainty_band_reduction,"[""high_care_gap"", ""high_trust_gap"", ""higher_uncertainty_level"", ""wide_rate_confidence_intervals"", ""small_observed_facility_sample""]",Telangana,Peddapalli ,mixed_or_monitor,1,0.49238668555240794,0.6980393977015977,0.7,0.6381687545159478,0.731,higher,0.7935,0.95,1.0,0.20654329147389294,1.0,0.0,0.0,0.7934567085261071,0.0,0.0,0.7934567085261071,1.0,0.20654329147389294,1.0,1.0,0.20654329147389294,1.0,Gupta Hospital,"Listed as a top clinic in Begum Bazar on Practo's Hyderabad page (Viva Dental Care listing) | [""internalMedicine"",""internalMedicine"",""internalMedicine"",""internalMedicine"",""internalMedicine"",""gynecologyAndObstetrics"",""reproductiveEndocrinologyAndInfertility"",""internalMedicine"",""internalMedicine"",""gynecologyAndObstetrics"",""gynecologicalSurgery"",""reproductiveEndocrinologyAndInfertility"",""familyPlanningAndComplexContraception"",""pediatrics"",""cardiology"",""internalMedicine"",""internalMedicine"",""internalMedicine"",""neurology"",""internalMedicine"",""internalMedicine"",""ophthalmology"",""internalMedicine"",""dentistry"",""internalMedicine"",""internalMedicine"",""internalMedicine"",""internalMedicine"",""internalMedicine"",""internalMedicine"",""internalMedicine"",""internalMedicine"",""internalMedicine"",""internalMedicine"",""internalMedicine"",""orthopedicSurgery"",""colorectalSurgery"",""generalSurgery"",""endocrinologyAndDiabetesAn","[""http://www.onefivenine.com/india/villages/Karimnagar/Peddapalli/Kanagarthy"",""http://www.onefivenine.com/india/villages/Karimnagar/Peddapalli/Rampalli"",""https://www.medicineindia.org/hospitals-in-city/hyderabad-andhra-pradesh"",""http://www.onefivenine.com/india/villag/Karimnagar/Peddapalli"",""https://www.justdial.com/Madanapalle/Dr-Rajani-P-Gupta-Hospital-Opposite-Sai-Baba-Temple-Ctm-Road/9999P8571-8571-140917231534-N5H9_BZDET"",""https://www.practo.com/hyderabad/clinic/viva-dental-care-begum-bazar"",""https://www.practo.com/hyderabad/hospital/azam-hospital-puranapool/services"",""https://www.practo.com/hyderabad/clinic/habsiguda-poly-clinic-habsiguda"",""https://www.practo.com/hyderabad/clinic/bite-blocks-dental-shaikpet"",""https://www.practo.com/hyderabad/clinic/dr-shafi-s-neuroclinic-malakpet/doctors"",""https://www.practo.com/hyderabad/clinic/harsha-dental-balanagar"",""https://www.practo.com/hyde"
81,0.736,uncertainty_band_reduction,"[""high_trust_gap"", ""higher_uncertainty_level"", ""wide_rate_confidence_intervals"", ""small_observed_facility_sample"", ""high_critical_supply_gap_rate""]",Uttar Pradesh,Jalaun ,mixed_or_monitor,2,0.458805476864967,0.639083902963991,0.8999999999999999,0.5596608069257913,0.69,higher,0.6576,0.9,1.0,0.34237195288961925,1.0,1.0,0.34237195288961925,1.0,0.0,0.0,0.6576280471103807,0.0,0.0,0.6576280471103807,0.0,0.0,0.6576280471103807,Dadda Clinic; Atal Dental Clinic,"Speciality - Skin Care Clinic; Medicine - Homeopathy; 4.7 (21 reviews & ratings) | [""familyMedicine"",""familyMedicine"",""familyMedicine"",""familyMedicine"",""familyMedicine"",""otolaryngology"",""familyMedicine"",""familyMedicine"",""familyMedicine"",""familyMedicine""] | [] | [] | [""Dadda Clinic is a Skin Care Clinic in Orai offering Homeopathy."",""Located in Orai, Uttar Pradesh, India."",""Listed among the Top 5 Skin Care Clinics in Orai."",""Average rating 4.7 based on 21 reviews."",""Dadda Clinic operates as a homeopathy clinic in Orai, Uttar Pradesh"",""Dadda Clinic specializes in homeopathy"",""Offers homeopathy treatment"",""Dadda Clinic is a hospital in Orai, Uttar Pradesh, India"",""Provides Ayurvedic treatment services"",""Based in Orai, Uttar Pradesh, India"",""Dadda Clinic is listed as a Clinic on Mappls"",""Mappls Pin: 2xocmw"",""DIGIPIN: 37K-CMP-5L85""]; Opens at 10:00 AM; 9 Years in Healthcare. | [""dentistry"",""o","[""https://www.ohohomeopathy.com/skin/skin-care-clinics-in-orai-uttar-pradesh.php"",""https://www.ohohomeopathy.com/homeopathy/homeopathy-clinics-in-orai-uttar-pradesh.php"",""https://et.cybo.com/IN-biz/om-sai-ram-pathology"",""https://www.bharatibiz.com/en/maa-homoeo-clinic-homoeo-store-094501-51001"",""https://www.justdial.com/Orai/Dadda-Clinic-Old-Ram-Nagar-Near-Neelam-Lodge-Dvc-Road/9999P5162-5162-151008124645-P7E4_BZDET"",""https://www.bharatibiz.com/en/shri-krishna-ent-clinic-dr-s-k-rathore-078811-07082"",""https://www.facebook.com/119875204880895"",""https://www.cybo.com/IN-biz/om-sai-ram-pathology"",""https://www.mappls.com/2xocmw"",null]; [""https://www.justdial.com/Orai/Paedodontist-Doctors-in-Gohan/nct-11194873"",""https://www.justdial.com/Orai/Dental-Surgeons/nct-10156265"",""https://faqet-e-verdha.cybo.com/IN/orai/dentist%C3%ABt/"",""https://www.facebook.com/1549378552022147"",""https://www.mappls.com"
82,0.7359,stress_test_desert_call,"[""high_care_gap"", ""high_health_need"", ""higher_uncertainty_level"", ""wide_rate_confidence_intervals"", ""small_observed_facility_sample""]",Assam,Hailakandi ,real_desert_candidate,1,0.6677289896128423,0.7944776649348366,0.45,0.7521412521552301,0.833,higher,0.7935,0.95,0.0,0.0,0.7934567085261071,0.0,0.0,0.7934567085261071,0.0,0.0,0.7934567085261071,0.0,0.0,0.7934567085261071,1.0,0.20654329147389294,1.0,SK Roy Civil Hospital,"Listed as a Blood Bank at S. K. Roy Civil Hospital in the List of Blood Banks in the State of Assam, located in Hailakandi district, Assam. | [""internalMedicine"",""internalMedicine"",""internalMedicine"",""internalMedicine"",""internalMedicine"",""internalMedicine"",""internalMedicine"",""internalMedicine"",""internalMedicine"",""internalMedicine"",""internalMedicine"",""internalMedicine"",""internalMedicine"",""internalMedicine"",""dermatology"",""endocrinologyAndDiabetesAndMetabolism"",""gastroenterology"",""pulmonology"",""reproductiveEndocrinologyAndInfertility"",""gynecologyAndObstetrics"",""pediatrics"",""headacheMedicine"",""psychiatry"",""andrologyAndMaleFertility"",""radiology"",""chronicDiseasePreventionAndLifestyleMedicine"",""familyMedicine"",""internalMedicine"",""radiology"",""familyMedicine"",""internalMedicine"",""internalMedicine"",""internalMedicine"",""physicalMedicineAndRehabilitation"",""internalMedicine"",""internalMedicine"",""radiolo","[""https://atalamritabhiyan.assam.gov.in/about-us/district-officials"",""https://hfw.assam.gov.in/frontimpotentdata/list-of-blood-banks-and-donors"",""https://hfw.assam.gov.in/frontimpotentdata/list-of-blood-banks-and-donors"",""https://atalamritabhiyan.assam.gov.in/information-services/detail/aaa-hospitals"",""https://asbtc.assam.gov.in/information-services/donor-organisation"",""https://nhm.assam.gov.in/portlets/national-mental-health-programme"",""https://www.myvisitinghours.org/blood-bank/kk-civil-hospital-blood-bank-176"",""https://www.myvisitinghours.org/blood-bank/kk-civil-hospital-blood-bank-176"",""https://www.myvisitinghours.org/blood-bank/NTPC/M/M/Tinsukia-Civil-Hospital-Blood-Bank,(L.G.B.)-192"",""https://www.myvisitinghours.org/blood-bank/kk-civil-hospital-blood-bank-176"",""https://www.myvisitinghours.org/blood-bank/NTPC/M/M/Tinsukia-Civil-Hospital-Blood-Bank,(L.G.B.)-192"",""https://www.myvisiti"
83,0.7356,uncertainty_band_reduction,"[""high_trust_gap"", ""higher_uncertainty_level"", ""wide_rate_confidence_intervals"", ""small_observed_facility_sample"", ""high_critical_supply_gap_rate""]",Andaman & Nicobar Islands,South Andaman ,mixed_or_monitor,2,0.4573890462700662,0.6383048661367956,0.8999999999999999,0.5587401270391058,0.718,higher,0.6576,0.9,1.0,0.34237195288961925,1.0,1.0,0.34237195288961925,1.0,0.0,0.0,0.6576280471103807,0.0,0.0,0.6576280471103807,0.0,0.0,0.6576280471103807,Dr.Krishnapriya's ENT Clinic; Eyecon Clinic,"Well-equipped, modern, affordable, Ear, Nose, Throat Clinic, providing quality specialist care. | [""familyMedicine"",""familyMedicine"",""otolaryngology"",""familyMedicine"",""otolaryngology"",""endocrinologyAndDiabetesAndMetabolism"",""headacheMedicine"",""familyMedicine"",""otolaryngology"",""familyMedicine"",""otolaryngology"",""skullBaseNeurosurgery"",""laryngology"",""familyMedicine"",""otolaryngology"",""familyMedicine""] | [""Ear, Nose, Throat diseases diagnostic services"",""Medical and surgical management of Ear, Nose, Throat diseases"",""Ear, Nose, Throat endoscopy services"",""Diagnostic audiometry"",""Hearing aid fitting"",""Vertigo clinic"",""Headache clinic"",""Coblation Plasma ENT Surgery"",""Adenoidectomy"",""Tonsillectomy"",""Conducts mandatory medical examinations for seafarers before they join merchant ships""] | [""Coblation plasma system used for ENT surgery""] | [""Specializes in ENT care"",""Located in Port Blair"",""Has 4 ","[""https://www.justdial.com/Port-Blair/ENT-Doctors/nct-10189442"",""https://www.facebook.com/p/Dr-Krishnapriyas-ENT-Clinic-100076145533536/"",""https://www.justdial.com/Port-Blair/DrKrishnapriyas-ENT-Clinic-Opposite-Tata-Motors-Showroom-Shadipur/9999P3192-3192-210919230020-L5E6_BZDET"",""https://www.myopd.in/doctors/Dr.Krishnapriya.S.51235830"",""https://www.facebook.com/101235742319242"",""https://in.linkedin.com/in/dr-krishnapriya-santhosh-275945a7"",""https://www.indosearch.in/doctors/dr-krishnapriya-reviews/"",null]; [""https://www.eyeconclinic.com/contact"",""https://eyeconclinic.com/"",""https://www.facebook.com/105165442029268"",""https://www.facebook.com/100076165038922/"",""https://www.mappls.com/5n4sdk"",null]"
84,0.7329,uncertainty_band_reduction,"[""high_trust_gap"", ""higher_uncertainty_level"", ""wide_rate_confidence_intervals"", ""small_observed_facility_sample"", ""high_critical_supply_gap_rate""]",Karnataka,Chikkaballapura ,supply_record_quality_problem,2,0.4701369216241737,0.6453161975815547,0.85,0.5670262460192756,0.684,higher,0.6883,0.9,1.0,0.34237195288961925,1.0,0.5,0.09452865480086614,0.9054713451991339,0.0,0.0,0.6576280471103807,0.0,0.0,0.6576280471103807,0.0,0.0,0.6576280471103807,Dhanush Hospital; Murthy Nursing Home,"Dhanush Hospital, established in 2010, is a multispeciality hospital in Bagalkot, Karnataka, offering a wide range of medical services with a patient-centered approach and affordability. | [""internalMedicine"",""internalMedicine"",""gynecologyAndObstetrics"",""pathology"",""reproductiveEndocrinologyAndInfertility"",""internalMedicine"",""radiology"",""internalMedicine"",""internalMedicine"",""ophthalmology"",""internalMedicine"",""internalMedicine"",""internalMedicine"",""internalMedicine"",""internalMedicine"",""internalMedicine"",""internalMedicine"",""internalMedicine"",""internalMedicine"",""internalMedicine"",""internalMedicine"",""internalMedicine"",""ophthalmology"",""internalMedicine"",""internalMedicine"",""internalMedicine"",""pediatricDentistry"",""internalMedicine"",""internalMedicine"",""infectiousDiseases"",""internalMedicine"",""internalMedicine"",""internalMedicine"",""internalMedicine"",""internalMedicine"",""internalMedicine"",""internalMed","[""http://www.healthinsuranceindia.org/cashless_hospital_india/karnataka.html"",""https://www.justdial.com/Bagalkot/Miskin-Lab-Near-Banashankari-Blood-Mahaveer-Road/9999P8354-8354-180321112358-N9D5_BZDET"",""http://www.pcpndt.karnataka.gov.in/PvtGovtCentresHomepage.aspx?unitid=aaxDV02S8MX1Av/jr1SFzw==&role=Tg3R3dzL5d8qh2W0SyphdQ==&DistWiseCount=mELirpUhRYksFj7k8/XBcQ==&PvtGovt=nBg+oK7HWWeZVo4G1oAzng=="",""https://www.myhospitalnow.com/blog/list-of-top-hospital-in-bagalkot/"",""https://thenetram.com/all-hospitals/dhanush-hospital/"",""https://www.justdial.com/Bagalkot/Skin-Care-Clinics-in-Guledgud-Bagalkot/nct-10438800"",""https://www.justdial.com/Badami/CT-Scan-Centres/nct-10148915"",""https://www.timesnownews.com/india/article/covid-19-vaccination-in-karnataka-full-list-of-government-and-private-hospitals-where-you-can-get-inoculated/726389"",""https://www.justdial.com/Bagalkot/Public-Hospitals-in-Ilkal"
85,0.7316,stress_test_desert_call,"[""high_care_gap"", ""high_health_need"", ""higher_uncertainty_level"", ""wide_rate_confidence_intervals"", ""small_observed_facility_sample"", ""high_critical_supply_gap_rate""]",Bihar,Katihar ,real_desert_candidate,2,0.7699480642115203,0.7102123260045953,0.44999999999999996,0.761903488701051,0.873,higher,0.8109,0.9,0.5,0.09452865480086614,0.9054713451991339,0.5,0.09452865480086614,0.9054713451991339,0.5,0.09452865480086614,0.9054713451991339,0.5,0.09452865480086614,0.9054713451991339,0.5,0.09452865480086614,0.9054713451991339,"Katihar Medical College and Hospital, Katihar; Accurate Diagno Lab","Katihar Medical College and Hospital is a private medical college and hospital in Katihar, Bihar, India, established in 1987 and affiliated with Al-Karim University. | [""internalMedicine"",""dermatology"",""dentistry"",""gynecologyAndObstetrics"",""ophthalmology"",""orthopedicSurgery"",""otolaryngology"",""pediatrics"",""pathology"",""internalMedicine"",""microbiology"",""radiology"",""generalSurgery"",""anesthesia"",""psychiatry"",""pulmonology"",""internalMedicine"",""internalMedicine"",""gynecologyAndObstetrics"",""ophthalmology"",""otolaryngology"",""generalSurgery"",""orthopedicSurgery"",""pediatrics"",""anesthesia"",""pathology"",""internalMedicine"",""internalMedicine"",""internalMedicine"",""preventiveMedicine"",""pediatrics"",""radiology"",""internalMedicine"",""anesthesia"",""psychiatry"",""pathology"",""microbiology"",""dermatology"",""generalSurgery"",""otolaryngology"",""ophthalmology"",""orthopedicSurgery"",""gynecologyAndObstetrics"",""internalMedicine"",""in","[""https://en.m.wikipedia.org/wiki/List_of_medical_colleges_in_India"",""https://kmckatihar.org/doclist-generalmedicine.php"",""https://en.wikipedia.org/wiki/Katihar_Medical_College_and_Hospital"",""https://en.m.wikipedia.org/wiki/List_of_hospitals_in_India"",""https://therightadmission.com/mbbs-in-bihar.php"",""https://www.careermarg.com/college/katihar-medical-college"",""https://katihar.wordpress.com/category/hospital/"",""https://www.banodoctor.com/college/national-medical-college"",""https://www.banodoctor.com/college/varunarjun-medical-college-rohilkhand-hospital-sahjahanpur"",""https://www.banodoctor.com/college/dm-wayanad-institute-of-medical-sciences-kerala"",""https://www.banodoctor.com/contact-us"",""https://www.banodoctor.com/college/jnu-medical-college"",""https://www.banodoctor.com/college/sri-aurobindo-institute-of-medical-sciences"",""https://edutechagra.com/maharshi-menhi-homoeopathic-medical-coll"
86,0.7308,uncertainty_band_reduction,"[""high_health_need"", ""high_trust_gap"", ""higher_uncertainty_level"", ""wide_rate_confidence_intervals"", ""small_observed_facility_sample"", ""high_critical_supply_gap_rate""]",Uttar Pradesh,Baghpat ,mixed_or_monitor,3,0.6488432483474976,0.649610075390044,0.75,0.6449262490776954,0.69,higher,0.6292,0.85,1.0,0.43849391955098227,1.0,1.0,0.43849391955098227,1.0,0.3333333333333333,0.0614903152761605,0.7923450448735121,0.3333333333333333,0.0614903152761605,0.7923450448735121,0.0,0.0,0.5615060804490177,Baraut Medicity Multi Specialty Hospital; Dr. ADK Jain Eye Hospital; Dr Sharafat Ali Nursing Home,"Baraut Medicity Multi Specialty Hospital is a multi-specialty hospital in Baraut, Uttar Pradesh, India. It has 120 beds, 4 operation theatres, ICU, NICU, Casualty, Deluxe Rooms, Wards, and 24-hour emergency services with an ambulance. | [""internalMedicine"",""generalSurgery"",""gynecologyAndObstetrics"",""cardiology"",""otolaryngology"",""physicalMedicineAndRehabilitation"",""orthopedicSurgery"",""dentistry"",""radiology"",""pathology"",""nephrology"",""urology"",""neurology"",""psychiatry"",""dermatology"",""pediatrics"",""arthroscopicAndJointReplacementSurgery"",""internalMedicine"",""gynecologyAndObstetrics"",""cardiology"",""otolaryngology"",""physicalMedicineAndRehabilitation"",""orthopedicSurgery"",""dentistry"",""radiology"",""pathology"",""oralAndMaxillofacialSurgery"",""pediatricDentistry"",""orthodontics"",""endodontics"",""urology"",""gynecologyAndObstetrics"",""gastroenterology"",""urology"",""internalMedicine"",""cardiology"",""orthopedicSurgery","[""http://www.barautmedicityhospital.com/"",""https://barautmedicityhospital.com/dental"",""https://www.cardiologistindia.com/uttar-pradesh/baraut-baraut-rural/baraut-medicity-hospital.html"",""https://www.facebook.com/338045289881795"",""https://barautmedicityhospital.com/"",""https://barautmedicityhospital.com/about-us"",""https://barautmedicityhospital.com/doctors"",""https://cksetrust.com/"",""https://www.instagram.com/p/Cz789PPMjGA/"",""https://www.facebook.com/MedicityHospitalBaraut/"",null]; [""https://www.cardiologistindia.com/uttar-pradesh/khekra/adk-jain-eye-hospital.html"",""https://www.adkjaineyehospital.org/about-us"",""https://in.linkedin.com/company/adk-eye-hospital"",""https://www.mappls.com/place-adk+jain+eye+hospital-patshala+road-khekra-khekada-uttar+pradesh-250101-naowxk@zdata=MjguODY0NTc5Kzc3LjI3MTg5NysxNytuYW93eGsrK25yed"",""https://nabha.punjabonline.in/eye-doctor-and-clinics/2856"",""https://pi"
87,0.7284,uncertainty_band_reduction,"[""high_care_gap"", ""high_trust_gap"", ""higher_uncertainty_level"", ""wide_rate_confidence_intervals"", ""small_observed_facility_sample""]",Jharkhand,Gumla ,mixed_or_monitor,1,0.4671860245514636,0.6841790341510783,0.7,0.621788324865334,0.752,higher,0.7935,0.95,1.0,0.20654329147389294,1.0,0.0,0.0,0.7934567085261071,0.0,0.0,0.7934567085261071,0.0,0.0,0.7934567085261071,1.0,0.20654329147389294,1.0,Health Centre Palkot,"Health Centre Palkot is listed among Hospitals near Ponjenga, Palkot, Gumla district, Jharkhand. | [""internalMedicine"",""internalMedicine"",""familyMedicine"",""internalMedicine"",""ophthalmology"",""familyMedicine"",""internalMedicine"",""internalMedicine"",""internalMedicine"",""internalMedicine"",""internalMedicine"",""familyMedicine"",""internalMedicine"",""internalMedicine"",""internalMedicine"",""internalMedicine"",""maternalAndChildHealth"",""emergencyMedicine"",""internalMedicine"",""familyMedicine"",""internalMedicine"",""familyMedicine"",""internalMedicine"",""internalMedicine"",""internalMedicine"",""internalMedicine"",""internalMedicine"",""internalMedicine"",""internalMedicine"",""infectiousDiseases"",""pediatrics"",""gynecologyAndObstetrics"",""maternalAndChildHealth"",""radiology"",""familyPlanningAndComplexContraception"",""familyMedicine"",""familyMedicine"",""internalMedicine"",""familyMedicine"",""internalMedicine"",""internalMedicine"",""internalM","[""http://www.onefivenine.com/india/villages/Gumla/Palkot/Ponjenga"",""http://www.onefivenine.com/india/villages/Khunti/Murhu/Chamartoli"",""https://sankaranethralaya.org/mobile-eye-surgical-unit.html"",""https://ayushmancardhospitals.com/sub-divisional-hospital-ghatsila-east-singhbhum-jharkhand/"",""http://www.onefivenine.com/india/Listing/Town/hospitals/Deoghar/Madhupur"",""http://www.onefivenine.com/india/villages/Latehar/Latehar/Pochra"",""http://www.onefivenine.com/india/villages/Dumka/Ranishwar/Dumra"",""http://www.onefivenine.com/india/villages/Sahebganj/Rajmahal/Darla"",""http://www.onefivenine.com/india/Listing/Town/hospitals/Giridih/Tisri"",""http://www.onefivenine.com/india/Listing/Locality/hospitals/East-Singhbum/Ghatshila/Amainagar"",""http://www.onefivenine.com/india/Listing/Locality/hospitals/Ranchi/Ranchi/Ratu"",""http://www.onefivenine.com/india/villages/Gumla/Palkot/Ponjenga"",""https://prognoh"
88,0.7262,uncertainty_band_reduction,"[""high_trust_gap"", ""higher_uncertainty_level"", ""wide_rate_confidence_intervals"", ""small_observed_facility_sample"", ""high_critical_supply_gap_rate""]",Haryana,Charkhi Dadri ,mixed_or_monitor,3,0.5241973559962229,0.6477215012635096,0.8333333333333333,0.5639064190493667,0.683,higher,0.6292,0.85,1.0,0.43849391955098227,1.0,0.6666666666666666,0.2076549551264879,0.9385096847238394,0.0,0.0,0.5615060804490177,0.3333333333333333,0.0614903152761605,0.7923450448735121,0.0,0.0,0.5615060804490177,Goyal Piles Hospital; Jai Hind Healthcare; Shree Hospital,"Treatment includes Hemorrhoids and Fistula Treatment. | [""colorectalSurgery"",""internalMedicine"",""internalMedicine"",""internalMedicine"",""infectiousDiseases"",""pathology"",""colorectalSurgery"",""gastroenterology"",""internalMedicine"",""colorectalSurgery"",""internalMedicine"",""internalMedicine"",""internalMedicine"",""colorectalSurgery"",""internalMedicine""] | [""Treats thrombosed external pile"",""Treats fissure in ano"",""Treats pilonidal sinus"",""Treats fistula in ano"",""Treats prolapsed pile"",""Provides non-surgical, pain-free treatment for fissure and piles"",""Height Increasing"",""Sex Education"",""Non-surgical treatment for fissure in ano and piles using CMT SEK""] | [] | [""District Civil Hospital Charkhi Dadri is listed among Haryana's District Civil Hospitals"",""e-Upchaar is live at District Civil Hospitals including Charkhi Dadri"",""Clinic is open on Sundays, Mondays, Wednesdays, Thursdays, Fridays, and Saturday","[""https://www.justdial.com/Charkhi-Dadri/Goyal-Piles-Hospital-Near-Hdfc-Atm-Charkhi/9999P1250-1250-180817191705-N2I1_BZDET"",""https://eupchaarharyana.org.in/"",""https://www.hindustantimes.com/chandigarh/corona-patient-found-dead-at-dadri-civil-hospital/story-Nd071NQYbNGYYMCJUC4ygP.html"",""https://www.eka.care/clinic/goyal-piles-hospital-1387-28641331"",""https://www.facebook.com/goyalpiles/"",""https://www.justdial.com/Charkhi-Dadri/Dr-Rahul-Goyal-Goyal-Piles-Hospital-Near-Shiv-Mandir-Charkhi/9999P1250-1250-230922121003-F9X1_BZDET"",""https://www.facebook.com/101628262354193"",""https://www.justdial.com/Charkhi-Dadri/Goyal-Piles-Hospital-Near-HDFC-Atm-Charkhi/9999P1250-1250-180817191705-N2I1_BZDET/photos"",null]; [""https://cashless.haryanahealth.gov.in/EmpanelUser/EmpanellistC/GetdistrictContent/3"",""https://hryesi.gov.in/location-of-empanelled-hospitals/"",""https://roharyana.esic.gov.in/ro-sro-list-e"
89,0.7248,uncertainty_band_reduction,"[""high_trust_gap"", ""higher_uncertainty_level"", ""wide_rate_confidence_intervals"", ""small_observed_facility_sample"", ""high_critical_supply_gap_rate""]",Bihar,Gopalganj ,mixed_or_monitor,4,0.5504603399433429,0.6439475189526442,0.8999999999999999,0.5554712857405009,0.687,higher,0.5227,0.8,1.0,0.5100999795960008,1.0,1.0,0.5100999795960008,1.0,0.0,0.0,0.48990002040399916,0.25,0.045586062644636216,0.6993639475573634,0.0,0.0,0.48990002040399916,"Rastra Kavi Dinkar Blood Bank, Sadar Hospital; Mishra Clinic; Adarsh Hospital; Dr. R K Thakur Hospital","Blood Bank located at Sadar Hospital, Gopalganj, in the Gopalganj district of Bihar, India. | [""internalMedicine"",""internalMedicine"",""internalMedicine"",""nephrology"",""pediatricNephrology"",""familyMedicine"",""internalMedicine"",""internalMedicine"",""internalMedicine"",""nephrology"",""pediatricNephrology"",""familyMedicine"",""clinicalPathology"",""internalMedicine"",""nephrology"",""familyMedicine"",""internalMedicine"",""internalMedicine"",""internalMedicine"",""familyMedicine"",""familyMedicine"",""internalMedicine"",""internalMedicine"",""hematology"",""internalMedicine"",""internalMedicine"",""internalMedicine"",""nephrology"",""pediatricNephrology"",""familyMedicine"",""internalMedicine"",""internalMedicine"",""internalMedicine"",""internalMedicine"",""internalMedicine"",""internalMedicine"",""internalMedicine"",""maternalFetalMedicineOrPerinatology"",""gynecologyAndObstetrics"",""skullBaseNeurosurgery"",""ophthalmology"",""pediatrics"",""nephrology"",""neu","[""https://www.myvisitinghours.org/blood-bank/sadar-hospital-gopalganj-334"",""https://www.myvisitinghours.org/blood-bank/sadar-hospital-gopalganj-334"",""https://www.myvisitinghours.org/blood-bank/sadar-hospital-gopalganj-334"",""https://www.justdial.com/Allahabad/Apollo-Dialysis-Clinic/nct-16118632"",""https://www.askaboutmadhepura.com/detail/47/sri-om-sai-hospital-and-endoscopy-centre"",""https://www.askaboutmadhepura.com/detail/26/aditya-arogya-sansthan"",""https://www.cashlesshospitalindia.com/blood-bank_sadar-hospital-kishanganj-blood-bank-kishanganj.html"",""https://www.justdial.com/Supaul/Apollo-Dialysis-Clinic/nct-16118632"",""https://www.justdial.com/East-Champaran/Blood-Banks-in-Chapra-Bihari/nct-10049054"",""https://www.justdial.com/Arrah/Apollo-Dialysis-Clinic/nct-16118632"",""https://askaboutmadhepura.com/detail/42/life-care-hospital"",""https://mapcarta.com/N6905030202"",""https://www.facebook.com"
90,0.7227,uncertainty_band_reduction,"[""high_care_gap"", ""high_trust_gap"", ""higher_uncertainty_level"", ""wide_rate_confidence_intervals"", ""small_observed_facility_sample"", ""high_critical_supply_gap_rate""]",Assam,Barpeta ,mixed_or_monitor,2,0.5472143531633616,0.687708784928108,0.6749999999999999,0.6171265765197478,0.801,higher,0.719,0.9,0.5,0.09452865480086614,0.9054713451991339,0.5,0.09452865480086614,0.9054713451991339,0.0,0.0,0.6576280471103807,0.0,0.0,0.6576280471103807,0.0,0.0,0.6576280471103807,Fakhruddin Ali Ahmed Medical College & Hospital; Advanced Diagnostics Centre,"Fakhruddin Ali Ahmed Medical College and Hospital, Barpeta is a government medical college in Assam. It is located in Barpeta city, Barpeta district. The institute offers MBBS and MD/MS courses. MBBS seats: 125. Post-Graduate Courses (permitted) are in Medicine, Surgery, Obstetrics & Gynecology, Pediatrics, Radio-diagnosis, Pathology, Microbiology and Biochemistry. Paramedical diploma courses include Laboratory Technology, Radiography Technology, OT Technician, Physician Assistant and Physiotherapy. Affiliated to Srimanta Sankardev University of Health Sciences. | [""internalMedicine"",""anesthesia"",""dermatology"",""ophthalmology"",""otolaryngology"",""gynecologyAndObstetrics"",""orthopedicSurgery"",""generalSurgery"",""paediatric"",""radiology"",""pathology"",""microbiology"",""pharmacology"",""biochemistry"",""communityMedicine"",""psychiatry"",""physiology"",""dentistry"",""internalMedicine"",""internalMedicine"",""general","[""https://faamch.assam.gov.in/department-highlights-level-three/pathology/department/college"",""https://barpeta.assam.gov.in/about-us-level-two/list-health-institutions/district-data"",""https://faamch.assam.gov.in/department-highlights-level-three/general-surgery/department/college"",""http://merd.assam.gov.in/about-us"",""https://atalamritabhiyan.assam.gov.in/portlets/district-kiosk-medical-college-operator"",""https://faamch.assam.gov.in/department-highlights-level-three/dentistry/department/college"",""https://asacs.assam.gov.in/information-services/detail/list-of-dsrcs-in-assam"",""https://www.justdial.com/Barpeta/ENT-Doctors-in-Barpeta-Road/nct-10189442"",""https://en.m.wikipedia.org/wiki/List_of_medical_colleges_in_India"",""https://en.m.wikipedia.org/wiki/List_of_hospitals_in_India"",""https://www.myvisitinghours.org/blood-bank/NTPC/M/M/Tinsukia-Civil-Hospital-Blood-Bank,(L.G.B.)-192"",""https://www."
91,0.7219,uncertainty_band_reduction,"[""high_care_gap"", ""high_trust_gap"", ""higher_uncertainty_level"", ""wide_rate_confidence_intervals"", ""small_observed_facility_sample"", ""high_critical_supply_gap_rate""]",West Bengal,Koch Bihar ,mixed_or_monitor,4,0.5740675165250235,0.6569314660725687,0.7999999999999999,0.5708159505185932,0.677,higher,0.6067,0.8,1.0,0.5100999795960008,1.0,0.5,0.15003570882017148,0.8499642911798285,0.0,0.0,0.48990002040399916,0.5,0.15003570882017148,0.8499642911798285,0.25,0.045586062644636216,0.6993639475573634,A Roy Of Hope Super Speciality Dental Care; Maharaja Jitendra Narayan Medical College and Hospital; Astha Diagnostics Centre; P.K.Saha Nursing Home,"We like to think that we are an extraordinary practice that is all about you - your potential, your comfort, your health, and your individuality. You are important to us and we strive to h...read more | [""dentistry"",""dentistry"",""familyMedicine"",""orthodontics"",""endodontics"",""prosthodontics"",""aestheticDentistry"",""dentistry"",""cosmeticDentistry"",""aestheticDentistry""] | ["""",""Dental Implant Surgery"",""Dental Braces"",""Teeth Aligners"",""Implants"",""Root Canal Treatment"",""Gum Surgeries"",""Dentures"",""Crowns"",""Bridges"",""Scaling"",""Teeth whitening"",""Smile Designing"",""Cosmetic Dentistry""] | [""""] | [""The facility is named A Roy Of Hope Super Speciality Dental Care"",""Operates as a super speciality dental care facility"",""Has 6 years in healthcare"",""Located in Bangchatra, Cooch Behar"",""Outpatient dental clinic located in Cooch Behar"",""Staffed by 1 doctor"",""Dr. Rajesh Roy is a Dentist with 6 years of experienc","[""https://www.justdial.com/Cooch-Behar/Dental-Clinics-in-Balaghat/nct-10156036"",""https://www.lybrate.com/cooch-behar/clinic/a-roy-of-hope-super-speciality-dental-care-bangchatra-road"",""https://ind.5bestincity.com/dental-clinics-in-cooch-behar-wb"",""https://www.facebook.com/ROYOFHOPE/"",""https://www.facebook.com/110270420391357"",null]; [""https://en.wikipedia.org/wiki/Higher_education_in_West_Bengal"",""https://coochbehar.gov.in/public-utility/maharaja-jitendra-narayan-medical-college-hospital-2/"",""https://coochbehar.gov.in/public-utility-category/hospitals/"",""https://coochbehar.gov.in/"",""https://en.wikipedia.org/wiki/Cooch_Behar"",""https://coochbehar.gov.in/public-utility/maharaja-jitendra-narayan-medical-college-hospital-3/"",""https://en.wikipedia.org/wiki/Maharaja_Jitendra_Narayan_Medical_College_and_Hospital"",""https://www.researchgate.net/profile/Rituparna-Maji"",""https://mbbscouncil.com/list"
92,0.7209,uncertainty_band_reduction,"[""high_trust_gap"", ""higher_uncertainty_level"", ""wide_rate_confidence_intervals"", ""small_observed_facility_sample"", ""high_critical_supply_gap_rate""]",Uttar Pradesh,Mainpuri ,mixed_or_monitor,2,0.4533168083097261,0.6360651352586084,0.7999999999999999,0.5560931723648848,0.661,higher,0.719,0.9,1.0,0.34237195288961925,1.0,0.5,0.09452865480086614,0.9054713451991339,0.0,0.0,0.6576280471103807,0.5,0.09452865480086614,0.9054713451991339,0.0,0.0,0.6576280471103807,Hema Eye Hospital; Satish Nursing Home,"Welcome to Hema Eye Hospital, a reputed Private hospital located in Mainpuri, Uttar Pradesh, proudly empanelled under the Ayushman Bharat PM-JAY scheme. | [""ophthalmology"",""internalMedicine"",""internalMedicine"",""cataractAndAnteriorSegmentSurgery"",""corneaOphthalmology"",""retinaAndVitreoretinalOphthalmology"",""oculoplasticsAndReconstructiveOrbitalSurgery"",""ophthalmology"",""internalMedicine"",""ophthalmology"",""cataractAndAnteriorSegmentSurgery"",""internalMedicine"",""ophthalmology"",""internalMedicine""] | [""Performs cataract surgery""] | [] | [""Ophthalmology services""]; Satish Nursing Home is a private hospital in Mainpuri, Uttar Pradesh. A 5-storey facility with 50 beds, inaugurated in 2020, offers 24/7 emergency services, ICU, operation theater, delivery room, NICU, burn ward, general and private wards, oxygen plant, and an upcoming dialysis wing. NABH accreditation received on March 31, 2022. | [""in","[""https://www.justdial.com/Mainpuri/Hema-Eye-Hospital/9999P5672-5672-190617192217-C9D8_BZDET/photos"",""https://www.justdial.com/Mainpuri/Hema-Eye-Hospital-Bhawat-Chauraha-Civil-Line/9999P5672-5672-190617192217-C9D8_BZDET"",""https://www.drlogy.com/ayushman-bharat/hospitals/uttar-pradesh/mainpuri/hema-eye-hospital"",""https://www.facebook.com/251002885011147"",""https://www.mappls.com/place-hema+eye+hospital-mainpuri+bypass-bank+colony-radha+raman+road-mainpuri-uttar+pradesh-205001-NANUAI@zdata=MjcuMjIwMjA4Kzc5LjAzOTQ0MisxNytOQU5VQUkrK25yed"",null]; [""https://www.satishhospital.com/about-us/"",""http://www.satishhospital.com/"",""https://www.facebook.com/108144027760452"",""https://www.facebook.com/Sh205001/"",""https://www.satishhospital.com/"",null]"
93,0.7184,uncertainty_band_reduction,"[""high_trust_gap"", ""higher_uncertainty_level"", ""wide_rate_confidence_intervals"", ""small_observed_facility_sample"", ""high_critical_supply_gap_rate""]",Telangana,Nalgonda ,mixed_or_monitor,2,0.4022662889518413,0.6079873496117718,0.8999999999999999,0.5229103347822597,0.67,higher,0.6576,0.9,1.0,0.34237195288961925,1.0,1.0,0.34237195288961925,1.0,0.0,0.0,0.6576280471103807,0.0,0.0,0.6576280471103807,0.0,0.0,0.6576280471103807,Lalitha Nursing Home; Partha Dental Nalgonda,"Welcome to Lalitha Nursing Home, a reputed Private hospital located in Warangal Rural, Telangana, proudly empanelled under the Ayushman Bharat PM-JAY scheme. | [""pediatrics"",""gynecologyAndObstetrics"",""obstetricsAndMaternityCare"",""internalMedicine"",""internalMedicine"",""neurology"",""neurosurgery"",""gynecologyAndObstetrics"",""otolaryngology"",""pulmonology"",""gastroenterology"",""nephrology"",""endocrinologyAndDiabetesAndMetabolism"",""cardiology"",""internalMedicine"",""emergencyMedicine"",""radiology"",""generalSurgery"",""infectiousDiseases"",""internalMedicine"",""internalMedicine"",""internalMedicine"",""internalMedicine"",""internalMedicine""] | [""Abdominal Adhesion Surgery"",""Abdominal Cyst Removal"",""Abdominal Hernia Repair"",""Abdominal Hydatid Cyst (Single Organ) Removal"",""Abdominal Myomectomy"",""Abdomino Perineal repair for Mullerian Anomaly"",""Aneurysm Clipping including angiogram"",""Anterior Resection of Rectum"",""Appe","[""https://www.medindia.net/directories/hospitals/greenlands-hospital-nalgonda-telangana-101490.htm"",""https://www.justdial.com/Miryalaguda/Lalitha-Nursing-Home-%3Cnear%3E-Sri-Tirumala-Srinivasa-Children-Hospital/9999PXXXX-XXXX-101208184402-N9G7_BZDET"",""https://www.medindia.net/directories/hospitals/tnr-hospital-nalgonda-telangana-49011.htm"",""https://www.drlogy.com/ayushman-bharat/hospitals/telangana/warangal-rural/lalitha-nursing-home"",""https://www.medindia.net/directories/hospitals/perumalla-hospital-nalgonda-telangana-72096.htm"",""https://www.medindia.net/directories/hospitals/svr-dental-clinic-and-implant-center-nalgonda-telangana-76181.htm"",""https://www.medindia.net/directories/hospitals/lalitha-nursing-home-warangal-telangana-91754.htm"",""https://www.medindia.net/directories/hospitals/adhvik-dental-clinic-implant-centre-nalgonda-telangana-52408.htm"",""https://www.facebook.com/LalithaNur"
94,0.718,uncertainty_band_reduction,"[""high_trust_gap"", ""higher_uncertainty_level"", ""wide_rate_confidence_intervals"", ""small_observed_facility_sample"", ""high_critical_supply_gap_rate""]",Maharastra,Bhandara ,supply_record_quality_problem,2,0.3658522190745987,0.5879596111792884,0.95,0.49924118936205186,0.623,higher,0.6576,0.9,1.0,0.34237195288961925,1.0,1.0,0.34237195288961925,1.0,0.0,0.0,0.6576280471103807,0.0,0.0,0.6576280471103807,0.0,0.0,0.6576280471103807,Chole Eye Hospital; Om Maternity Hospital,"Chole Eye Hospital | [""internalMedicine"",""ophthalmology"",""internalMedicine"",""ophthalmology"",""internalMedicine"",""internalMedicine""] | [] | [] | [""Chole Eye Hospital is listed as a Local business on Facebook"",""The Facebook page for Chole Eye Hospital is labeled as unofficial"",""Facebook page for Chole Eye Hospital was created on 2 June 2018"",""Dr. Durgesh Chole is associated with Chole Eye Hospital"",""Ophthalmology-focused eye hospital""]; Om maternity hospital, a hospital in Bhandara, Maharashtra, India. | [""gynecologyAndObstetrics"",""internalMedicine"",""obstetricsAndMaternityCare"",""gynecologyAndObstetrics"",""internalMedicine"",""obstetricsAndMaternityCare"",""gynecologyAndObstetrics"",""internalMedicine"",""obstetricsAndMaternityCare"",""gynecologyAndObstetrics"",""internalMedicine"",""obstetricsAndMaternityCare"",""gynecologyAndObstetrics"",""internalMedicine"",""obstetricsAndMaternityCare"",""gynecologyAndObstetri","[""https://www.facebook.com/121310895347571"",""https://www.facebook.com/397952123644088"",""https://www.mappls.com/place-chole+eye+hospital-no+18-nagpur+road-bhandara-maharashtra-441904-H5YC1S@zdata=MjEuMTU3Njk0Kzc5LjY0MDYwOCsxNytINVlDMVMrK25yed"",""https://products.techbucket.in/seeknserve/directory/business/detail/chole-eye-hospital"",null]; [""https://www.justdial.com/Bhandara/Dr-Omprakash-Girhepunje-Behind-Sai-Mandir-Bhandara-H-O/9999P7184-7184-150728150300-Q6E8_BZDET/amp"",""https://www.facebook.com/100362529248969"",""https://www.facebook.com/331487463925556"",""https://www.facebook.com/169156037167433"",""https://www.justdoctors.in/doctor/Dr-Girhepunje-Omprakash-P/DIM3559"",""https://www.healthfrog.in/hospital/goregaon-bmc-maternity-hospital-mumbai-z7@ac8xrn.html"",""https://dwello.in/locations/jai-maharashtra-nagar-road-number-2-borivali-east-mumbai-overview/hospitals"",null]"
95,0.7178,uncertainty_band_reduction,"[""high_health_need"", ""high_trust_gap"", ""higher_uncertainty_level"", ""wide_rate_confidence_intervals"", ""high_critical_supply_gap_rate""]",Bihar,Gaya ,phantom_desert_or_verification_gap,8,0.6377478753541076,0.6481803597848401,0.9249999999999999,0.5509227586562833,0.632,higher,0.4566,0.6,1.0,0.6755843804891231,1.0,0.625,0.30573785458380187,0.863158240538479,0.0,0.0,0.3244156195108769,0.375,0.13684175946152105,0.6942621454161981,0.25,0.07147768885802763,0.5907301208974108,Dr. A Barkat Multispeciality Hospital; Arsh Superspeciality Hospital; Baibhav Shishu Care; Sumitra Ear Nose and Throat Hospital; Aligarh Polyclinic; Vardaan Hospital & Maternity Center; Buddha Hospital and Research Institute; R C Dental Care,"Welcome to Dr. A Barkat Multispeciality Hospital. Delivering quality, affordable, and compassionate healthcare in Gaya for over a decade. With 12+ years of trusted experience, we're the best multispeciality hospital in Gaya offering Orthopedics, Pediatrics, Obstetrics & Gynaecology, and Emergency and Trauma Care. | [""orthopedicSurgery"",""pediatrics"",""gynecologyAndObstetrics"",""physicalMedicineAndRehabilitation"",""emergencyMedicine"",""internalMedicine"",""internalMedicine"",""internalMedicine"",""orthopedicSurgery"",""pediatrics"",""orthopedicSurgery"",""pediatrics"",""emergencyMedicine"",""neonatologyPerinatalMedicine"",""pediatricCriticalCareMedicine"",""internalMedicine"",""orthopedicSurgery"",""internalMedicine"",""orthopedicSurgery"",""pediatricOrthopedicSurgery"",""pediatrics"",""internalMedicine"",""internalMedicine""] | ["""",""Ligament Reconstruction"",""Knee Replacement"",""Shoulder Replacement""] | [""""] | [""Departments incl","[""https://drabarkathospital.in/contact/"",""https://www.myhospitalnow.com/hospitals/city/gaya/hospital-networks-in-india"",""https://www.justdial.com/Gaya/Dr-A-Barkat-Multispeciality-Hospital-Opposite-Bharat-Sewa-Ashram-Civil-Lines/9999PX631-X631-230410202652-F5H5_BZDET/photos"",""https://www.facebook.com/106207782423714"",""https://www.justdial.com/Jehanabad/Orthopaedic-Doctors/nct-10345039/page-4"",""https://www.justdial.com/Gaya/Dr-A-Barkat-Multispeciality-Hospital-Opposite-Bharat-Sewa-Ashram-Civil-Lines/9999PX631-X631-230410202652-F5H5_BZDET"",""https://www.justdial.com/Gaya/Dr-A-Barkat-Multispeciality-Hospital-Opposite-Bharat-Sewa-Ashram-Civil-Lines/9999PX631-X631-230410202652-F5H5_BZDET/reviews"",null]; [""https://www.justdial.com/Gaya/24-Hours-Nursing-Homes-in-Amethi/nct-10000391"",""https://arshhospitals.com/emergency-hospital-in-gaya-bihar/"",""https://www.myhospitalnow.com/blog/list-of-top-hospi"
96,0.7162,stress_test_desert_call,"[""high_care_gap"", ""high_health_need"", ""higher_uncertainty_level"", ""wide_rate_confidence_intervals"", ""small_observed_facility_sample""]",Chhattisgarh,Jashpur ,real_desert_candidate,1,0.6044027384324834,0.759648226785639,0.45,0.7109791888879968,0.871,higher,0.7935,0.95,0.0,0.0,0.7934567085261071,0.0,0.0,0.7934567085261071,0.0,0.0,0.7934567085261071,0.0,0.0,0.7934567085261071,0.0,0.0,0.7934567085261071,City Hospital,"City Hospital is a private hospital in Ramgarh, Jharkhand, India, empanelled under Ayushman Bharat PMJAY. | [""internalMedicine"",""internalMedicine"",""internalMedicine"",""cardiology"",""otolaryngology"",""neurosurgery"",""urology"",""gynecologyAndObstetrics"",""orthopedicSurgery"",""ophthalmology"",""plasticSurgery"",""gastroenterology"",""nephrology"",""surgicalOncology"",""generalSurgery"",""cardiology"",""otolaryngology"",""neurosurgery"",""urology"",""gynecologyAndObstetrics"",""orthopedicSurgery"",""ophthalmology"",""plasticSurgery"",""gastroenterology"",""nephrology"",""surgicalOncology"",""generalSurgery"",""internalMedicine"",""internalMedicine"",""internalMedicine"",""radiology"",""internalMedicine"",""pediatrics"",""gynecologyAndObstetrics"",""urology"",""cardiology"",""pathology"",""generalSurgery"",""internalMedicine"",""internalMedicine"",""internalMedicine"",""internalMedicine"",""internalMedicine"",""internalMedicine"",""internalMedicine"",""internalMedicine""","[""http://www.onefivenine.com/india/Places/District/Solan/Hospital"",""http://www.onefivenine.com/india/Listing/Town/hospitals/Raigarh/Dharamjaigarh"",""https://www.hexahealth.com/hospitals/insurance/ayushman-bharat-hospitals-list-in-ramgarh"",""https://www.hexahealth.com/hospitals/insurance/ayushman-bharat-hospitals-list-in-jamtara"",""https://www.myhospitalnow.com/blog/list-of-top-hospital-in-garhwa/"",""https://www.justdial.com/Ranchi/City-Hospital-Ratu-Road/0651P651STDF001968_BZDET"",""https://www.justdial.com/Bokaro/City-Hospital-Near-Dugda-Harina-Road-Dugdha/9999P6542-6542-200120105123-N7W6_BZDET"",""https://www.justdial.com/Jhunjhunu/Hospitals-in-Surajgarh/nct-10253670"",""https://www.mappls.com/place-city+hospital-piska+more-ratu+road-pahartoli-ranchi-jharkhand-834002-CGDKJS@zdata=MjMuMzQzNTMyKzg1LjMxMDcxOSsxNytDR0RLSlMrK25yed"",""https://watchdoq.com/blog/post/top-17-gynecologists-and-obstetrician"
97,0.7152,uncertainty_band_reduction,"[""high_health_need"", ""high_trust_gap"", ""higher_uncertainty_level"", ""wide_rate_confidence_intervals"", ""high_critical_supply_gap_rate""]",Uttar Pradesh,Bulandshahr ,phantom_desert_or_verification_gap,5,0.6480169971671388,0.6424214941909142,0.81,0.5976280522072233,0.665,higher,0.5087,0.75,1.0,0.5655085052479191,1.0000000000000002,1.0,0.5655085052479191,1.0000000000000002,0.2,0.03622316096978745,0.6244717358814613,0.0,-2.7755575615628914e-17,0.43449149475208104,0.4,0.1176182311592533,0.769280067791163,Avantika Hospital; Garg Hospital; Arora nursing home; Shantideep Hospital; Kritanjali Dental Implant And Physiotherapy Centre,"Listed as a top hospital in Sahibabad, Ghaziabad on Practo's Sahibabad hospitals list. | [""internalMedicine"",""internalMedicine"",""gynecologyAndObstetrics"",""maternalFetalMedicineOrPerinatology"",""reproductiveEndocrinologyAndInfertility"",""internalMedicine"",""internalMedicine"",""internalMedicine"",""internalMedicine"",""gynecologyAndObstetrics"",""internalMedicine"",""internalMedicine"",""gynecologyAndObstetrics"",""reproductiveEndocrinologyAndInfertility"",""internalMedicine"",""internalMedicine"",""dentistry"",""orthodontics"",""oralAndMaxillofacialSurgery"",""endodontics"",""conservativeDentistry"",""Maxillo Facial Prosthodontics"",""internalMedicine"",""orthopedicSurgery"",""gynecologyAndObstetrics"",""internalMedicine"",""internalMedicine"",""dentistry"",""internalMedicine"",""dentistry"",""gynecologyAndObstetrics"",""internalMedicine"",""orthopedicSurgery"",""pediatrics"",""bariatricSurgery"",""dermatology"",""otolaryngology"",""neurology"",""genera","[""https://www.practo.com/ghaziabad/hospital/le-crest-medico-center-sahibabad"",""https://www.docindia.org/doctors/ghaziabad/dr-neetu-singh-gynecology"",""https://www.medicineindia.org/hospitals-in-state/uttar-pradesh"",""https://www.practo.com/ghaziabad/clinic/khaneja-nursing-home-new-gandhi-nagar"",""https://www.practo.com/ghaziabad/clinic/dr-nitesh-sharma-indirapuram"",""https://www.justdial.com/Bulandshahr/Avantika-Hospital-Near-By-Ip-Degree-College-Siyana-Adda-Choraha-Tanda/9999P5732-5732-171231114220-G2R3_BZDET"",""https://www.practo.com/ghaziabad/clinic/siddhi-vinayak-maternity-and-family-clinic-pratap-vihar"",""https://www.practo.com/ghaziabad/doctor/dr-neha-poddar-gynecologist-obstetrician-1"",""https://www.practo.com/ghaziabad/clinic/varenya-clinic-vasundhara"",""https://www.practo.com/ghaziabad/clinic/tooth-tamers-govindpuram/dentist-ps-8"",""https://www.practo.com/ghaziabad/hospital/swami-nand-la"
98,0.7148,uncertainty_band_reduction,"[""high_trust_gap"", ""higher_uncertainty_level"", ""wide_rate_confidence_intervals"", ""small_observed_facility_sample""]",Andhra Pradesh,Srikakulam ,supply_record_quality_problem,2,0.4688975448536354,0.6446345403577586,0.75,0.5662206511184258,0.73,higher,0.719,0.9,1.0,0.34237195288961925,1.0,0.0,0.0,0.6576280471103807,0.0,0.0,0.6576280471103807,0.5,0.09452865480086614,0.9054713451991339,0.5,0.09452865480086614,0.9054713451991339,GSR Hospital; GMR Varalakshmi Care Hospital,"SVR Hospital in Narsipatnam, Visakhapatnam, Andhra Pradesh, India. | [""internalMedicine"",""internalMedicine"",""familyMedicine"",""endocrinologyAndDiabetesAndMetabolism"",""criticalCareMedicine"",""internalMedicine"",""internalMedicine"",""internalMedicine"",""medicalOncology"",""internalMedicine"",""internalMedicine"",""orthopedicSurgery"",""generalSurgery"",""psychiatry"",""neurosurgery"",""neurology"",""urology"",""plasticSurgery"",""cardiology"",""dermatology"",""anesthesia"",""physicalMedicineAndRehabilitation"",""radiology"",""emergencyMedicine"",""gynecologyAndObstetrics"",""nephrology"",""criticalCareMedicine"",""cardiology"",""dentistry"",""gynecology"",""generalMedicine"",""generalSurgery"",""neurology"",""orthopedicSurgery"",""ophthalmology"",""pediatrics"",""radiology"",""pathology"",""emergencyMedicine"",""internalMedicine"",""cardiology"",""dentistry"",""gynecologyAndObstetrics"",""generalSurgery"",""internalMedicine"",""neurology"",""orthopedicSurgery"",""ophthalm","[""http://www.onefivenine.com/india/Places/Taluk/Prakasam/Kandukur/Hospital"",""https://www.docindia.org/india/ap/ichchapuram/general-physician"",""http://www.onefivenine.com/india/Places/Taluk/Prakasam/Santhamaguluru/Hospital"",""http://www.onefivenine.com/india/Places/Taluk/Prakasam/Inkollu/Hospital"",""https://www.justdial.com/Visakhapatnam/SVR-Hospital-Opposite-Sree-Krishna-Palace-Narsipatnam/0891PX891-X891-170323164537-H3L1_BZDET/doctors"",""http://www.vizagdoctors.com/hospitals.html"",""https://skriconhospital.com/"",""http://srhospitals.net/"",""https://srhospitals.net/"",""https://www.facebook.com/100443091709490"",""http://www.drjamruddin.com/"",""https://www.facebook.com/106385815038173"",""https://www.drlogy.com/ayushman-bharat/hospitals/andhra-pradesh/kurnool/gsr-hospital"",""https://www.facebook.com/889021811264737"",""https://www.facebook.com/155711298344980"",""https://www.mappls.com/2f8i3w"",""https://ww"
99,0.714,stress_test_desert_call,"[""high_care_gap"", ""higher_uncertainty_level"", ""wide_rate_confidence_intervals"", ""small_observed_facility_sample""]",Odisha,Anugul ,real_desert_candidate,1,0.5974386213408877,0.7558179623852614,0.45,0.7064525127784596,0.883,higher,0.7935,0.95,0.0,0.0,0.7934567085261071,0.0,0.0,0.7934567085261071,0.0,0.0,0.7934567085261071,1.0,0.20654329147389294,1.0,0.0,0.0,0.7934567085261071,Samal Care Multispecialty Hospital,"Samal Care Multispecialty Hospital is a 100 bedded multispeciality hospital located at NH-55, Santri Chowk, Banarpal, Angul, Odisha. It is a unit of Samal Care Pvt. Ltd. | [""internalMedicine"",""gynecologyAndObstetrics"",""orthopedicSurgery"",""otolaryngology"",""dentistry"",""urology"",""cardiology"",""pediatrics"",""nephrology"",""anesthesia"",""neurology"",""gastroenterology"",""generalSurgery"",""orthopedicSurgery"",""internalMedicine"",""neurology"",""pediatrics"",""gynecologyAndObstetrics"",""pathology"",""emergencyMedicine"",""criticalCareMedicine"",""generalSurgery"",""internalMedicine"",""internalMedicine"",""internalMedicine"",""internalMedicine"",""internalMedicine""] | [""Laparoscopic surgery is offered"",""Endoscopy is performed"",""Dialysis is provided"",""CT scanning is available"",""Digital X-ray imaging is available"",""2D echocardiography (2D Echo) is available"",""Electrocardiography (ECG) is available"",""Treadmill stress testing (TMT","[""https://www.samalcare.com/"",""https://www.facebook.com/SCMHPL/posts/struggling-with-joint-pain-or-fracturesdont-let-pain-hold-you-back-from-living-y/754132877460893/"",""https://www.instagram.com/reel/DSURPMbjWkO/"",""https://www.samalcare.com/general.php"",""https://www.facebook.com/112772063517776"",""https://www.facebook.com/p/Samal-Care-Multispeciality-Hospital-100064038132216/"",""https://www.samalcare.com/contact.php"",null]"
100,0.7117,uncertainty_band_reduction,"[""high_trust_gap"", ""higher_uncertainty_level"", ""wide_rate_confidence_intervals"", ""high_critical_supply_gap_rate""]",Punjab,Barnala ,supply_record_quality_problem,5,0.5283876298394712,0.6166253421606971,0.9199999999999999,0.5198689634442393,0.617,higher,0.5087,0.75,1.0,0.5655085052479191,1.0000000000000002,0.8,0.3755282641185388,0.9637768390302125,0.0,-2.7755575615628914e-17,0.43449149475208104,0.0,-2.7755575615628914e-17,0.43449149475208104,0.4,0.1176182311592533,0.769280067791163,"Bhatti Clinic; Raikot - Dr Agarwals Eye Hospital; Amritsar Dental Clinic, Barnala; Dixit Ayurvedic Clinic; Manodisha Hospital","Polyclinics; General physician doctors offering Ayurvedic treatments, nutritionist services, and expert solutions for various health issues. GSTIN: 03AHJPB3982A1ZW | [""familyMedicine"",""familyMedicine"",""endocrinologyAndDiabetesAndMetabolism"",""ophthalmology"",""dermatology"",""cosmeticDermatology"",""familyMedicine"",""familyMedicine"",""ophthalmology"",""dermatology"",""familyMedicine"",""ophthalmology"",""familyMedicine"",""familyMedicine"",""familyMedicine"",""pediatrics"",""internalMedicine"",""familyMedicine"",""ophthalmology"",""cataractAndAnteriorSegmentSurgery"",""familyMedicine"",""familyMedicine"",""familyMedicine"",""familyMedicine"",""ophthalmology"",""dermatology"",""familyMedicine"",""familyMedicine"",""ophthalmology"",""dermatology"",""familyMedicine"",""familyMedicine""] | [""Provides Ayurvedic general consultation"",""Treats migraine"",""Treats viral fever"",""Diabetes management services"",""Endocrinology testing"",""Computerized Vision T","[""http://www.onefivenine.com/india/villages/Barnala/Sehna/Mour_3a-Nabha_4a"",""https://www.justdial.com/Mohali/Bharti-Clinic-Near-Opposite-Casa-Homes-Sante-Majra-Gurudwara-Mohali-Sector-115/0172PX172-X172-140731175149-Q6A8_BZDET"",""https://www.docindia.org/india/pb/ludhiana/dermatology"",""https://www.indiamart.com/bhatti-eye-clinic-ludhiana/"",""https://www.justdial.com/Ludhiana/Bhatti-Eye-Clinic-Behind-Federal-Bank-Opposite-Blue-Stone-Residency-Chandigarh-Road/0161PX161-X161-150606122552-Q7W2_BZDET"",""https://www.indiamart.com/bhatti-eye-clinic-ludhiana/aboutus.html"",""https://chotu.com/local/dental-clinics-in-moga-punjab-india/ct-18418447/"",""https://www.justdial.com/Jalandhar/Bharti-Clinic-Near-Tara-Palace-Shastri-Nagar/0181PX181-X181-180101164045-A4M1_BZDET"",""https://www.mappls.com/@GLKF6L"",""https://www.justdial.com/Ludhiana/BhattiEyeClinic-Behind-Dominos-Pizza-Chandigarh-Road/0161PX161-X161-"
101,0.7092,uncertainty_band_reduction,"[""high_trust_gap"", ""higher_uncertainty_level"", ""wide_rate_confidence_intervals"", ""small_observed_facility_sample"", ""high_critical_supply_gap_rate""]",Mizoram,Champhai ,mixed_or_monitor,1,0.2646954674220963,0.5728092277299263,0.8999999999999999,0.4901694627312452,0.549,higher,0.7935,0.95,1.0,0.20654329147389294,1.0,1.0,0.20654329147389294,1.0,0.0,0.0,0.7934567085261071,1.0,0.20654329147389294,1.0,0.0,0.0,0.7934567085261071,"Champhai District Hospital, Champhai","Champhai District Hospital is a government hospital located in Champhai, Mizoram, India. It had a bed strength of 60 as of 1.4.2017. | [""internalMedicine"",""internalMedicine"",""hematology"",""internalMedicine"",""internalMedicine"",""emergencyMedicine"",""internalMedicine"",""internalMedicine"",""anesthesia"",""criticalCareMedicine"",""emergencyMedicine"",""internalMedicine""] | [""District Hospital Champhai operates a Blood Center providing blood collection and donation services""] | [] | [""District Hospital Champhai's Blood Center provides blood collection and donation services"",""Total blood collection at the District Hospital Champhai Blood Center in FY 2023-24 was 2080 units"",""Total voluntary blood collection at this center in FY 2023-24 was 1905 units (91.59%)"",""The center organized 28 blood donation camps in FY 2023-24"",""Collection at camps totaled 1007 units in FY 2023-24"",""Government-run healthcare fac","[""https://health.mizoram.gov.in/page/number-of-hospitals"",""https://dhchamphai.mizoram.gov.in/sitemap"",""https://dipr.mizoram.gov.in/post/health-minister-hovin-world-blood-donor-day-2024-hman-a-ni"",""https://www.myhospitalnow.com/blog/list-of-top-hospital-in-champhai/"",""https://www.justdial.com/Champhai/Hospitals-in-Bungzung/nct-10253670"",""https://www.facebook.com/100069130453107/posts/district-hospital-champhai-inpuahchah-dan-enfiah-a-nino33392019-2020-champhai-di/203436947769239/"",""https://www.facebook.com/1561565037394640"",null]"
102,0.7081,uncertainty_band_reduction,"[""high_trust_gap"", ""higher_uncertainty_level"", ""wide_rate_confidence_intervals"", ""small_observed_facility_sample"", ""high_critical_supply_gap_rate""]",Uttar Pradesh,Rae Bareli ,supply_record_quality_problem,3,0.4025023607176581,0.580789253860299,0.9666666666666666,0.4848046721182996,0.6,higher,0.5615,0.85,1.0,0.43849391955098227,1.0,1.0,0.43849391955098227,1.0,0.0,0.0,0.5615060804490177,0.0,0.0,0.5615060804490177,0.0,0.0,0.5615060804490177,Charak Polyclinic; Siddhivinayak Hospital; J N Hospital,"Charak Polyclinic is listed as an 'Out Reach OPD Consultation' in the Quick Links of Charak Group of Professional Studies page (Maura, Lucknow, Uttar Pradesh), part of Charak Hospital & Research Center in Lucknow, India. | [""cardiology"",""cardiacSurgery"",""oncology"",""neurology"",""nephrology"",""urology"",""gynecologyAndObstetrics"",""pediatrics"",""dermatology"",""otolaryngology"",""endocrinologyAndDiabetesAndMetabolism"",""hematology"",""internalMedicine"",""medicalOncology"",""surgicalOncology"",""gastroenterology"",""hepatopancreatobiliarySurgery"",""minimallyInvasiveSurgeryAndEndourology"",""renalTransplantationUrology"",""interventionalRadiology"",""painMedicinePMR"",""psychiatry"",""addictionPsychiatry"",""pulmonology"",""ophthalmology"",""orthopedicSurgery"",""plasticSurgery"",""oralAndMaxillofacialSurgery"",""radiology"",""neonatologyPerinatalMedicine"",""physicalMedicineAndRehabilitation"",""anesthesia"",""neonatologyPerinatalMedicine"",","[""https://www.charakhospital.org/about.php"",""https://www.charakhospital.org/Institute-of-Neurosciences.php"",""https://www.charakhospital.org/Department-of-Endocrinology-Diabetes.php"",""https://charakhospital.org/departments.php?name=Institute+of+Urology+and+Kidney+Transplant&ID=5"",""https://www.mappls.com/place-charak+polyclinic-nirala+nagar-raebareli-uttar+pradesh-229001-XJSHWZ@zdata=MjYuMjE2ODM3KzgxLjI0Njg4NysxNytYSlNIV1orK25yed"",""https://www.mappls.com/place-charak+poly+clinic-block+d-brij+vihar-ghaziabad-uttar+pradesh-201011-LCFRN6@zdata=MjguNjcwNDM1Kzc3LjMzNjM3NysxNytMQ0ZSTjYrKw==ed"",""https://www.facebook.com/p/Charak-Polyclinic-61570581163625/"",""https://www.justdial.com/Lucknow/Charak-Poly-Clinic-Near-Mahesh-Prasad-Degree-College-Bindauoa-Mohanlalganj/0522PX522-X522-180819071611-N7W8_BZDET"",""https://www.facebook.com/105826863345231"",null]; [""https://www.docindia.org/doctors/amravati/d"
103,0.7075,stress_test_desert_call,"[""high_care_gap"", ""high_health_need"", ""high_trust_gap"", ""wide_rate_confidence_intervals"", ""small_observed_facility_sample"", ""high_critical_supply_gap_rate""]",Assam,Tinsukia ,real_desert_candidate,3,0.6221081208687441,0.7015724219433963,0.8333333333333333,0.6275484162165056,0.747,medium,0.6631,0.85,1.0,0.43849391955098227,1.0,0.6666666666666666,0.2076549551264879,0.9385096847238394,0.0,0.0,0.5615060804490177,0.3333333333333333,0.0614903152761605,0.7923450448735121,0.3333333333333333,0.0614903152761605,0.7923450448735121,"Tinsukia Medical College, Tinsukia; Padma Health Care; Orange Advanced Dental Care","Tinsukia Medical College is a newly established medical college in the Tinsukia district of Assam, inaugurated on 9 March 2023. It is affiliated with Srimanta Sankardeva University of Health Sciences. | [""internalMedicine"",""internalMedicine"",""internalMedicine"",""internalMedicine"",""internalMedicine"",""internalMedicine"",""internalMedicine"",""internalMedicine"",""internalMedicine"",""internalMedicine"",""maternalFetalMedicineOrPerinatology"",""pediatrics"",""gynecologyAndObstetrics"",""internalMedicine"",""internalMedicine"",""internalMedicine""] | [] | [""Campus infrastructure includes lecture halls, laboratories, a library, and administrative blocks."",""The hospital is equipped with advanced diagnostic and treatment facilities."",""On-campus library"",""On-campus laboratories"",""IT infrastructure"",""Medical/Hospital facilities""] | [""Tinsukia Medical College is newly established in the Tinsukia district of Assam."",""In","[""http://merd.assam.gov.in/about-us"",""https://piceapp.com/gst-number-search/h-l-l-lifecare-ltd-formeryhindustan-latex-ltd-18aaach5598k1z0/"",""https://en.wikipedia.org/wiki/Tinsukia_Medical_College_%26_Hospital"",""https://www.facebook.com/61556757687802/"",""https://www.careermarg.com/college/tinsukia-medical-college"",""https://mbbscouncil.com/listing/tinsukia-medical-college/"",""https://www.bodmaseducation.com/tinsukia-medical-college-and-hospital"",""https://en.m.wikipedia.org/wiki/List_of_medical_colleges_in_India"",""https://tinsukiamch.assam.gov.in/"",""https://www.careers360.com/colleges/tinsukia-medical-college-and-hospital-tinsukia"",""http://tinsukiamedicalcollege.in/"",""https://www.facebook.com/237010652831774"",""https://medcounsel.in/UG/college/2642/tinsukia-medical-college-&-hospital,-tinsukia"",null]; [""https://pitchbook.com/profiles/company/616176-55"",""https://www.facebook.com/padmahealthcar"
104,0.7061,uncertainty_band_reduction,"[""high_trust_gap"", ""higher_uncertainty_level"", ""wide_rate_confidence_intervals"", ""small_observed_facility_sample"", ""high_critical_supply_gap_rate""]",Jammu & Kashmir,Baramula ,mixed_or_monitor,2,0.4059254013220019,0.6099998614153601,0.7999999999999999,0.525288757822864,0.656,higher,0.719,0.9,1.0,0.34237195288961925,1.0,0.5,0.09452865480086614,0.9054713451991339,0.0,0.0,0.6576280471103807,0.5,0.09452865480086614,0.9054713451991339,0.0,0.0,0.6576280471103807,"Baramulla district hospital; St.Joseph's Hospital, Jammu","Baramulla district hospital is the district civil hospital of Baramulla district. It is the associated hospital of the Government Medical College, Baramulla. It was moved to a new building in Kanthbagh in March 2013 with 300 beds. | [""internalMedicine"",""radiology"",""internalMedicine"",""internalMedicine"",""generalSurgery"",""gynecologyAndObstetrics"",""pediatrics"",""emergencyMedicine"",""criticalCareMedicine"",""anesthesia"",""ophthalmology"",""otolaryngology"",""dermatology"",""orthopedicSurgery"",""dentistry"",""publicHealth"",""radiology"",""internalMedicine"",""internalMedicine"",""internalMedicine"",""internalMedicine"",""internalMedicine"",""internalMedicine"",""internalMedicine"",""internalMedicine"",""orthopedicSurgery"",""jointReconstructionSurgery"",""spineNeurosurgery"",""pediatricOrthopedicSurgery"",""handOrUpperExtremityAndPeripheralNerveSurgery"",""shoulderAndElbowOrthopedicSurgery"",""orthopedicOncology"",""criticalCareMedicine"",""","[""https://en.m.wikipedia.org/wiki/Baramulla_district"",""http://www.onefivenine.com/india/Listing/Town/hospitals/Baramulla/Tangmarg"",""https://www.scribd.com/document/549741527/District-Hospital-Report-for-Digital-Publication"",""https://dfcojk.org/reg_bbanks.php"",""https://baramulla.nic.in/public-utility/district-hospital-baramulla/"",""https://www.justdial.com/Baramulla/Hospitals-in-Tangmarg/nct-10253670"",""https://www.justdial.com/Baramulla/Public-Hospitals/nct-10393816"",""https://issnawards.com/amo-team/dr-aijaz-mohiuddin-bhat/"",""https://www.justdial.com/Baramulla/Public-Hospitals/nct-10393816"",""https://www.facebook.com/687606274934097"",""https://baramulla.nic.in/public-utility-category/hospitals/"",""https://gmchandwara.co.in/orthopaedics.php"",null,null]; [""https://www.facebook.com/1656994294517588"",""https://baramulla.nic.in/public-utility-category/hospitals/"",""https://www.sjchospital.org/contac"
105,0.7051,uncertainty_band_reduction,"[""high_trust_gap"", ""higher_uncertainty_level"", ""wide_rate_confidence_intervals"", ""small_observed_facility_sample""]",Tamil Nadu,Kancheepuram ,mixed_or_monitor,1,0.3924693106704438,0.6430848415165173,0.7,0.573222460842671,0.816,higher,0.7935,0.95,1.0,0.20654329147389294,1.0,0.0,0.0,0.7934567085261071,0.0,0.0,0.7934567085261071,1.0,0.20654329147389294,1.0,0.0,0.0,0.7934567085261071,PSP Medical College Hospital and Research Institute,"PSP Medical College Hospital and Research Institute is a medical college established in 2023 in Kanchipuram, Tamil Nadu, affiliated to Tamil Nadu Dr MGR Medical University, Chennai and approved by the National Medical Commission (NMC). | [""internalMedicine"",""ophthalmology"",""otolaryngology"",""dermatology"",""dentistry"",""pathology"",""anesthesia"",""emergencyMedicine"",""internalMedicine"",""internalMedicine"",""internalMedicine"",""internalMedicine"",""internalMedicine"",""pathology"",""microbiology"",""pharmacology"",""anatomicPathology"",""internalMedicine"",""internalMedicine"",""internalMedicine"",""generalSurgery"",""pediatrics"",""gynecologyAndObstetrics"",""internalMedicine"",""internalMedicine""] | [""MBBS program offered by PSP Medical College Hospital and Research Institute, Tambaram"",""General Medicine department is available as clinical offering""] | [""Campus size: 30.5-acre"",""Lecture Theatres"",""Library"",""Indoor Games"",""","[""https://www.edufever.com/psp-medical-college-kanchipuram/"",""https://dial4college.com/college/psp-medical-college-hospital-and-research-institute-in-kancheepuram"",""https://www.careers360.com/colleges/psp-medical-college-hospital-and-research-institute-kancheepuram"",""https://www.moksh16.com/psp-medical-college-hospital-and-research-institute"",""https://www.moksh16.com/psp-medical-college-hospital-and-research-institute"",""https://www.worldwidecolleges.com/education/psp-medical-college-hospital-and-research-institute-tambaram/"",""https://www.shiksha.com/college/psp-medical-college-and-research-institute-kanchipuram-214871/courses/mbbs-bc"",""https://www.banodoctor.com/college/psp-medical-college-hospital-and-research-institute-tamil-nadu"",""https://dial4college.com/college/psp-medical-college-hospital-and-research-institute-in-kancheepuram"",""https://dial4college.com/college/psp-medical-college-"
106,0.7045,uncertainty_band_reduction,"[""high_trust_gap"", ""higher_uncertainty_level"", ""wide_rate_confidence_intervals"", ""small_observed_facility_sample"", ""high_critical_supply_gap_rate""]",Himachal Pradesh,Bilaspur ,mixed_or_monitor,2,0.5656869688385269,0.5978687235494489,0.675,0.6291337767086052,0.747,higher,0.719,0.9,1.0,0.34237195288961925,1.0,1.0,0.34237195288961925,1.0,0.5,0.09452865480086614,0.9054713451991339,0.5,0.09452865480086614,0.9054713451991339,0.0,0.0,0.6576280471103807,"Vyas Hospital; Regional Hospital, Bilaspur","Hospital | [""internalMedicine"",""gynecologyAndObstetrics"",""pediatrics"",""generalSurgery"",""anesthesia"",""criticalCareMedicine"",""neonatologyPerinatalMedicine"",""pediatricCriticalCareMedicine"",""reproductiveEndocrinologyAndInfertility"",""radiology"",""pathology"",""internalMedicine"",""maternalFetalMedicineOrPerinatology"",""gynecologyAndObstetrics"",""obstetricsAndMaternityCare"",""pediatrics"",""neonatologyPerinatalMedicine"",""pediatricCriticalCareMedicine"",""radiology"",""pathology"",""reproductiveEndocrinologyAndInfertility"",""anesthesia"",""internalMedicine"",""internalMedicine"",""gynecologyAndObstetrics"",""pediatrics"",""emergencyMedicine"",""internalMedicine""] | [""Caesarean section delivery"",""Open gynecologic surgery"",""Laparoscopic gynecologic surgery"",""Hysteroscopic surgery for fibroids and polyps"",""Painless delivery with epidural anesthesia"",""Continuous electronic fetal monitoring during labour"",""Infertility diagnosis","[""https://www.mappls.com/2f4f2s"",""https://vyashospital.in/"",""http://www.vyashospital.in/"",""https://www.himkhoj.com/bilaspur-bilaspur/vyas-hospital/"",""https://vyashospital.in/contactus/"",null]; [""https://himkesari.blogspot.com/2011/08/list-of-general-hospitals-in-himachal.html"",""https://www.scribd.com/document/477034999/Health-centre-HP-pdf"",""https://ayushmancardhospitals.com/community-health-centre-bangana-una-himachal-pradesh/"",""https://www.facebook.com/1435949323158118"",""https://www.facebook.com/100834121622282"",""https://hpbilaspur.nic.in/public-utility-category/hospitals/"",""https://www.healthfrog.in/laboratory/blood-banks/himachal-pradesh"",""https://www.bajajfinservhealth.in/hospitals/bilaspur-hp/regional-hospital-bilaspur-bilaspur"",null]"
107,0.7024,uncertainty_band_reduction,"[""high_health_need"", ""higher_uncertainty_level"", ""wide_rate_confidence_intervals"", ""small_observed_facility_sample"", ""high_critical_supply_gap_rate""]",Madhya Pradesh,Shahdol ,mixed_or_monitor,2,0.6157341831916903,0.6253946914436888,0.575,0.6616644660381614,0.727,higher,0.7496,0.9,1.0,0.34237195288961925,1.0,0.5,0.09452865480086614,0.9054713451991339,0.5,0.09452865480086614,0.9054713451991339,1.0,0.34237195288961925,1.0,0.5,0.09452865480086614,0.9054713451991339,Aditya Hospital; Mewar Hospital Shahdol,"Aditya Hospital. Open 24 Hrs | [""criticalCareMedicine"",""internalMedicine"",""internalMedicine"",""neurosurgery"",""neurology"",""orthopedicSurgery"",""reconstructivePlasticSurgery"",""cardiology"",""urology"",""nephrology"",""gastroenterology"",""internalMedicine"",""generalSurgery"",""ophthalmology"",""gynecology"",""pediatrics"",""pediatricSurgery"",""dermatology"",""pulmonology"",""dentistry"",""criticalCareMedicine"",""physicalMedicineAndRehabilitation"",""neurosurgery"",""neurology"",""orthopedicSurgery"",""plasticSurgery"",""cardiology"",""urology"",""nephrology"",""gastroenterology"",""internalMedicine"",""generalSurgery"",""ophthalmology"",""gynecologyAndObstetrics"",""pediatrics"",""pediatricSurgery"",""dermatology"",""pulmonology"",""dentistry"",""criticalCareMedicine"",""physicalMedicineAndRehabilitation"",""rheumatology"",""neurosurgery"",""neurology"",""orthopedicSurgery"",""plasticSurgery"",""cardiology"",""urology"",""nephrology"",""gynecology""] | [""Laparoscopic GI s","[""https://www.justdial.com/Anuppur/Hospitals-in-Gaurela/nct-10253670"",""https://adityahospital.org/Dr-O-P-Sisodiya.html"",""http://adityahospital.org/Dr-Tarun-Nagpal.html"",""https://www.adityahospital.org/Our-Consultants2.html"",""https://www.adityahospital.org/Physiotherapy.html"",""https://adityahospital.org/Dr-Brajesh-Dadarya.html"",""https://watchdoq.com/blog/hospitals/indore/aditya-hospital"",""https://www.policybazaar.com/network-hospitals/star-health-hospitals-madhya_pradesh-indore/"",""https://adityahospital.org/Facilities.html"",""https://www.policybazaar.com/network-hospitals/sbi-general-hospitals-madhya_pradesh-shahdol/"",""https://www.justdial.com/Shahdol/X-Ray-Centres/nct-10544418"",""https://www.facebook.com/102247798347576"",""https://www.justdial.com/Shahdol/Aditya-Hospital-Near-New-Bypass-Opposite-Raja-Bagh-Sohagpur/9999P7652-7652-220214135439-P3G2_BZDET/reviews"",""https://www.justdial.com/Sha"
108,0.7005,uncertainty_band_reduction,"[""high_trust_gap"", ""higher_uncertainty_level"", ""wide_rate_confidence_intervals"", ""high_critical_supply_gap_rate""]",Uttar Pradesh,Farrukhabad ,supply_record_quality_problem,5,0.5011213408876297,0.6016288832371842,0.8799999999999999,0.5021458756255424,0.663,higher,0.5521,0.75,1.0,0.5655085052479191,1.0000000000000002,0.6,0.23071993220883708,0.8823817688407467,0.0,-2.7755575615628914e-17,0.43449149475208104,0.2,0.03622316096978745,0.6244717358814613,0.4,0.1176182311592533,0.769280067791163,City Hospital; Community Health Center Achara; Gomati Hospital; Manisha Nursing Home; R K Hospital,"City Hub Hospital is a hospital located in Gorakhpur, Uttar Pradesh, India. | [""internalMedicine"",""pediatrics"",""internalMedicine"",""internalMedicine"",""internalMedicine"",""internalMedicine"",""internalMedicine"",""radiology"",""cardiology"",""pathology"",""neurology"",""internalMedicine"",""otolaryngology"",""medicalOncology"",""internalMedicine"",""internalMedicine"",""internalMedicine"",""internalMedicine"",""internalMedicine"",""generalSurgery"",""internalMedicine"",""generalSurgery"",""internalMedicine"",""internalMedicine"",""internalMedicine"",""internalMedicine"",""internalMedicine"",""internalMedicine"",""internalMedicine"",""internalMedicine"",""internalMedicine"",""internalMedicine"",""orthopedicSurgery"",""ophthalmology"",""gynecologyAndObstetrics"",""pediatrics"",""otolaryngology"",""dentistry"",""internalMedicine"",""internalMedicine"",""internalMedicine"",""internalMedicine"",""internalMedicine"",""internalMedicine"",""internalMedicine"",""internalMedicin","[""https://www.practo.com/lucknow/doctor/drslawrence-gmail-com-pediatrician"",""https://www.hospitalby.com/medical-center-india/uttar-pradesh-i1/"",""https://www.mhmindia.org/search/mhmpc/"",""https://nearby.pathkindlabs.com/pathkind-labs-fatehgarh-farukkhabad-28160/home?utm_source=GMB"",""http://www.onefivenine.com/india/Listing/Town/hospitals/Shahjahanpur/Jaitpur"",""http://niraamayadiagnostics.com/"",""https://www.zmedhealth.com/h-27051/Chc-Kurawali"",""https://www.zaubacorp.com/SYNERGY-INSTITUTE-OF-CANCER-CARE-AND-RESEARCH-PRIVATE-LIMITED-U85100UP2021PTC153661"",""https://www.medindia.net/directories/hospitals/city-hospital-lucknow-uttar-pradesh-57406.htm"",""https://www.latlong.net/pois/in/basti/hospitals"",""https://gorakhpurhospital.blogspot.com/"",""https://www.aligarhyellowpages.com/business-details/al-shifa-clinic/"",""https://www.facebook.com/106553345237361"",""https://www.aligarhyellowpages.com/busine"
109,0.698,uncertainty_band_reduction,"[""high_health_need"", ""higher_uncertainty_level"", ""wide_rate_confidence_intervals"", ""small_observed_facility_sample"", ""high_critical_supply_gap_rate""]",Punjab,Mansa ,mixed_or_monitor,2,0.6015698772426818,0.6176043231717342,0.575,0.6524576671713059,0.762,higher,0.7496,0.9,1.0,0.34237195288961925,1.0,0.5,0.09452865480086614,0.9054713451991339,0.5,0.09452865480086614,0.9054713451991339,0.0,0.0,0.6576280471103807,0.5,0.09452865480086614,0.9054713451991339,Gupta Hospital; Singhal Stars Hospital,"Listed among Top Clinics In Amritsar on Practo. | [""internalMedicine"",""internalMedicine"",""internalMedicine"",""generalSurgery"",""internalMedicine"",""internalMedicine"",""internalMedicine"",""generalSurgery"",""familyMedicine"",""otolaryngology"",""internalMedicine"",""internalMedicine"",""internalMedicine"",""cardiology"",""otolaryngology"",""neurosurgery"",""urology"",""gynecologyAndObstetrics"",""orthopedicSurgery"",""ophthalmology"",""plasticSurgery"",""gastroenterology"",""nephrology"",""surgicalOncology"",""generalSurgery"",""internalMedicine"",""internalMedicine"",""internalMedicine"",""dermatology"",""psychiatry"",""internalMedicine"",""internalMedicine"",""internalMedicine"",""dermatology"",""internalMedicine"",""dermatology"",""psychiatry"",""childAndAdolescentPsychiatry"",""geriatricPsychiatry"",""addictionPsychiatry"",""internalMedicine"",""internalMedicine"",""dermatology"",""internalMedicine"",""orthopedicSurgery"",""internalMedicine"",""internalMedicine"",""in","[""https://www.practo.com/amritsar/clinic/smile-lounge-dental-clinic-medical-college"",""http://www.onefivenine.com/india/villages/Mansa/Budhlada/Gurane-Kalan"",""https://www.docindia.org/india/pb/moga/surgery"",""https://www.insurancedekho.com/health-insurance/manipalcigna/network-hospitals-in-amritsar/6"",""https://www.practo.com/amritsar/clinic/divine-aesthetics-laser-clinic-green-avenue/plastic-surgeon-ps-7"",""https://www.practo.com/moga/clinic/sham-nursing-home-moga"",""https://www.justdial.com/Jalandhar/ENT-Clinics/nct-11219186"",""http://www.onefivenine.com/india/Places/Taluk/Ludhiana/Dehlon/Hospital"",""https://www.myupchar.com/en/hospitals/amritsar/apollo-fertility-centre-abadi-court-road-amritsar-9457"",""https://www.hexahealth.com/hospitals/insurance/ayushman-bharat-hospitals-list-in-amritsar"",""https://www.practo.com/amritsar/clinic/dhami-dental-care-amritsar-guru-nanak-dev-university"",""https:/"
110,0.6949,uncertainty_band_reduction,"[""high_trust_gap"", ""higher_uncertainty_level"", ""wide_rate_confidence_intervals"", ""high_critical_supply_gap_rate""]",Assam,Jorhat ,phantom_desert_or_verification_gap,7,0.5738314447592068,0.6208704525123006,0.8857142857142857,0.520358860146116,0.599,higher,0.4485,0.65,1.0,0.6456611570247934,1.0,0.8571428571428571,0.48686549668097007,0.9743210440510253,0.0,0.0,0.35433884297520657,0.2857142857142857,0.0822171657090155,0.6410709098517873,0.14285714285714285,0.02567895594897479,0.51313450331903,Jorhat Medical College and Hospital; Dento Miracles The Dental Clinic; Olympus Endoscopy Unit A G Nursing Home Jorhat Assam; Malpani Nursing Home; Seven Sisters Hospital and Research Centre; Agadya Multispeciality Dental Clinic; Apex Dental Care,"Jorhat Medical College & Hospital (JMCH), located at Swahid Kushal Konwar Path, KB Road, Barbheta, Jorhat, Assam, was established in 2009 to address the long-standing healthcare and medical education needs of Upper Assam. Since then, JMCH has emerged as a premier tertiary care and academic institution in the region. | [""internalMedicine"",""internalMedicine"",""generalSurgery"",""cardiology"",""dermatology"",""otolaryngology"",""gynecologyAndObstetrics"",""ophthalmology"",""pediatrics"",""orthopaedicSurgery"",""pulmonology"",""pathology"",""radiology"",""infectiousDiseases"",""psychiatry"",""publicHealth"",""anesthesia"",""emergencyMedicine"",""internalMedicine"",""pathology"",""anesthesia"",""radiology"",""generalSurgery"",""orthopedicSurgery"",""gynecologyAndObstetrics"",""nephrology"",""paediatricDialysis"",""familyMedicine"",""internalMedicine"",""internalMedicine"",""internalMedicine"",""anesthesia"",""dermatology"",""otolaryngology"",""internalMedi","[""https://jorhatmch.assam.gov.in/"",""https://jorhatmch.assam.gov.in/department-highlights-level-three/surgery/department/college"",""https://atalamritabhiyan.assam.gov.in/portlets/district-kiosk-medical-college-operator"",""https://mbbscouncil.com/listing/jorhat-medical-college-jorhat/"",""https://www.apollodialysis.com/our-centres/apollo-dialysis-clinic-in-jorhat-assam/"",""https://www.apollodialysis.com/our-centres/apollo-dialysis-clinic-in-jorhat-assam/"",""https://www.facebook.com/750036648536362"",""https://www.scribd.com/document/808499248/ADR"",""https://jorhatmedicalcollege.in/jmch/index_php/departments/para-clinical/microbiology/"",""https://jorhatmedicalcollege.in/jmch/index_php/the-college/overview/"",""https://jorhatmch.assam.gov.in/department-highlights/hospital"",""https://jorhatmch.assam.gov.in/department-highlights-level-three/orthopaedics/department/college"",""https://assamtribune.com/article"
111,0.6945,uncertainty_band_reduction,"[""high_health_need"", ""high_trust_gap"", ""higher_uncertainty_level"", ""wide_rate_confidence_intervals"", ""small_observed_facility_sample"", ""high_critical_supply_gap_rate""]",Uttar Pradesh,Sambhal ,mixed_or_monitor,4,0.6064683663833805,0.624751933494665,0.675,0.5918765029265253,0.681,higher,0.621,0.8,0.75,0.3006360524426366,0.9544139373553637,0.75,0.3006360524426366,0.9544139373553637,0.25,0.045586062644636216,0.6993639475573634,0.25,0.045586062644636216,0.6993639475573634,0.0,0.0,0.48990002040399916,Dr. Rajesh Clinic and Children's Hospital; AccuPath Labs & Diagnostics; Vishwakarma Hospital and Heart Care Centre; Rama Dental Clinic,"Dr. Rajesh Clinic and Children's Hospital is a trusted healthcare destination dedicated to providing exceptional medical care for children and families. Equipped with modern facilities and a compassionate team, we ensure your loved ones receive the best treatment in a caring environment. | [""pediatrics"",""neonatologyPerinatalMedicine"",""internalMedicine"",""internalMedicine"",""pediatrics"",""internalMedicine"",""pediatrics"",""familyMedicine"",""pediatrics"",""emergencyMedicine"",""pediatrics"",""internalMedicine"",""pediatrics"",""internalMedicine""] | [""Vaccination administration for children"",""Thrombolytic Therapy for acute ischemic stroke in NICU (as documented in case study)""] | [""Stethoscope used for pediatric examination"",""Wall-mounted oxygen delivery equipment visible in examination area"",""Infant examination bed with side rails visible in images""] | [""Has NICU/PICU beds (10+)"",""Has 50+ ready beds"",""Prov","[""https://drrajeshclinic.com/meet-our-doctors/"",""http://www.drrajeshclinic.com/"",""https://www.mappls.com/place-dr+rajesh+clinic+and+children+hospital-nh+509-bahjoi-uttar+pradesh-244410-Z14FQI@zdata=MjguMzkwMjg5Kzc4LjYyNDEwNCsxNytaMTRGUUkrK25yed"",""https://drrajeshclinic.com/contact/"",""https://www.facebook.com/drrajeshclinic/"",""https://www.mappls.com/0ea5so"",""https://www.facebook.com/792344404202395"",null]; [""https://in.linkedin.com/company/accupath-labs"",""https://www.drlogy.com/sambhal/lab/accupath-labs--diagnostics"",""https://www.diagnosticcentres.in/diagnostic-centres/uttar-pradesh/chandausi/accupath-labs-diagnostics.html"",""https://www.sujangarhonline.in/x-ray-ultrasound-imaging-and-diagnostic-centres/2968"",""https://x.com/Accupathlabs"",""https://makrana.rajasthanonline.in/x-ray-ultrasound-imaging-and-diagnostic-centres/2968"",""https://www.firozabadonline.in/x-ray-ultrasound-imaging-and-dia"
112,0.6927,uncertainty_band_reduction,"[""high_trust_gap"", ""higher_uncertainty_level"", ""wide_rate_confidence_intervals"", ""small_observed_facility_sample""]",Uttar Pradesh,Auraiya ,mixed_or_monitor,1,0.35280925401322,0.6212718103550443,0.7,0.5474434240154755,0.764,higher,0.7935,0.95,1.0,0.20654329147389294,1.0,0.0,0.0,0.7934567085261071,0.0,0.0,0.7934567085261071,1.0,0.20654329147389294,1.0,0.0,0.0,0.7934567085261071,Nayan Jyoti Eye Hospital,"Nayan Jyoti Eye Hospital in Auraiya offers retina care, glaucoma care, pediatric ophthalmology, refractive error services, contact lenses, LASIK, modular operation theatre, 50-bed facility, and optical services. | [""retinaAndVitreoretinalOphthalmology"",""glaucomaOphthalmology"",""pediatricsAndStrabismusOphthalmology"",""refractiveSurgeryOphthalmology"",""cataractAndAnteriorSegmentSurgery"",""internalMedicine"",""internalMedicine"",""ophthalmology"",""ophthalmology"",""retinaAndVitreoretinalOphthalmology"",""glaucomaOphthalmology"",""refractiveSurgeryOphthalmology"",""internalMedicine"",""retinaAndVitreoretinalOphthalmology"",""glaucomaOphthalmology"",""pediatricsAndStrabismusOphthalmology"",""refractiveSurgeryOphthalmology"",""ophthalmology"",""internalMedicine"",""ophthalmology"",""internalMedicine"",""internalMedicine"",""ophthalmology"",""internalMedicine"",""internalMedicine"",""ophthalmology"",""internalMedicine"",""ophthalmology"",""in","[""https://nayanjyotieyehospital.com/"",""https://www.bestdoctorforme.com/hospital/prayagraj/shri-hari-netralaya-prayagraj"",""https://www.nayanjyotieyehospital.com/"",""https://www.nayanjyotieyehospital.com/contact"",""https://www.medindia.net/directories/hospitals/nayan-jyoti-eye-hospital-auraiya-uttar-pradesh-71564.htm"",""https://www.facebook.com/1357451054396559"",""https://www.justdial.com/Lakhimpur-Kheri/Eye-Hospitals-in-Mohammadi/nct-10196517"",""https://nayan-jyoti-eye-hospital-auraiya.wheree.com/"",""https://www.justdial.com/Auraiya/Hospitals-in-Narayanpur/nct-10253670"",""https://sharda-hospital.wheree.com/"",""https://meena-maxillofacial-and-dental-super-speciality-clinic.wheree.com/"",""https://www.mappls.com/xjt4t2"",""https://www.facebook.com/577035889042710"",""https://www.facebook.com/p/Nayan-Jyoti-Eye-hospital-100054550325173/"",""https://www.justdial.com/Jalaun/Private-Hospitals-in-Kuthond/nct-103"
113,0.6915,semantic_gap_enrichment,"[""high_care_gap"", ""high_trust_gap"", ""wide_rate_confidence_intervals"", ""small_observed_facility_sample"", ""high_critical_supply_gap_rate""]",Madhya Pradesh,Katni ,supply_record_quality_problem,3,0.5472733711048158,0.6604133095732357,0.8666666666666666,0.5789058288699521,0.713,medium,0.6631,0.85,1.0,0.43849391955098227,1.0,0.6666666666666666,0.2076549551264879,0.9385096847238394,0.0,0.0,0.5615060804490177,0.3333333333333333,0.0614903152761605,0.7923450448735121,0.6666666666666666,0.2076549551264879,0.9385096847238394,"Chandak Hospital; Blood Bank, District Hospital, Satna; Narayanam Hospital","Chandak Hospital is a hospital listed in Katni. | [""internalMedicine"",""generalSurgery"",""internalMedicine"",""cardiology"",""otolaryngology"",""neurosurgery"",""urology"",""gynecologyAndObstetrics"",""orthopedicSurgery"",""ophthalmology"",""plasticSurgery"",""gastroenterology"",""nephrology"",""surgicalOncology"",""generalSurgery"",""internalMedicine"",""internalMedicine"",""pediatrics"",""generalSurgery"",""urology"",""criticalCareMedicine"",""dentistry"",""radiology"",""internalMedicine"",""internalMedicine"",""gynecologyAndObstetrics"",""orthopedicSurgery"",""pediatrics"",""criticalCareMedicine"",""urology"",""emergencyMedicine"",""internalMedicine"",""dentistry"",""radiology"",""internalMedicine"",""cardiology"",""orthopedicSurgery"",""internalMedicine"",""internalMedicine"",""pulmonology"",""neurology"",""otolaryngology"",""nephrology"",""gastroenterology"",""endocrinologyAndDiabetesAndMetabolism"",""cardiology"",""orthopedicSurgery"",""endocrineSurgery"",""maternalFetalMed","[""https://phps.mppolice.gov.in/phps/login/ajax_hospList"",""https://www.justdial.com/Katni/Chandak-Hospital-Gater-Ghat-Basadi/9999P7622-7622-180101010222-T4L5_BZDET"",""https://www.hexahealth.com/hospitals/insurance/shriram-general-insurance-hospital-list-katni"",""https://ayushmancardhospitals.com/madhya-pradesh/"",""https://www.justdial.com/Gwalior/Prabhleen-CBCT-Center-Infront-Of-Chandak-Hospital-Lashkar/9999PX751-X751-180106173527-Z3F1_BZDET/reviews"",""https://www.mappls.com/uwtooi"",""https://www.facebook.com/410358842835568"",""https://prabhleencbctcenter.com/contact-us/"",""https://www.cardiologistindia.com/madhya-pradesh/katni/best-hospital-in-katni-multi-speciality-hospital-in-katni-orthopaedic-hospital-in-katni.html"",""https://www.drlogy.com/ayushman-bharat/hospitals/madhya-pradesh/katni/chandak-hospital"",""https://www.medindia.net/directories/hospitals/chandak-hospital-gwalior-madhya-pradesh-9"
114,0.6906,uncertainty_band_reduction,"[""high_trust_gap"", ""higher_uncertainty_level"", ""wide_rate_confidence_intervals"", ""small_observed_facility_sample"", ""high_critical_supply_gap_rate""]",Rajasthan,Dausa ,supply_record_quality_problem,2,0.3208215297450425,0.5631927320480326,0.85,0.4699712412978404,0.697,higher,0.719,0.9,1.0,0.34237195288961925,1.0,0.5,0.09452865480086614,0.9054713451991339,0.0,0.0,0.6576280471103807,0.0,0.0,0.6576280471103807,0.5,0.09452865480086614,0.9054713451991339,Shri Krishna Hospital; Goyal Hospital,"Shri Krishna Hospital is listed among top clinics in Vaishali Nagar, Jaipur. | [""internalMedicine"",""internalMedicine"",""orthopedicSurgery"",""internalMedicine"",""internalMedicine"",""internalMedicine"",""internalMedicine"",""gynecologyAndObstetrics"",""reproductiveEndocrinologyAndInfertility"",""cardiology"",""internalMedicine"",""internalMedicine"",""internalMedicine"",""internalMedicine"",""internalMedicine"",""dentistry"",""internalMedicine"",""allergyAndImmunology"",""pediatricAllergyAndImmunology"",""internalMedicine"",""internalMedicine"",""dentistry"",""pediatrics"",""internalMedicine"",""internalMedicine"",""dentistry"",""oralMedicine"",""oralAndMaxillofacialSurgery"",""pediatricDentistry"",""internalMedicine"",""internalMedicine"",""internalMedicine"",""internalMedicine"",""internalMedicine"",""internalMedicine"",""generalSurgery"",""gynecologyAndObstetrics"",""neurology"",""orthopedicSurgery"",""pediatrics"",""internalMedicine"",""internalMedicine"",""gyne","[""https://www.practo.com/jaipur/hospital/vikas-dental-hospital-jhotwara"",""https://www.practo.com/jaipur/clinic/shastris-healthcare-vidhyadhar-nagar"",""https://www.practo.com/jaipur/clinic/dr-abhishek-gupta-s-ortho-wellness-and-joints-clinic-vaishali-nagar"",""https://www.practo.com/jaipur/clinic/vivanta-clinics-vaishali-nagar"",""https://www.practo.com/jaipur/hospital/indira-ivf-2-vaishali-nagar/infertility-specialist-ps-329"",""https://www.practo.com/jaipur/clinic/manglam-dental-harmada"",""https://www.practo.com/jaipur/clinic/dr-kabra-s-fertility-sqaure-and-cardiac-care-centre-vaishali-nagar"",""https://www.practo.com/jaipur/clinic/avnish-clinic-sita-bari"",""https://www.justdial.com/Pali-Rajasthan/Hospitals-in-Falna/nct-10253670/page-4"",""http://www.onefivenine.com/india/villag/Dausa/Dausa"",""https://www.practo.com/jaipur/clinic/dr-ram-gopal-gupta-dr-abhay-singhal-shyam-fracture-clinic-airport-sanga"
115,0.6899,uncertainty_band_reduction,"[""high_trust_gap"", ""higher_uncertainty_level"", ""wide_rate_confidence_intervals"", ""small_observed_facility_sample""]",Madhya Pradesh,Satna ,supply_record_quality_problem,2,0.3893413597733711,0.6008786385636132,0.75,0.5145091308162539,0.771,higher,0.719,0.9,1.0,0.34237195288961925,1.0,0.0,0.0,0.6576280471103807,0.0,0.0,0.6576280471103807,0.5,0.09452865480086614,0.9054713451991339,0.5,0.09452865480086614,0.9054713451991339,Nasha Mukti Kendra Satna; M.p. Birla Hospital & Priyamvada Birla Cancer Research Institute,"SHRI GKS Nasha Mukti Kendra Bhopal is one of the leading anti-drug treatment center’s in India, committed to drug abuse prevention, control, treatment and rehabilitation of those Dependent to any type of Addiction | [""addictionPsychiatry"",""familyMedicine"",""familyMedicine"",""psychiatry"",""addictionPsychiatry"",""emergencyMedicine"",""physicalMedicineAndRehabilitation"",""familyMedicine"",""psychiatry"",""emergencyMedicine"",""physicalMedicineAndRehabilitation"",""addictionPsychiatry"",""familyMedicine"",""addictionEmergencyMedicine"",""psychiatry"",""physicalMedicineAndRehabilitation"",""addictionPsychiatry"",""addictionPsychiatry"",""addictionPsychiatry"",""addictionPsychiatry"",""familyMedicine"",""addictionPsychiatry"",""addictionPsychiatry"",""addictionPsychiatry"",""addictionPsychiatry"",""physicalMedicineAndRehabilitation"",""addictionMedicinePMR"",""addictionPsychiatry"",""physicalMedicineAndRehabilitation"",""addictionMedicinePM"",""","[""https://www.umangnashamukti.com/"",""https://shrigksdeaddiction.org/category/articles/page/3/"",""http://www.shrigksdeaddiction.org/"",""https://shrigksdeaddiction.org/"",""https://shrigksdeaddiction.org/"",""https://shrigksdeaddiction.org/"",""https://www.justdial.com/Dibrugarh/Psychiatric-Rehabilitation-Centres/nct-11237808"",""https://www.justdial.com/Palanpur/De-Addiction-Centres/nct-10154242"",""https://www.justdial.com/Kota-Rajasthan/Rehabilitation-Centres/nct-10404764"",""https://www.justdial.com/Patan-Gujarat/Rehabilitation-Centres/nct-10404764"",""https://www.justdial.com/Jharsuguda/Rehabilitation-Centres-For-Alcohol/nct-10404739"",""https://www.justdial.com/Dhalai/Rehabilitation-Centres/nct-10404764"",""https://www.justdial.com/Athamallick/Rehabilitation-Centres-in-Kampala/nct-10404764"",""https://www.justdial.com/Singrauli/Drug-De-Addiction-Centres-in-Dudhichua-Project/nct-10173321"",""https://www.just"
116,0.6898,uncertainty_band_reduction,"[""high_health_need"", ""higher_uncertainty_level"", ""wide_rate_confidence_intervals"", ""small_observed_facility_sample"", ""high_critical_supply_gap_rate""]",Chhattisgarh,Raigarh ,mixed_or_monitor,2,0.6359773371104815,0.6365284260990239,0.44999999999999996,0.6748225160853758,0.78,higher,0.8109,0.9,0.5,0.09452865480086614,0.9054713451991339,0.5,0.09452865480086614,0.9054713451991339,0.5,0.09452865480086614,0.9054713451991339,0.5,0.09452865480086614,0.9054713451991339,0.5,0.09452865480086614,0.9054713451991339,"Shri Balaji Metro Hospital, Raigarh; Rama Dental Clinic","Shri Balaji Metro Hospital is a multi-specialty hospital in Raigarh, Chhattisgarh. | [""cardiology"",""orthopedicSurgery"",""neurology"",""gastrology"",""urology"",""internalMedicine"",""cardiology"",""neurosurgery"",""pediatrics"",""gynecologyAndObstetrics"",""internalMedicine"",""cardiology"",""neurosurgery"",""gynecologyAndObstetrics"",""pediatrics"",""nephrology"",""orthopedicSurgery"",""internalMedicine"",""otolaryngology"",""generalSurgery"",""pathology"",""dentistry"",""internalMedicine"",""otolaryngology"",""internalMedicine"",""internalMedicine"",""otolaryngology"",""generalSurgery"",""gynecologyAndObstetrics"",""ophthalmology"",""neurology"",""pediatrics"",""gastroenterology"",""internalMedicine"",""orthopedicSurgery"",""anesthesia"",""cardiology"",""neurosurgery"",""gynecologyAndObstetrics"",""pediatrics"",""nephrology"",""orthopedicSurgery"",""internalMedicine"",""otolaryngology"",""generalSurgery"",""emergencyMedicine"",""pathology"",""internalMedicine""] | [""CT scan"",","[""https://shribalajihospital.com/"",""https://www.zoominfo.com/pic/shri-balaji-metro-hospital/1334307887"",""http://shribalajimetrohospital.com/"",""https://balajidentalcollege.com/"",""https://www.myhospitalnow.com/hospitals/city/raigarh/ear-nose-throat-or-ent"",""https://www.facebook.com/100324924836221"",""https://www.bajajfinservhealth.in/hospitals/raigarh/shri-balaji-metro-hospital-surya-vihar-colony"",""http://shribalajimetrohospital.in/"",""https://www.iffcotokio.co.in/health-insurance/city/raigarh"",null]; [""https://www.dentee.com/clinics/raigarh"",""https://www.instagram.com/p/CUPYx9Yon3X/"",""https://www.facebook.com/102279428110938"",""https://www.facebook.com/353564795474147"",""https://www.facebook.com/ramadentalclinicraigarh/"",null,null]"
117,0.6885,uncertainty_band_reduction,"[""high_health_need"", ""higher_uncertainty_level"", ""wide_rate_confidence_intervals"", ""small_observed_facility_sample"", ""high_critical_supply_gap_rate""]",Odisha,Kalahandi ,mixed_or_monitor,1,0.6696175637393768,0.5955163807044306,0.45,0.7533688253374775,0.747,higher,0.7935,0.95,1.0,0.20654329147389294,1.0,1.0,0.20654329147389294,1.0,1.0,0.20654329147389294,1.0,0.0,0.0,0.7934567085261071,0.0,0.0,0.7934567085261071,Kalahandi Dental Clinic,"Welcome to Kalahandi Dental Clinic. We provide dental extraction, Dental impaction, Restoration (Filling), Ultrasonic oral prophylaxis (Scaling), Root canal treatment (RCT), CD, FPD, RPD, Crown and bridge, Implant surgery, Cosmetic treatment, Orthodontic treatment, Digital dental x-ray, Minor and major dental and facial surgery. | [""familyMedicine"",""orthodontics"",""dentistry"",""familyMedicine"",""familyMedicine"",""familyMedicine"",""familyMedicine"",""dentistry"",""familyMedicine"",""dentistry"",""orthodontics"",""endodontics"",""familyMedicine""] | [""Performs dental extraction"",""Treats dental impaction"",""Provides restoration filling"",""Offers ultrasonic oral prophylaxis (scaling)"",""Performs root canal treatment (RCT)"",""Provides crown and bridge services"",""Fabricates fixed partial dentures (FPD)"",""Fabricates removable partial dentures (RPD)"",""Performs implant surgery"",""Offers cosmetic dental treatment"",""Prov","[""https://www.indiamart.com/kalahandi-dental-clinic/aboutus.html"",""https://www.justdial.com/Bhawanipatna/Dr-Amitjyoti-Mohapatra-Kalahandi-Dental-Clinic-Manikeshwari-Chowk-Ramnagar-Para-Bazarpada/9999P6670-6670-171230071225-A2S4_BZDET"",""https://www.mappls.com/kqmzct"",""https://www.dial4trade.com/kalahandi-dental-clinic/"",""https://www.justdial.com/Bhawanipatna/Kalahandi-Dental-Clinic-Bazarpada/9999P6670-6670-180123162510-X1U1_BZDET"",""https://www.medindia.net/directories/hospitals/kalahandi-dental-clinic-bhawanipatna-odisha-33831.htm"",""https://www.facebook.com/686358971421650"",""https://chotu.com/local/dental-clinics-in-kalahandi-odisha-india/ct-18418000/"",null]"
118,0.6872,uncertainty_band_reduction,"[""high_trust_gap"", ""higher_uncertainty_level"", ""wide_rate_confidence_intervals"", ""small_observed_facility_sample"", ""high_critical_supply_gap_rate""]",Jammu & Kashmir,Kathua ,supply_record_quality_problem,3,0.375590179414542,0.5659875541435851,0.8666666666666666,0.46731175427127414,0.654,higher,0.6292,0.85,1.0,0.43849391955098227,1.0,0.6666666666666666,0.2076549551264879,0.9385096847238394,0.0,0.0,0.5615060804490177,0.0,0.0,0.5615060804490177,0.3333333333333333,0.0614903152761605,0.7923450448735121,Sub District Hospital Beerwah; Jai Data Laboratory and Diagnostic Centre; Dr Dees Path Labs,"Reported in a news article about a dearth of doctors at Sub-District Hospital Beerwah, prompting protests from Beerwah residents who appealed to authorities. The article notes doctors managing the hospital were reportedly transferred to other facilities, making the hospital non-functional in the locals' view. CMO Budgam Dr Mohd Ayoub stated that no doctor has been transferred permanently; staff were temporarily assigned elsewhere and would return soon. | [""internalMedicine"",""gynecologyAndObstetrics"",""internalMedicine"",""internalMedicine"",""internalMedicine"",""internalMedicine"",""internalMedicine"",""internalMedicine"",""internalMedicine"",""radiology"",""generalSurgery"",""internalMedicine"",""internalMedicine"",""internalMedicine"",""internalMedicine"",""internalMedicine"",""internalMedicine"",""internalMedicine"",""internalMedicine"",""internalMedicine"",""internalMedicine"",""internalMedicine"",""internalMedicine"",""inte","[""https://www.kashmirpatriot.com/naidkhai-bandipora-residents-demand-upgrade-of-phc-to-chc/"",""https://www.knskashmir.com/Beerwah-residents-hold-protest-over-dearth-of-doctors-at-SDH-Beerwah-176832"",""https://www.onefivenine.com/india/villages/Jammu/Bhalwal/Bhalwal-Upper-B"",""https://www.justdial.com/Shopian/Hospitals-in-Bimini-Pora/nct-10253670"",""http://www.onefivenine.com/india/Listing/Town/hospitals/Kathua/Hiranagar"",""http://www.onefivenine.com/india/villag/Jammu/R.s.pura"",""http://www.onefivenine.com/india/villag/Poonch/Surankote"",""https://www.kashmircitizen.com/sub-district-hospital-without-bmo-affecting-healthcare-and-administrative-affairs-in-sopore/"",""https://www.casemine.com/judgement/in/61c5c37d714d58085710cb3c"",""https://kashmirreader.com/2021/02/06/marham-foundation-and-sdh-organised-adolescents-health-camp-in-pattan/"",""https://www.justdial.com/Baramulla/Hospitals-in-Tangmarg/nct-"
119,0.6831,uncertainty_band_reduction,"[""high_trust_gap"", ""higher_uncertainty_level"", ""wide_rate_confidence_intervals"", ""small_observed_facility_sample"", ""high_critical_supply_gap_rate""]",Uttar Pradesh,Gonda ,mixed_or_monitor,2,0.5109183191690274,0.5677459662312242,0.675,0.5935341544234305,0.705,higher,0.6883,0.9,1.0,0.34237195288961925,1.0,1.0,0.34237195288961925,1.0,0.5,0.09452865480086614,0.9054713451991339,0.0,0.0,0.6576280471103807,0.0,0.0,0.6576280471103807,Jeevan Deep Hospital; Jeevan Deep Chikitsalay,"Open 24 Hrs; 6 Years in Healthcare. | [""internalMedicine"",""internalMedicine"",""internalMedicine"",""ophthalmology"",""gynecologyAndObstetrics"",""internalMedicine"",""anesthesia"",""emergencyMedicine"",""internalMedicine"",""ophthalmology"",""gynecologyAndObstetrics"",""generalSurgery"",""plasticSurgery"",""orthopedicSurgery"",""neurosurgery"",""gastroenterology"",""urology"",""otolaryngology"",""dentistry"",""pathology"",""radiology"",""cardiology"",""pediatrics"",""urology"",""radiology"",""internalMedicine"",""internalMedicine"",""internalMedicine"",""internalMedicine"",""burnAndTraumaPlasticSurgery"",""cardiology"",""internalMedicine"",""interventionalRadiology"",""medicalOncology"",""neonatologyPerinatalMedicine"",""neurosurgery"",""gynecologyAndObstetrics"",""ophthalmology"",""orthopedicSurgery"",""otolaryngology"",""pediatrics"",""reconstructivePlasticSurgery"",""polytrauma"",""surgicalOncology"",""urology"",""internalMedicine"",""internalMedicine"",""internalMedicine"",","[""https://www.justdial.com/Fatehpur-Uttar-Pradesh/Nursing-Homes/nct-10339808"",""https://www.medicineindia.org/hospitals-in-state/uttar-pradesh"",""https://www.justdial.com/Gonda/Jeevan-Deep-Hospital-Near-Fatima-College-Avas-Vikas-Colony/9999P5262-5262-140307194434-L6H3_BZDET"",""https://www.hospitalby.com/india-hospital/bhadohi/"",""https://www.justdial.com/Bhadohi/Jeevan-Deep-Hospital-Jeevan-Deep-Hospital-Bhadohi-Nagar-Palika/9999P5414-5414-240618154130-U1K7_BZDET"",""https://www.jeevandeephospital.com/"",""https://www.justdial.com/Bhadohi/Hospitals-in-Suriyawan/nct-10253670"",""https://www.justdial.com/Jaunpur/Laparoscopy-Hospitals-in-Naupedwa/nct-11380927"",""https://www.facebook.com/jeevandeepbloodbank/"",""https://www.mappls.com/l975l8"",""https://www.justdial.com/Bhadohi/Multispeciality-Hospitals-in-Suriyawan/nct-10547585"",""https://www.justdial.com/Bhadohi/Hospitals-in-221401/nct-10253670"",""https://w"
120,0.6819,uncertainty_band_reduction,"[""high_trust_gap"", ""higher_uncertainty_level"", ""wide_rate_confidence_intervals"", ""small_observed_facility_sample"", ""high_critical_supply_gap_rate""]",Chhattisgarh,Rajnandgaon ,mixed_or_monitor,4,0.5158758262511803,0.5749260364219548,0.7875000000000001,0.5329913518405951,0.672,higher,0.5555,0.8,1.0,0.5100999795960008,1.0,1.0,0.5100999795960008,1.0,0.25,0.045586062644636216,0.6993639475573634,0.0,0.0,0.48990002040399916,0.25,0.045586062644636216,0.6993639475573634,SKR DENTAL CARE A Multispeciality Dental Clinic; Smiling 32 Dental and Orthodontic Clinic; Jai Tulsi Multispeciality Hospital; Chhattisgarh Dental College and Research Institute,"Dentist delivering exceptional care with advanced technology for comprehensive oral healthcare services. | [""dentistry"",""endodontics"",""periodontics"",""oralAndMaxillofacialSurgery"",""prosthodontics"",""familyMedicine"",""dentistry"",""dentistry"",""orthodontics"",""endodontics"",""pediatricDentistry"",""prosthodontics"",""periodontics"",""oralAndMaxillofacialSurgery"",""familyMedicine""] | [""Dental screening and prophylaxis"",""Root canal treatment (RCT)"",""Laser dentistry"",""Oral and maxillofacial procedures"",""Fixed prosthodontics"",""Root canal treatment performed under endodontic microscope"",""Dental implants"",""Tooth extraction"",""Dental surgeries"",""Teeth whitening"",""Teeth cleaning"",""Gum disease treatment"",""Wisdom tooth removal"",""Orthodontic treatment"",""Orthodontic braces"",""Full mouth rehabilitation"",""Cosmetic dentistry including veneers and laminates and tooth bleaching"",""Laser dentistry (dental laser treatment)"",""","[""https://www.justdial.com/Rajnandgaon/SKR-DENTAL-CARE-A-Multispeciality-Dental-Clinic-Opposite-To-Bodytech-Gym-Anupam-Nagar/9999P7744-7744-151124140159-D2R2_BZDET"",""https://www.facebook.com/452147362192534"",""https://skrdentalcare.in/"",null]; [""https://www.lybrate.com/rajnandgaon/clinic/smiling-32-dental-and-orthodontic-clinic-sadar-bazaar-1a4c"",""https://www.mappls.com/wh7965"",""https://www.smiling32.com/portal/smiling-32-dental-clinic-the-best-dental-care-in-rajnandgaon-chhattisgarh/"",""https://www.facebook.com/Smiling32DentalClinic/"",""https://www.facebook.com/430816833655043"",""https://www.justdial.com/Rajnandgaon/Dentists-in-Dongargaon/nct-10156331"",null]; [""https://www.justdial.com/Rajnandgaon/Gynaecologist-Obstetrician-Doctors-in-Patewa/nct-10551087"",""https://www.justdial.com/Rajnandgaon/Dentists-in-Dongargaon/nct-10156331"",""https://www.mappls.com/place-jai+tulsi+multispeciality+hospit"
121,0.6813,uncertainty_band_reduction,"[""high_trust_gap"", ""higher_uncertainty_level"", ""wide_rate_confidence_intervals"", ""small_observed_facility_sample"", ""high_critical_supply_gap_rate""]",Assam,Lakhimpur ,mixed_or_monitor,2,0.49138338054768643,0.5570017499894867,0.675,0.5808364443195589,0.752,higher,0.719,0.9,1.0,0.34237195288961925,1.0,1.0,0.34237195288961925,1.0,0.5,0.09452865480086614,0.9054713451991339,0.5,0.09452865480086614,0.9054713451991339,0.0,0.0,0.6576280471103807,"Civil Hospital, North Lakhimpur; MidTown Hospital & Research Institute","Listed as a hospital where Free Dialysis Services are provided under the Pradhan Mantri National Dialysis Programme in Assam. | [""nephrology"",""internalMedicine"",""infectiousDiseases"",""internalMedicine"",""internalMedicine"",""internalMedicine"",""internalMedicine"",""familyMedicine"",""internalMedicine"",""internalMedicine"",""nephrology"",""familyMedicine"",""internalMedicine"",""nephrology"",""familyMedicine"",""nephrology"",""internalMedicine"",""internalMedicine"",""internalMedicine"",""nephrology"",""pediatricNephrology"",""familyMedicine"",""internalMedicine"",""internalMedicine"",""internalMedicine"",""internalMedicine"",""internalMedicine"",""generalSurgery"",""internalMedicine"",""internalMedicine""] | [""NLCH served as a COVID-19 vaccination session site during the district's vaccination drive on 16 January 2021"",""First dose of Covishield vaccine was administered at NLCH"",""The first dose at NLCH was given to ENT specialist Dr. Dhru","[""https://nhm.assam.gov.in/schemes/detail/pradhan-mantri-national-dialysis-programme"",""https://hfw.assam.gov.in/frontimpotentdata/list-of-blood-banks-and-donors"",""https://dhs.assam.gov.in/schemes/revised-national-tuberculosis-control-programme-0"",""http://www.onefivenine.com/india/Listing/Town/hospitals/Goalpara/Goalpara"",""http://www.onefivenine.com/india/Listing/Locality/hospitals/Goalpara/Goalpara/College-Nagar"",""http://wikimapia.org/34625574/Namrup-T-E-Hospital"",""https://www.justdial.com/Jorhat/Peritoneal-Dialysis-Centres-in-Garali/nct-11067497"",""https://www.facebook.com/453061841737728"",""https://career.webindia123.com/career/institutes/details_colleges_Institutes.asp?group=69&inst_no=2596"",""https://www.sentinelassam.com/north-east-india-news/assam-news/list-of-covid-19-centres-in-assam-guwahati-covid-vaccine-related-faqs-521005"",""https://www.justdial.com/Jorhat/Apollo-Dialysis-Clinic/"
122,0.6808,uncertainty_band_reduction,"[""high_health_need"", ""higher_uncertainty_level"", ""wide_rate_confidence_intervals"", ""small_observed_facility_sample"", ""high_critical_supply_gap_rate""]",Odisha,Mayurbhanj ,mixed_or_monitor,2,0.6209867799811143,0.6282836196778719,0.44999999999999996,0.6650786539512871,0.805,higher,0.7803,0.9,0.5,0.09452865480086614,0.9054713451991339,0.5,0.09452865480086614,0.9054713451991339,0.5,0.09452865480086614,0.9054713451991339,0.5,0.09452865480086614,0.9054713451991339,0.0,0.0,0.6576280471103807,Well Care Diagnostic Center; Graham Staines Memorial Hospital (Unit Of Mayur Bhanj Leprosy Home) Baripada,"Pathology center offering urine test for pregnancy, blood sugar test, CBC testing services at Madhuban Baruni Road, Baripada, Mayurbhanj. | [""pathology"",""radiology"",""familyMedicine"",""familyMedicine"",""gynecologyAndObstetrics"",""clinicalPathology"",""familyMedicine"",""pathology"",""pediatrics"",""neonatologyPerinatalMedicine"",""pediatricSurgery"",""pediatricOrthopedicSurgery"",""cardiology"",""pathology"",""allergyAndImmunology"",""preventiveMedicine"",""familyMedicine""] | [""Urine pregnancy test"",""Blood glucose test"",""CBC testing"",""Thyroid function test"",""Hormone testing"",""Culture tests"",""Urine pregnancy test"",""Blood sugar test"",""CBC testing services"",""Urine test for pregnancy"",""Blood sugar test"",""CBC testing"",""Allergy testing"",""ECG testing services at home"",""Immunization services"",""Pediatric surgery"",""Pediatric orthopedics"",""Pathology testing"",""Clinical diagnostics and laboratory testing""] | [""Neonatal incuba","[""https://www.justdial.com/Mayurbhanj/Pathology-Labs-in-Baripada/nct-10356131"",""https://www.justdial.com/Mayurbhanj/Diagnostic-Centres-in-Baripada-Municipal-Market/nct-10159446"",""https://www.justdial.com/Mayurbhanj/Pathology-Labs-in-Jashipur/nct-10356131"",""https://www.facebook.com/wellcarebpd/"",""https://www.justdial.com/Mayurbhanj/Diagnostic-Centres-in-Baripada/nct-10159446"",""https://www.justdial.com/Mayurbhanj/Pathology-Labs-in-Udala/nct-10356131"",""http://www.wellcarediagnosticcenter.in/"",null]; [""https://www.cmai.org/announcements/updates/item/61-odisha.html"",""https://christianhistoryinstitute.org/dailystory/permalink/graham-stainess-murder-shocked-india"",""https://gsmh.wordpress.com/about/"",""https://www.facebook.com/287375511296908"",""http://news.bbc.co.uk/2/hi/south_asia/3129222.stm"",null]"
123,0.6795,uncertainty_band_reduction,"[""high_trust_gap"", ""higher_uncertainty_level"", ""wide_rate_confidence_intervals"", ""small_observed_facility_sample"", ""high_critical_supply_gap_rate""]",Bihar,Munger ,mixed_or_monitor,2,0.4992917847025496,0.5613513722746614,0.675,0.58597690702022,0.742,higher,0.6883,0.9,1.0,0.34237195288961925,1.0,1.0,0.34237195288961925,1.0,0.5,0.09452865480086614,0.9054713451991339,0.0,0.0,0.6576280471103807,0.0,0.0,0.6576280471103807,Shyam Memorial Hospital Munger; Jawahar Memorial Hospital,"Shyam Memorial Hospital Munger. Emergency available 24x7. Ambulance facility. All specialization available here. | [""internalMedicine"",""internalMedicine"",""dentistry"",""oralAndMaxillofacialSurgery"",""emergencyMedicine"",""cardiology"",""endocrinologyAndDiabetesAndMetabolism"",""generalSurgery"",""pathology"",""internalMedicine"",""orthopedicSurgery"",""pediatrics"",""neonatologyPerinatalMedicine"",""radiology"",""pathology"",""preventiveMedicine"",""rheumatology"",""internalMedicine"",""emergencyMedicine"",""dentistry"",""internalMedicine"",""dentistry"",""generalSurgery""] | [""Jaw fracture repairs and head/neck surgeries performed for road traffic accident injuries"",""General surgical procedures including hydrocele, hernia, piles, and appendicitis treatment"",""Dental treatments of all types provided by the Cosmodent Dental Department"",""Oral cancer screening and treatment for mouth opening disorders (trismus)"",""Has an operation ","[""https://www.facebook.com/p/Shyam-Memorial-Hospital-Munger-100084919936039/"",""https://shyammemorialhospital.in/"",""https://shyammemorialhospitalgaya.in/"",""https://www.facebook.com/105444245625959"",""https://shyammemorialhospital.in/tag/health/"",null]; [""https://jawaharmemorialhospital.com/service/"",""https://www.justdial.com/Munger/Dentists-in-Tarapur-Munger/nct-10156331"",""https://www.justdial.com/Munger/Jawahar-Memorial-Hospital-Mangal-Bazar-Near-Subhash-Chowk-Near-Bar-Gaach-Basudeopur/9999P6344-6344-221215191632-T3J3_BZDET"",""https://www.justdial.com/Munger/Neuromuscular-Dentists/nct-12362133"",""https://jawaharmemorialhospital.com/"",""https://www.justdial.com/Munger/Jawahar-Memorial-Hospital-Mangal-Bazar-Near-Subhash-Chowk-Near-Bar-Gaach-Basudeopur/9999P6344-6344-221215191632-T3J3_BZDET/photos"",""https://jawaharmemorialhospital.com/heroslider/keep-your-teeth-healthy-2/"",""https://www.justdial"
124,0.6788,uncertainty_band_reduction,"[""high_health_need"", ""high_trust_gap"", ""higher_uncertainty_level"", ""wide_rate_confidence_intervals"", ""high_critical_supply_gap_rate""]",Bihar,Purnia ,phantom_desert_or_verification_gap,6,0.6277148253068933,0.5937080661994931,0.7666666666666667,0.5691988469757965,0.688,higher,0.4615,0.7,1.0,0.6096569663469354,0.9999999999999999,1.0,0.6096569663469354,0.9999999999999999,0.3333333333333333,0.09676933255921683,0.7000116786584712,0.0,0.0,0.3903430336530645,0.16666666666666666,0.03005258587173032,0.563509436563646,"Charma Skin & Laser Clinic; Harsh Hospital; Anupama IVF Center; Doctor Diagnostics & Vascular Clinic (Bihar Talkies Road, Line Bajar, Purnea, Bihar, India); Mukti Dental Clinic; Keshav Dental Care","Charma Skin & Laser Clinic is a leading dermatology clinic in Purnia, Bihar, run by renowned dermatologist and cosmetologist Dr. Prerna Jha. With an impressive background and a passion for bringing.... Read More | [""dermatology"",""cosmeticDermatology"",""familyMedicine"",""dermatology"",""cosmeticDermatology"",""familyMedicine"",""dermatology"",""familyMedicine""] | [""Skin pigmentation removal treatment offered by Charma Skin & Laser Clinic"",""Carbon laser facial treatment offered"",""Acne scar treatment offered"",""Permanent laser hair reduction services offered"",""Keloid treatment offered"",""Peel treatment offered"",""Vitiligo treatment offered"",""Laser treatment for skincare including acne scars, freckles, tattoo removal, and hair reduction"",""PRP therapy for hair loss"",""Microdermabrasion"",""Vitiligo treatment"",""Keloid treatment"",""Chemical peels"",""Skin rejuvenation"",""Skin toning treatment"",""Radiofrequency abla","[""https://ind.5bestincity.com/dermatologist-doctors-in-purnia-br"",""https://skaiarst-fruierd-druards.yolasite.com/"",""https://www.facebook.com/103614265404307"",null]; [""https://www.justdial.com/Motihari/General-Physician-Doctors-in-Bhelwa-Circle/nct-10892680"",""http://www.harshhospital.com/"",""https://www.justdial.com/Motihari/Hospitals-in-Gopalpur-Road/nct-10253670"",""https://www.justdial.com/East-Champaran/Multispeciality-Hospitals-in-Kesharia/nct-10547585"",""https://www.justdial.com/Motihari/Hospitals-in-Ghora-Sahan/nct-10253670"",""https://www.facebook.com/146539649322563"",""https://www.justdial.com/Motihari/Gynaecologist-Obstetrician-Doctors-in-Sugauli/nct-10551087"",""https://www.justdial.com/Motihari/Hospitals-in-Areraj-Road/nct-10253670"",""https://www.justdial.com/Motihari/Neurologists/nct-10336895"",""https://ind.5bestincity.com/private-hospitals-in-purnia-br"",""https://www.justdial.com/Motiha"
126,0.678,uncertainty_band_reduction,"[""high_trust_gap"", ""higher_uncertainty_level"", ""wide_rate_confidence_intervals"", ""high_critical_supply_gap_rate""]",Maharastra,Bid ,supply_record_quality_problem,5,0.44316572237960344,0.5697532930577698,0.86,0.4644747235953252,0.627,higher,0.5521,0.75,1.0,0.5655085052479191,1.0000000000000002,0.6,0.23071993220883708,0.8823817688407467,0.0,-2.7755575615628914e-17,0.43449149475208104,0.4,0.1176182311592533,0.769280067791163,0.2,0.03622316096978745,0.6244717358814613,"Vitai Hospital; Mauli Speciality Dental Clinic Beed; Kulkarni Hospital; District Hospital, Satara; Matoshree Hospital","Health and social work | [""internalMedicine"",""internalMedicine"",""internalMedicine"",""internalMedicine"",""internalMedicine"",""internalMedicine"",""internalMedicine"",""gynecologyAndObstetrics"",""orthopedicSurgery"",""generalSurgery"",""pediatrics"",""plasticSurgery"",""pathology"",""emergencyMedicine"",""internalMedicine"",""gynecologyAndObstetrics"",""reproductiveEndocrinologyAndInfertility"",""colorectalSurgery"",""spineNeurosurgery"",""endocrinologyAndDiabetesAndMetabolism"",""plasticSurgery"",""urogynecologyAndReconstructivePelvisSurgery"",""hepatopancreatobiliarySurgery"",""endocrineSurgery"",""internalMedicine"",""internalMedicine"",""dentistry"",""physicalMedicineAndRehabilitation"",""internalMedicine"",""internalMedicine"",""internalMedicine"",""orthopedicSurgery""] | [""Offers laparoscopic surgery"","""",""Joint replacement surgery services provided at Vithai Hospital by Dr Pradeep Sangnod"",""Orthopaedic surgery services provided at Vithai","[""http://www.onefivenine.com/india/Listing/Town/hospitals/Beed/Beed"",""https://b2bhint.com/en/company/in-mh/vithai-hospital-private-limited--U85110MH2008PTC187967"",""https://www.facebook.com/149214512691953"",""https://www.medindia.net/directories/hospitals/vithai-hospital-nashik-maharashtra-96039.htm"",""https://www.dnb.com/business-directory/company-profiles.vithai_hospital_private_limited.5ed9cddf70edd623cdf4d7762beb876a.html"",""https://www.practo.com/beed/clinic/nira-balrugnalaya-kranti-nagar"",""http://www.vithaihospital.in/"",""https://www.latlong.net/pois/in/nanded/hospitals"",""https://www.practo.com/pune/hospital/vithai-hospital-1-pimple-saudagar/services"",""https://www.facebook.com/1502403159801910"",""https://www.zaubacorp.com/VITHAI-HOSPITAL-PRIVATE-LIMITED-U85110MH2008PTC187967"",""https://www.justdial.com/Parbhani/Vithai-Hospital/9999P2452-2452-170206165548-V5M6_BZDET"",""https://bdir.in/p/bes"
125,0.678,uncertainty_band_reduction,"[""high_health_need"", ""higher_uncertainty_level"", ""wide_rate_confidence_intervals"", ""small_observed_facility_sample"", ""high_critical_supply_gap_rate""]",Bihar,Madhepura ,mixed_or_monitor,1,0.6358593012275732,0.5769493363229385,0.45,0.7314259547048052,0.784,higher,0.7935,0.95,1.0,0.20654329147389294,1.0,1.0,0.20654329147389294,1.0,1.0,0.20654329147389294,1.0,0.0,0.0,0.7934567085261071,0.0,0.0,0.7934567085261071,Koshi Hospital,"Koshi Hospital — Open 24 Hrs; Rating 4.3 (15 ratings) | [""internalMedicine"",""gynecologyAndObstetrics"",""clinicalPathology"",""internalMedicine"",""internalMedicine""] | [""Normal delivery"",""Lacs"",""VH"",""TH"",""GB stone treatment"",""All blood tests""] | [""Wheelchair accessible entrance and exit"",""Wheelchair accessible in-car parking""] | [""Opened on 1 March 2019"",""Operates 24/7"",""Provides 24/7 ICU, SICU, NICU, and PICU services""]","[""https://www.justdial.com/Madhepura/Hospitals-in-Murliganj/nct-10253670/page-3"",""https://www.facebook.com/109812434763008"",""https://www.justdial.com/Madhepura/Koshi-Hospital-Rb-Nagar/9999P6476-6476-200213005917-R6R7_BZDET"",null]"
127,0.6752,semantic_gap_enrichment,"[""high_care_gap"", ""high_trust_gap"", ""wide_rate_confidence_intervals"", ""small_observed_facility_sample"", ""high_critical_supply_gap_rate""]",Punjab,Firozpur ,mixed_or_monitor,4,0.5645066100094428,0.6516729674889992,0.8999999999999999,0.5646013612834657,0.726,medium,0.5227,0.8,1.0,0.5100999795960008,1.0,1.0,0.5100999795960008,1.0,0.0,0.0,0.48990002040399916,0.25,0.045586062644636216,0.6993639475573634,0.0,0.0,0.48990002040399916,Frances Newton Hospital Ad; Ferozepur Medicity Superspeciality Hospital; Anil Baghi Hospital; Chopra Path Lab,"Open 24 Hrs | [""internalMedicine"",""medicalOncology"",""internalMedicine"",""ophthalmology"",""generalSurgery"",""pediatrics"",""dermatology"",""gynecologyAndObstetrics"",""orthopedicSurgery"",""neurosurgery"",""otolaryngology"",""urology"",""internalMedicine"",""internalMedicine"",""internalMedicine"",""internalMedicine"",""internalMedicine"",""internalMedicine"",""internalMedicine"",""internalMedicine"",""internalMedicine"",""internalMedicine"",""internalMedicine"",""dentistry"",""internalMedicine"",""internalMedicine"",""internalMedicine"",""internalMedicine"",""internalMedicine"",""internalMedicine"",""internalMedicine"",""internalMedicine"",""internalMedicine"",""internalMedicine"",""internalMedicine"",""internalMedicine"",""urology"",""cardiology"",""pathology"",""internalMedicine"",""endocrinologyAndDiabetesAndMetabolism"",""ophthalmology"",""pediatricSurgery"",""generalSurgery"",""gynecologyAndObstetrics"",""plasticSurgery"",""gynecologyAndObstetrics"",""internalMedicine","[""https://www.justdial.com/Abohar/Hospitals-in-Abohar-Mandi/nct-10253670"",""https://francesnewtonhospital.com/"",""http://dravreen.com/"",""https://www.medindia.net/directories/hospitals/northern-railway-divisional-hospital-firozpur-punjab-65782.htm"",""https://www.justdial.com/Ferozepur/Dental-Hospitals-in-Guruharsahai/nct-11273042"",""https://www.facebook.com/Frances-Newton-Hospital-Alumni-1633715063509545"",""https://www.justdial.com/Ferozepur/Hospitals-in-Jalalabad/nct-10253670/page-2"",""https://www.francesnewtonhospital.com/"",""http://sbhscni.blogspot.com/p/hospitals.html"",""https://www.justdial.com/Ferozepur/Frances-Newton-Hospital-Cantonment-Area/9999P1632-1632-241126204729-W8V1_BZDET"",""https://www.justdial.com/Abohar/Hospitals-in-Bahadur-Khera/nct-10253670"",""https://www.justdial.com/Moga/Blood-Banks-in-Civil-Lines/nct-10049054"",""https://www.justdial.com/Ferozepur/Dentists-in-Arya-Samaj-Chowk/n"
128,0.6742,uncertainty_band_reduction,"[""high_trust_gap"", ""higher_uncertainty_level"", ""wide_rate_confidence_intervals"", ""small_observed_facility_sample"", ""high_critical_supply_gap_rate""]",Madhya Pradesh,Ratlam ,mixed_or_monitor,2,0.48253068932955606,0.552132769819515,0.675,0.5750821950277742,0.68,higher,0.6883,0.9,1.0,0.34237195288961925,1.0,1.0,0.34237195288961925,1.0,0.5,0.09452865480086614,0.9054713451991339,0.0,0.0,0.6576280471103807,1.0,0.34237195288961925,1.0,Maa Gayatri Hospital; Ankur Hospital,"The multi-specialty hospital located in Ratlam city recognized as a centre of medical excellence in the respective area. MGH is a venture of Laxyo Group built with strong foundation as to articulate best medical expertise to the people in the located area. MGH is a prominent healthcare service provider in the region with wide range of facilities in the healthcare segment. Hospital is easily accessible locally from the city and connecting highways. Maa Gayatri hospital is aiming towards providing accessible and accountable healthcare services. | [""internalMedicine"",""internalMedicine"",""generalSurgery"",""pediatrics"",""gynecologyAndObstetrics"",""otolaryngology"",""reproductiveEndocrinologyAndInfertility"",""internalMedicine"",""internalMedicine"",""internalMedicine"",""internalMedicine"",""internalMedicine"",""internalMedicine"",""internalMedicine"",""gynecologyAndObstetrics"",""internalMedicine"",""internalMedicine","[""https://www.laxyo.com/laxyo-group-companies.php"",""http://www.laxyo.com/laxyo-group-companies.php"",""https://www.justdial.com/Ratlam/MAA-Gayatri-Hospital-Behind-Sajjan-Mill-Ratlam-Station-Road/9999P7412-7412-130102125916-G3E3_BZDET"",""https://www.facebook.com/p/Maa-Gayatri-Hospital-100069896918530/"",""https://pincode.net.in/maa-falodi-hospital-ratlam-madhya-pradesh-457001"",""https://www.justdial.com/Ratlam/Dr-Seema-Joshi-Maa-Gayatri-HOspital-Behind-Sajjan-Mill-Ratlam-HO/9999P7412-7412-130806164754-N7S7_BZDET"",""https://www.indiainfo.net/place/diamond-dental-clinic-dr-shubham-jain-4647905"",""https://www.justdial.com/Ratlam/Maa-Gayatri-Hospital-Kasturba-Nagar/9999P7412-7412-231018220804-G5N7_BZDET"",""https://pincode.net.in/maa-gayatri-hospital-ratlam-madhya-pradesh-457001"",""https://gynecologistnearme.in/madhya-pradesh/"",""https://www.ratlamonline.in/guide/hospitals-and-blood-banks-in-ratlam"",""htt"
129,0.6732,uncertainty_band_reduction,"[""higher_uncertainty_level"", ""wide_rate_confidence_intervals"", ""small_observed_facility_sample"", ""high_critical_supply_gap_rate""]",Gujarat,Surendranagar ,supply_record_quality_problem,2,0.5752478753541076,0.6031272221330183,0.49999999999999994,0.6353483659437327,0.742,higher,0.7496,0.9,0.5,0.09452865480086614,0.9054713451991339,0.5,0.09452865480086614,0.9054713451991339,0.5,0.09452865480086614,0.9054713451991339,0.0,0.0,0.6576280471103807,0.0,0.0,0.6576280471103807,C U Shah Medical College; Sarkari Hospital,"Accredited With Grade B++ By NAAC - 2017 | [""cardiology"",""urology"",""nephrology"",""neurosurgery"",""ophthalmology"",""dermatology"",""dentistry"",""pulmonology"",""psychiatry"",""pediatrics"",""generalSurgery"",""orthopedicSurgery"",""otolaryngology"",""gynecologyAndObstetrics"",""radiology"",""anesthesia"",""emergencyMedicine"",""internalMedicine"",""cardiology"",""urology"",""nephrology"",""neurosurgery"",""ophthalmology"",""dermatology"",""pediatrics"",""generalSurgery"",""orthopedicSurgery"",""otolaryngology"",""gynecologyAndObstetrics"",""radiology"",""anesthesia"",""emergencyMedicine"",""psychiatry"",""pulmonology"",""internalMedicine"",""dentistry"",""pathology"",""cardiology"",""cardiothoracicSurgery"",""urology"",""nephrology"",""neurosurgery"",""dermatology"",""dentistry"",""pulmonology"",""psychiatry"",""pediatrics"",""generalSurgery"",""orthopedicSurgery"",""otolaryngology""] | [""Offers super-speciality services in Cardiac Care, Urology, Nephrology, and Neuro Surgery"",","[""https://cusmc.org/faculty/39/SURGERY"",""https://cusmc.org/contact-us"",""https://cusmc.org/"",""https://cusmc.org/subpage/tbchest"",""https://www.cusmc.org/"",""https://www.collegedekho.com/skin_and_vd-colleges-in-india/"",""https://surendranagar.nic.in/public-utility-category/hospitals/"",""https://www.facebook.com/312249841968873"",""https://www.healthfrog.in/hospital/general-hospital/gujarat/surendranagar"",""https://pincode.net.in/c-j-hospital-surendranagar-wadhwan-surendra-nagar-gujarat-363001"",null]; [""http://www.onefivenine.com/india/villages/Ahmadabad/Dhandhuka/Fedra"",""http://www.onefivenine.com/india/Places/District/Gandhinagar/Hospital"",""http://www.onefivenine.com/india/Listing/Town/hospitals/Surendranagar/Muli"",""https://www.onefivenine.com/india/Places/Taluk/Rajkot/Jetpur/Hospital"",""https://rajkotcityguide.com/directory/listing/dr-ravindra-kumar-vasantlal-parmar-consultant-physician-diabetol"
130,0.6724,uncertainty_band_reduction,"[""high_care_gap"", ""higher_uncertainty_level"", ""wide_rate_confidence_intervals"", ""small_observed_facility_sample""]",Odisha,Bargarh ,mixed_or_monitor,1,0.4641761095372992,0.6825235808932879,0.45,0.6198318801061271,0.919,higher,0.7935,0.95,0.0,0.0,0.7934567085261071,0.0,0.0,0.7934567085261071,0.0,0.0,0.7934567085261071,1.0,0.20654329147389294,1.0,0.0,0.0,0.7934567085261071,Dr. Sai MultiSpeciality Hospital Bargarh,"Providing exceptional cardiac care to the community | [""internalMedicine"",""pathology"",""dentistry"",""neurology"",""orthopedicSurgery"",""otolaryngology"",""pediatrics"",""psychiatry"",""generalSurgery"",""cardiology"",""internalMedicine"",""emergencyMedicine"",""criticalCareMedicine"",""radiology"",""nephrology"",""orthopedicSurgery"",""dentistry"",""internalMedicine"",""dentistry"",""plasticSurgery"",""generalSurgery"",""urology"",""orthopedicSurgery"",""pediatrics"",""gynecologyAndObstetrics"",""neurosurgery"",""cardiology"",""gastroenterology"",""cardiothoracicSurgery"",""psychiatry"",""radiology"",""internalMedicine""] | [""Provides dialysis treatment"",""Computed Tomography (CT) scan available at Sai Multispeciality Hospital"",""OPG full mouth X-ray imaging available"",""Digital X-Ray imaging available"",""Endoscopy performed"",""Ultrasonography performed"",""C-ARM imaging used for orthopedic patients"",""Free cleft lip and palate treatment provided throu","[""https://www.cardiologistindia.com/odisha/bargarh/sai-multispeciality-hospital-bargarh.html"",""https://www.facebook.com/saimultispecialityhospitalbargarh/"",""https://www.facebook.com/saimultispecialityhospitalbargarh/posts/247-emergency-care-you-can-trustsai-multispeciality-hospital-bargarh-is-fully-eq/1189132713229951/"",""https://www.saimultispecialityhospitals.com/aboutus.html"",null]"
131,0.6714,uncertainty_band_reduction,"[""high_trust_gap"", ""higher_uncertainty_level"", ""wide_rate_confidence_intervals"", ""small_observed_facility_sample"", ""high_critical_supply_gap_rate""]",Rajasthan,Dungarpur ,mixed_or_monitor,2,0.4733238904627007,0.5470690304427445,0.675,0.5690977757643182,0.725,higher,0.6883,0.9,1.0,0.34237195288961925,1.0,1.0,0.34237195288961925,1.0,0.5,0.09452865480086614,0.9054713451991339,0.0,0.0,0.6576280471103807,0.0,0.0,0.6576280471103807,Family Dental Clinic And Hospital; Padam Dental Clinic,"Hospital | [""dentistry"",""internalMedicine"",""internalMedicine"",""dentistry"",""familyMedicine"",""dentistry"",""dentistry"",""familyMedicine"",""familyMedicine""] | [""Tooth Extraction"",""Dental X-Ray"",""Ceramic Crowns and Bridges Fixing"",""Dental Fillings"",""Root Canal Treatment (RCT)"",""Impacted tooth extraction"",""Dental fillings"",""Dentures""] | [""Dental X-Ray machine""] | [""Dungarpur Dental Hospital is a dental clinic."",""Dungarpur Dental Hospital is located 1.25 km northeast of Hill City Dental Clinic."",""Family Dental Clinic & Hospital operates at Dungarpur Gapsagar"",""Multi-specialty dental clinic""]; Padam dental clinic is a dentist and dental office located in Sagwara, Rajasthan, India. | [""familyMedicine"",""familyMedicine"",""dentistry"",""familyMedicine"",""dentistry"",""familyMedicine""] | [""""] | [""""] | [""Padam dental clinic is a dental clinic located in Sagwara, Rajasthan."",""Outpatient dental clinic"",""Appointm","[""https://magicpin.in/Dungarpur/Dungarpur/Restaurant/Family-Dental-Clinic-And-Hospital/store/103b455/"",""https://www.justdial.com/Dungarpur/Dungarpur-Dental-Hospital-Adarsh-Nagar/9999P2964-2964-180308183219-M4S7_BZDET"",""https://www.facebook.com/1792140577675858"",""https://mapcarta.com/N7686488334"",""http://www.onefivenine.com/india/Listing/Town/hospitals/Dungarpur/Dungarpur"",""https://www.practo.com/dungarpur/doctor/dr-arpit-saxena-dentist?utm_source=facebook&utm_medium=referral&utm_campaign=profile_share"",""https://www.justdial.com/Dungarpur/Family-Dental-Clinic-Hospital-Adarsh-Nagar/9999P2964-2964-170104153140-G8R1_BZDET"",null]; [""https://www.facebook.com/743727359071006"",""https://www.facebook.com/Padam-dental-clinic-743727359071006/"",""https://chotu.com/local/dental-clinics-in-dungarpur-rajasthan-india/ct-18417581/"",""https://www.facebook.com/743727359071006/posts/padam-dental-clinicwe-resum"
132,0.6696,uncertainty_band_reduction,"[""high_health_need"", ""high_trust_gap"", ""higher_uncertainty_level"", ""wide_rate_confidence_intervals"", ""high_critical_supply_gap_rate""]",Punjab,Rupnagar ,phantom_desert_or_verification_gap,6,0.6143767705382436,0.5863721360767358,0.7166666666666668,0.5605291113761741,0.679,higher,0.5041,0.7,1.0,0.6096569663469354,0.9999999999999999,0.8333333333333334,0.43649056343635395,0.9699474141282697,0.3333333333333333,0.09676933255921683,0.7000116786584712,0.0,0.0,0.3903430336530645,0.3333333333333333,0.09676933255921683,0.7000116786584712,"Dr. Singh's Multispeciality Dental Clinic; Kakkar Hospital; Max Lab; Cloudnine Hospital, Ludhiana; Laungia Dental Hospital; Parmar Hospital","Multispeciality dental clinic | [""dentistry"",""familyMedicine"",""familyMedicine"",""familyMedicine"",""dentistry"",""endodontics"",""orthodontics"",""prosthodontics"",""oralAndMaxillofacialSurgery"",""familyMedicine"",""dentistry"",""aestheticDentistry"",""prosthodontics"",""dentoalveolarSurgery"",""familyMedicine""] | [""Gingivectomy procedures"",""Mucogingival procedures"",""Root canal treatment (RCT)"",""Orthodontic tooth alignment / straightening teeth"",""Minimally invasive dentistry"",""Aesthetic dentistry services"",""Laser dentistry"",""Implant placement for full mouth rehabilitation with all-on-6 concept in both arches"",""Sinus augmentation in the left maxilla"",""Provides cosmetic dentistry services for patients of all ages""] | [""Dental chair with attached dental unit and overhead light""] | [""Has 10 years of healthcare experience"",""Operates a modern dental clinic offering specialized dental services"",""Multispeciality dent","[""https://www.justdial.com/Ropar/Dr-Singhs-Multispeciality-Dental-Clinic-rupnagar/9999P1881-1881-190403143133-A6A6_BZDET/reviews"",""https://www.mappls.com/jcvqp6"",""https://www.justdial.com/Ropar/Dr-Singhs-Multispeciality-Dental-Clinic-Near-Drsardhana-Child-Clinic-Rupnagar/9999P1881-1881-190403143133-A6A6_BZDET"",""https://www.facebook.com/drsinghtejinder/"",""https://www.justdial.com/Morinda/Dentists/nct-10156331"",""https://www.facebook.com/1659530964321988"",null]; [""https://www.practo.com/ludhiana/clinic/sps-apollo-hospital-sherpur/services"",""https://www.justdial.com/Morinda/Kakkar-Hospital-Garden-Colony/9999P1888-1888-110117133934-U8G5_BZDET"",""http://www.onefivenine.com/india/Listing/Town/hospitals/Ludhiana/Raikot"",""https://www.justdial.com/Patiala/Orbit-Scan-Centre-Closed-Down-Bank-Colony/9999PX175-X175-170526134638-Z6J8_BZDET"",""https://www.practo.com/ludhiana/clinic/malhotra-homeo-clinic-c"
133,0.6695,semantic_gap_enrichment,"[""high_trust_gap"", ""wide_rate_confidence_intervals"", ""small_observed_facility_sample"", ""high_critical_supply_gap_rate""]",Telangana,Khammam ,supply_record_quality_problem,4,0.5275023607176582,0.6313206303785177,0.9,0.5405485992438057,0.714,medium,0.5647,0.8,1.0,0.5100999795960008,1.0,0.75,0.3006360524426366,0.9544139373553637,0.0,0.0,0.48990002040399916,0.0,0.0,0.48990002040399916,0.5,0.15003570882017148,0.8499642911798285,Suraksha Hospitals; Arogya Hospital; Mathrushree Fertility Centre; Dr Shalini's Skin Clinic,"Multi Speciality Hospital | [""gynecologyAndObstetrics"",""dermatology"",""internalMedicine"",""internalMedicine"",""surgicalOncology"",""internalMedicine"",""internalMedicine"",""internalMedicine"",""internalMedicine"",""dermatology"",""cosmeticDermatology"",""internalMedicine"",""internalMedicine"",""internalMedicine"",""internalMedicine"",""dentistry"",""internalMedicine"",""gynecologyAndObstetrics"",""reproductiveEndocrinologyAndInfertility"",""familyMedicine"",""internalMedicine"",""gynecologicalOncology"",""gynecologyAndObstetrics"",""orthodontics"",""internalMedicine"",""andrologyAndMaleFertility"",""infectiousDiseases"",""reproductiveEndocrinologyAndInfertility"",""dermatology"",""gastroenterology"",""otolaryngology"",""urology"",""internalMedicine"",""internalMedicine"",""internalMedicine"",""orthopedicSurgery"",""urology"",""internalMedicine"",""generalSurgery"",""cardiology"",""neurosurgery"",""dermatology"",""internalMedicine"",""internalMedicine""] | [""Shoulder","[""https://www.practo.com/hyderabad/clinic/syamala-complete-women-s-clinic-kompally"",""https://www.skedoc.com/khammam/zp-center/hospitals/dermatology"",""https://www.practo.com/hyderabad/clinic/esthetix-dental-jubilee-hills-1/reviews"",""https://www.practo.com/hyderabad/doctor/dr-ramu-damuluri-oncologist"",""https://suryaseedlab.com/"",""https://www.justdial.com/Khammam/Diagnostic-Centres/nct-10159446/page-3"",""https://www.practo.com/hyderabad/clinic/veda-skin-and-hair-clinic-kompally"",""https://www.facebook.com/p/Nalgonda-Partha-Dental-Skin-Hair-100057085494495/"",""https://www.justdial.com/Khammam/Hospitals-in-V-V-Palem/nct-10253670"",""https://www.facebook.com/102597824707274"",""https://www.justdial.com/Nalgonda/Dr-V-Swetha-Partha-Dental-Clinic-Opposite-Suraksha-Hospital-New-Prakasham-Bazar/9999P8682-8682-200718003101-G6P6_BZDET"",""https://www.practo.com/hyderabad/doctor/dr-chandrakala-6-gynecologist-o"
134,0.6693,uncertainty_band_reduction,"[""high_trust_gap"", ""higher_uncertainty_level"", ""wide_rate_confidence_intervals"", ""small_observed_facility_sample""]",Chhattisgarh,Mahasamund ,mixed_or_monitor,3,0.37352455146364494,0.5648514587705917,0.7666666666666666,0.46596909610319104,0.653,higher,0.6631,0.85,1.0,0.43849391955098227,1.0,0.3333333333333333,0.0614903152761605,0.7923450448735121,0.0,0.0,0.5615060804490177,0.6666666666666666,0.2076549551264879,0.9385096847238394,0.6666666666666666,0.2076549551264879,0.9385096847238394,Shri Akal Purakh Hospital; Aditya Hospital and Maternity Home; Dave Multispeciality Dental Care,"Languages: English, Hindi. Opening Time: 9am - 9pm. | [""internalMedicine"",""internalMedicine"",""internalMedicine"",""dentistry"",""endodontics"",""orthodontics"",""craniofacialAndCleftOralMaxillofacialSurgery"",""internalMedicine"",""internalMedicine"",""pediatrics"",""internalMedicine"",""orthopedicSurgery"",""gynecologyAndObstetrics"",""oralAndMaxillofacialSurgery"",""cardiology"",""internalMedicine"",""orthopedicSurgery"",""internalMedicine""] | [""Offers dental implant surgery"",""Provides mouth, face and jaw injury treatment through a facial trauma centre"",""No explicit clinical procedures listed in the provided content.""] | [""Dental implant surgical facilities"",""Operates two operating theatres"",""Two floors"",""Wheelchair-accessible car park"",""Wheelchair-accessible entrance"",""Accepts credit cards, debit cards, and NFC mobile payments""] | [""Has 5 doctors on staff"",""Website: https://shriakalpurakhhospital.com/"",""24/7 facia","[""http://www.onefivenine.com/india/villages/Mahasamund/Mahasamund/Keshwa"",""https://myhospitalnow.com/hospitals/city/mahasamund/dental-care"",""https://www.hexahealth.com/hospitals/insurance/ayushman-bharat-hospitals-list-in-mahasamund"",""https://www.justdial.com/Mahasamund/Akal-Purakh-Hospital-Opposite-Railway-Station-Tumgaon/9999P7723-7723-180529091516-F6N7_BZDET"",""https://www.facebook.com/ShriAkalPurakhHospital/"",""https://www.cardiologistindia.com/chhattisgarh/opposite-railway-station/shri-akal-purakh-hospital.html"",""https://www.eka.care/clinic/shri-akal-purakh-hospital"",""http://www.onefivenine.com/india/Listing/Town/hospitals/Mahasamund/Mahasamund"",null]; [""https://adityahospitalmsmd.com/"",""https://www.facebook.com/107764290614046"",null]; [""https://www.docindia.org/clinics/ct/mahasamund/dave-multispeciality-dental-care"",""https://www.facebook.com/davedentalcare/"",""https://www.justdial.com"
135,0.6692,uncertainty_band_reduction,"[""high_trust_gap"", ""higher_uncertainty_level"", ""wide_rate_confidence_intervals"", ""small_observed_facility_sample"", ""high_critical_supply_gap_rate""]",Punjab,Fatehgarh Sahib ,mixed_or_monitor,4,0.49179650613786574,0.5616824103596318,0.7375,0.5173397937669406,0.689,higher,0.5975,0.8,1.0,0.5100999795960008,1.0,0.75,0.3006360524426366,0.9544139373553637,0.25,0.045586062644636216,0.6993639475573634,0.5,0.15003570882017148,0.8499642911798285,0.0,0.0,0.48990002040399916,"Employees' State Insurance Corporation Dispensary, Behla Mohalla, Sirhind; Dhillon Eye Hospital and Laser Centre; Gurpreet Nursing Home; Amarjit Ayurvedic Clinic","Medical facility: ESI Dispensary located inside Civil Hospital, Abohar, Punjab, India. | [""internalMedicine"",""internalMedicine"",""familyMedicine"",""internalMedicine"",""internalMedicine"",""familyMedicine"",""internalMedicine"",""internalMedicine"",""internalMedicine"",""familyMedicine"",""familyMedicine"",""internalMedicine"",""familyMedicine"",""internalMedicine"",""familyMedicine"",""internalMedicine"",""internalMedicine"",""dentistry"",""internalMedicine"",""internalMedicine"",""internalMedicine"",""obstetricsAndMaternityCare"",""emergencyMedicine"",""generalSurgery"",""internalMedicine"",""internalMedicine"",""internalMedicine"",""preventiveMedicine"",""gastroenterology"",""infectiousDiseases"",""internalMedicine"",""internalMedicine"",""internalMedicine"",""internalMedicine"",""internalMedicine"",""internalMedicine"",""internalMedicine"",""pathology"",""internalMedicine"",""emergencyMedicine"",""internalMedicine"",""dentistry"",""internalMedicine"",""dentistry"",","[""https://srookhla.esic.gov.in/dispensaries/index/headquarters-office/-/page:171"",""https://srookhla.esic.gov.in/dispensaries/index/headquarters-office/-/page:171"",""https://srookhla.esic.gov.in/dispensaries/index/headquarters-office/-/page:171"",""https://srookhla.esic.gov.in/dispensaries/index/headquarters-office/-/page:171"",""https://rokerala.esic.gov.in/dispensaries/index/clear-search/headquarters-office/who_is_who/-/page:171"",""https://srojalandhar.esic.gov.in/dispensaries/index/headquarters-office/page:170"",""https://srookhla.esic.gov.in/dispensaries/index/headquarters-office/-/page:171"",""https://srookhla.esic.gov.in/dispensaries/index/headquarters-office/-/page:171"",""https://rokerala.esic.gov.in/dispensaries/index/clear-search/headquarters-office/who_is_who/-/page:171"",""https://srookhla.esic.gov.in/dispensaries/index/headquarters-office/-/page:171"",""https://srookhla.esic.gov.in/dispensar"
136,0.6688,uncertainty_band_reduction,"[""high_trust_gap"", ""higher_uncertainty_level"", ""wide_rate_confidence_intervals"", ""small_observed_facility_sample"", ""high_critical_supply_gap_rate""]",Maharastra,Osmanabad ,supply_record_quality_problem,4,0.4447592067988668,0.5358118957231824,0.7875000000000001,0.4867655491965914,0.689,higher,0.621,0.8,1.0,0.5100999795960008,1.0,0.75,0.3006360524426366,0.9544139373553637,0.25,0.045586062644636216,0.6993639475573634,0.25,0.045586062644636216,0.6993639475573634,0.25,0.045586062644636216,0.6993639475573634,Akshay Hospital; Mehta Hospital; Suvidha Hospital; Vidhate Accident Hospital,"Asha Hospital is a hospital in Nanded, Maharashtra, India, offering general medicine, surgery, and critical care, with 24/7 emergency care. | [""internalMedicine"",""internalMedicine"",""generalSurgery"",""criticalCareMedicine"",""emergencyMedicine"",""cardiology"",""endocrinologyAndDiabetesAndMetabolism"",""dentistry"",""internalMedicine"",""otolaryngology"",""plasticSurgery"",""internalMedicine"",""internalMedicine"",""internalMedicine"",""internalMedicine"",""internalMedicine"",""internalMedicine"",""internalMedicine"",""internalMedicine"",""internalMedicine"",""generalSurgery"",""internalMedicine"",""internalMedicine"",""gastroenterology"",""cardiology"",""cardiacSurgery"",""internalMedicine"",""internalMedicine"",""internalMedicine"",""endocrinologyAndDiabetesAndMetabolism"",""infectiousDiseases"",""nephrology"",""neurology"",""gastroenterology"",""hematology"",""cardiology"",""orthopedicSurgery"",""spineNeurosurgery"",""gynecologyAndObstetrics"",""reproductiv","[""http://www.onefivenine.com/india/Places/District/Osmanabad/Hospital"",""https://ashahospitalnanded.com/about/"",""https://www.onefivenine.com/india/Places/Taluk/Nashik/Sinnar/Hospital"",""https://www.justdial.com/Osmanabad/Asha-hospital-Near-Ambedkar-Chowk-Kallam/9999P2472-2472-240606110113-B2E2_BZDET"",""http://www.onefivenine.com/india/Places/Taluk/Nashik/Igatpuri/Hospital"",""http://www.onefivenine.com/india/Places/Taluk/Nashik/Nashik/Hospital"",""https://www.docindia.org/clinics/mh/panvel/r-k-multi-speciality-clinic"",""https://www.medicineindia.org/hospitals-in-state/maharashtra"",""https://www.medicineindia.org/hospitals-details/5573/asha-hospital"",""http://www.onefivenine.com/india/Places/Taluk/Nashik/Sinnar/Hospital"",""http://www.onefivenine.com/india/Listing/Locality/hospitals/Kolhapur/Kolhapur/Phulewadi"",""https://www.practo.com/navi-mumbai/hospitals/all-hospitals/ulwe"",""https://www.proptiger.c"
137,0.6669,uncertainty_band_reduction,"[""high_trust_gap"", ""higher_uncertainty_level"", ""wide_rate_confidence_intervals"", ""small_observed_facility_sample"", ""high_critical_supply_gap_rate""]",Uttar Pradesh,Mirzapur ,mixed_or_monitor,3,0.45915958451369215,0.545284060281451,0.75,0.5216318675857218,0.693,higher,0.5954,0.85,1.0,0.43849391955098227,1.0,1.0,0.43849391955098227,1.0,0.3333333333333333,0.0614903152761605,0.7923450448735121,0.0,0.0,0.5615060804490177,0.0,0.0,0.5615060804490177,"Shubham Nursing Home; Kachhwa Christian Hospital, Kachhwa Bazaar, Kachhawa Rd, Uttar Pradesh 231501; Thyrocare Aarogyam Center","Hospital | [""internalMedicine"",""internalMedicine"",""internalMedicine"",""internalMedicine"",""reproductiveEndocrinologyAndInfertility"",""internalMedicine"",""internalMedicine"",""gynecologyAndObstetrics"",""internalMedicine"",""obstetricsAndMaternityCare"",""internalMedicine""] | [""In vitro fertilization (IVF)"",""Intracytoplasmic sperm injection (ICSI)"",""Endoscopy"",""Ultrasound imaging"",""Computed tomography (CT) scan""] | [""CT scanner"",""Ultrasound imaging equipment"",""Dental chair with overhead light"",""Hospital bed with IV pole and monitoring equipment""] | [""Shubham Nursing Home is a hospital located in Surekapuram Colony, Mirzapur, Uttar Pradesh, India"",""Gynecology and infertility treatment"",""IVF program"",""Endoscopy services"",""Ultrasound imaging services"",""Wheelchair accessible facility (car parking and entrance/exit)"",""Established in 2000"",""25 years in healthcare"",""Dr. Neetu Rastogi is a gynecology and inf","[""http://www.onefivenine.com/india/villages/Mirzapur/Mirzapur/Surekapuram-Colony"",""https://www.medindia.net/directories/hospitals/uttar-pradesh/moradabad/index.htm"",""https://www.medindia.net/patients/hospital_search/hospitals-moradabad.htm"",""https://www.mappls.com/place-shubham+nursing+home-56-indra+nagar-bareilly-uttar+pradesh-243122-V4FJZG@zdata=MjguMzg5NTM4Kzc5LjQyNTYxMysxNytWNEZKWkcrK25yed"",""https://www.justdial.com/Hathras/Hospitals-in-Sadabad/nct-10253670/page-4"",""https://www.justdial.com/Moradabad/Shubham-Nursing-Home-Pili-Kothi-Kanth-Road-Pili-Kothi/9999PX591-X591-190327122628-W6B5_BZDET"",""https://www.justdial.com/Moradabad/Women-Hospitals/nct-11367825"",""https://www.justdial.com/Jaunpur/Maternity-Hospitals-in-Chandwak/nct-10314263"",""https://www.facebook.com/154960678366102"",""https://www.justdial.com/Jaunpur/Shubham-Nursing-Home-Chandwak/9999P5452-5452-180605224702-V9U9_BZDET/revi"
138,0.6655,uncertainty_band_reduction,"[""high_health_need"", ""high_trust_gap"", ""higher_uncertainty_level"", ""wide_rate_confidence_intervals"", ""high_critical_supply_gap_rate""]",Uttarakhand,Udham Singh Nagar ,phantom_desert_or_verification_gap,10,0.6039305949008499,0.6156638514869655,0.86,0.5094577206936496,0.696,higher,0.3562,0.5,1.0,0.7224598312333834,1.0,0.8,0.49015684672072335,0.9433190520193067,0.0,-2.7755575615628914e-17,0.2775401687666166,0.3,0.10778928748621183,0.6032267800204347,0.0,-2.7755575615628914e-17,0.2775401687666166,"Rhythm Medical Centre; Globe Hospital And Pharmaceutical Research Centre; Charvi Hospital; The Medicity Hospital, Rudrapur; Shree Ram Eye Care & Nursing Home; Swastik Dental Care and Implant Centre; KVR Hospital Moradabad Road, Kashipur; Rastogi Nursing Home","Rhythm Medical Centre has been a trusted name in healthcare in Rudrapur since 2019. | [""internalMedicine"",""endocrinologyAndDiabetesAndMetabolism"",""infectiousDiseases"",""otolaryngology"",""gastroenterology"",""cardiology"",""nephrology"",""epilepsyNeurology"",""rheumatology"",""hematology"",""allergyAndImmunology"",""pulmonology"",""headacheMedicine"",""familyMedicine"",""internalMedicine"",""infectiousDiseases"",""endocrinologyAndDiabetesAndMetabolism"",""rheumatology"",""pediatrics"",""pulmonology"",""epilepsyNeurology"",""neurology"",""familyMedicine"",""familyMedicine"",""internalMedicine"",""internalMedicine"",""internalMedicine"",""familyMedicine"",""internalMedicine"",""endocrinologyAndDiabetesAndMetabolism"",""gynecologyAndObstetrics"",""familyMedicine""] | ["""",""Provides comprehensive health check-ups"",""Treats Typhoid, Thyroid disorders, and Arthritis""] | [""""] | [""Operates in Rudrapur since 2019"",""Provides diagnosis and management for di","[""http://www.rmchrudrapur.com/"",""https://www.justdial.com/Rudrapur/Rhythm-Medical-Centre-Near-Hdfc-Bank-Avas-Vikas/9999P5944-5944-190701193509-K7V3_BZDET"",""https://www.facebook.com/rhythmclinicrudrapur/"",""https://www.facebook.com/456627801828329"",""https://x.com/centrerhythm"",""https://www.facebook.com/rhythmmedicalcentre/"",""https://in.linkedin.com/in/rhythm-rudrapur-6a74a518a"",""https://gynecologistnearme.in/city/rudrapur/rhythm-medical-centre-best-typhoid-thyroid-arthritis-treatment-doctor-top-physician-in-rudrapur/"",null]; [""https://www.tofler.in/globe-hospital-and-pharmaceutical-research-centre-private-limited/company/U85300UR2019PTC009751"",""https://www.facebook.com/102943085446840"",""https://www.cos.youth4work.com/GLOBE-HOSPITAL-AND-PHARMACEUTICAL-RESEARCH-CENTRE-PRIVATE-LIMITED"",""https://in.linkedin.com/company/global-hospital-and-pharmaceutical-research-centre"",""https://tracxn.com/d/l"
139,0.6639,rate_ci_reduction,"[""high_trust_gap"", ""wide_rate_confidence_intervals"", ""small_observed_facility_sample""]",Madhya Pradesh,Betul ,supply_record_quality_problem,4,0.5259678942398489,0.6304766738157226,0.85,0.5395511960332298,0.713,medium,0.6067,0.8,1.0,0.5100999795960008,1.0,0.25,0.045586062644636216,0.6993639475573634,0.0,0.0,0.48990002040399916,0.5,0.15003570882017148,0.8499642911798285,0.5,0.15003570882017148,0.8499642911798285,Mahajan Hospital; Pooja Hospital; Sharma Multi-speciality Dental Clinic; Padhar Hospital,"mahajan hospital is a government-recognized healthcare facility located in Dhar district, Madhya Pradesh. It is an Ayushman Card (PM-JAY) empanelled hospital that offers cashless treatment under Ayushman Bharat. Specialties available include Oral and Maxillofacial Surgery; Dental Procedures; Urology; Orthopaedics; General Surgery. | [""internalMedicine"",""oralAndMaxillofacialSurgery"",""urology"",""orthopedicSurgery"",""generalSurgery"",""internalMedicine"",""internalMedicine"",""internalMedicine"",""gynecologyAndObstetrics"",""neonatologyPerinatalMedicine"",""pediatrics"",""pathology"",""radiology"",""ophthalmology"",""otolaryngology"",""generalSurgery"",""anesthesia"",""urology"",""dentistry"",""orthopedicSurgery"",""plasticSurgery"",""oralAndMaxillofacialSurgery"",""gastroenterology"",""endocrinologyAndDiabetesAndMetabolism"",""neurosurgery"",""dermatology"",""internalMedicine"",""radiology"",""pathology"",""urology"",""internalMedicine"",""gast","[""https://ayushmancardhospitals.com/mahajan-hospital-dhar-madhya-pradesh/"",""https://www.mappls.com/th8qzc"",""https://www.onefivenine.com/india/Listing/Locality/hospitals/Dhar/Dhar/Janta-Colony"",""https://www.mahajanhospitaldhar.in/"",""https://www.facebook.com/131617577377697"",""https://mahajanhospitaldhar.in/service.html"",null,null]; [""https://www.medindia.net/directories/hospitals/pooja-hospital-betul-madhya-pradesh-44317.htm"",""https://www.latlong.net/poi/pooja-hospital-365439"",""https://www.justdial.com/Indore/Pooja-Hospital-Near-Annapurna-Temple-Sudama-Nagar/0731P731STD1102_BZDET"",""https://www.practo.com/indore/hospital/pooja-hospital-1-annapurna-nagar"",""http://www.mapsofindia.com/indore/health/hospitals.html"",""https://www.facebook.com/631230870419929"",""https://www.healthfrog.in/hospital/list/madhya-pradesh/indore"",null]; [""https://www.justdial.com/Betul/Sharma-Multi-speciality-Dental-Clin"
140,0.6631,uncertainty_band_reduction,"[""high_trust_gap"", ""higher_uncertainty_level"", ""wide_rate_confidence_intervals"", ""high_critical_supply_gap_rate""]",Uttar Pradesh,Ambedkar Nagar ,supply_record_quality_problem,5,0.4590415486307838,0.5384849974959189,0.8100000000000002,0.47479401065859245,0.686,higher,0.5575,0.75,1.0,0.5655085052479191,1.0000000000000002,0.8,0.3755282641185388,0.9637768390302125,0.2,0.03622316096978745,0.6244717358814613,0.2,0.03622316096978745,0.6244717358814613,0.2,0.03622316096978745,0.6244717358814613,Balrampur Hospital; Sukhasadhya Homeopathy; Urban Primary Health Center Tanda; Maa Jairaji Devi Homoeo Clinic and Research Center Ad; Disha Path Lab,"Mentioned in a reference about bio-medical waste management practices at Balrampur Hospital, Lucknow, India. | [""internalMedicine"",""nephrology"",""dermatology"",""dentistry"",""radiology"",""otolaryngology"",""infectiousDiseases"",""pulmonology"",""internalMedicine"",""internalMedicine"",""internalMedicine"",""internalMedicine"",""gynecologyAndObstetrics"",""internalMedicine"",""ophthalmology"",""corneaOphthalmology"",""retinaAndVitreoretinalOphthalmology"",""oculoplasticsAndReconstructiveOrbitalSurgery"",""eyeTraumaAndEmergencyEyeCare"",""internalMedicine"",""internalMedicine"",""internalMedicine"",""internalMedicine"",""internalMedicine"",""internalMedicine"",""internalMedicine"",""internalMedicine"",""plasticSurgery"",""gastroenterology"",""neurosurgery"",""internalMedicine"",""internalMedicine"",""proceduralDermatology"",""gynecologyAndObstetrics"",""gynecologyAndObstetrics"",""dermatology"",""dentistry"",""radiology"",""pathology"",""pediatrics"",""emergencyM","[""https://www.academia.edu/27989600/Recreational_Values_and_Factors_that_Correlate_with_the_Use_of_Coastal_Beaches_in_Cameroon_Statistical_Reasoning_in_Psychometric_Models"",""http://www.balrampurhospital.com/"",""http://www.onefivenine.com/india/Listing/Town/hospitals/Azamgarh/Koilsa"",""https://nursing.ankeritegroup.com/clinical-facility/"",""https://www.practo.com/lucknow/clinic/amrapali-hospital-2-dubagga"",""https://www.clinicspots.com/doctor/dr-o-shukla"",""https://tripxl.com/blog/haunted-places-in-uttar-pradesh/"",""https://ortil.com/es/doctor/dr-prasun-deb-endocrinologist"",""https://www.practo.com/lucknow/hospital/sanjivni-hospital-mohanlalganj/services"",""https://www.practo.com/lucknow/doctor/bihari-rahul-general-physician"",""https://www.facebook.com/185262288833909"",""https://www.practo.com/lucknow/hospital/motherhood-polyclinic-and-ayurvedic-centre-telibagh"",""https://wanderlog.com/place/details"
141,0.6628,uncertainty_band_reduction,"[""high_trust_gap"", ""higher_uncertainty_level"", ""wide_rate_confidence_intervals"", ""small_observed_facility_sample"", ""high_critical_supply_gap_rate""]",Maharastra,Gondiya ,supply_record_quality_problem,3,0.2972143531633616,0.522880849705436,0.8666666666666666,0.4163674672080069,0.605,higher,0.6292,0.85,1.0,0.43849391955098227,1.0,0.6666666666666666,0.2076549551264879,0.9385096847238394,0.0,0.0,0.5615060804490177,0.6666666666666666,0.2076549551264879,0.9385096847238394,0.0,0.0,0.5615060804490177,Central Hospital Gondia; Sahayog Hospitals - Gondia; Orkids Children's Hospital and Critical Care Center,"Central Hospital Gondia is a multi-speciality hospital offering advanced pathology lab and cath lab services, and a full range of diagnostic services and treatment. | [""internalMedicine"",""criticalCareMedicine"",""emergencyMedicine"",""generalMedicine"",""neurosurgery"",""generalSurgery"",""radiology"",""orthopedicSurgery"",""gynecologyAndObstetrics"",""urology"",""cardiology"",""ophthalmology"",""gastroenterology"",""hepatopancreatobiliarySurgery"",""cardiacSurgery"",""nephrology"",""renalTransplantationUrology"",""pediatricNephrology"",""pediatrics"",""internalMedicine"",""internalMedicine"",""pathology"",""cardiology"",""internalMedicine"",""criticalCareMedicine"",""emergencyMedicine"",""generalMedicine"",""neurosurgery"",""generalSurgery"",""radiology"",""orthopedicSurgery"",""gynecologyAndObstetrics"",""urology"",""cardiology"",""ophthalmology"",""gastroenterology"",""nephrology"",""neonatologyPerinatalMedicine"",""pediatricNephrology"",""pediatrics"",""pathol","[""https://www.facebook.com/centralmultispecialityhospitalgondia/"",""http://www.centralhospital.in/"",""https://www.facebook.com/1009705509105587"",""https://www.centralhospital.in/"",null]; [""http://www.sahayoghospitals.com/"",""https://sahayoghospitals.com/about-us"",""https://www.facebook.com/sahayoghospitalgondia/"",""https://sahayoghospitals.com/gondia"",""https://www.bajajfinservhealth.in/hospitals/gondia/sahayog-hospital-laxmi-nagar"",null]; [""https://shuru.co.in/profile/slg-orkids-childrens-hospital-and-pediatrician-maharashtra-mounl"",""https://www.facebook.com/101442512588262"",null]"
142,0.6618,uncertainty_band_reduction,"[""higher_uncertainty_level"", ""wide_rate_confidence_intervals"", ""small_observed_facility_sample"", ""high_critical_supply_gap_rate""]",Tripura,Khowai ,mixed_or_monitor,1,0.5839235127478754,0.5483846526591047,0.45,0.6976676921930016,0.759,higher,0.7935,0.95,1.0,0.20654329147389294,1.0,1.0,0.20654329147389294,1.0,1.0,0.20654329147389294,1.0,0.0,0.0,0.7934567085261071,0.0,0.0,0.7934567085261071,Sarkar Dental Clinic,"We are committed to helping you maintain your oral health as an integral part of your overall health and wellness. | [""familyMedicine"",""generalDentistry"",""dentistry"",""orthodontics"",""familyMedicine"",""dentistry"",""familyMedicine""] | [""Wisdom tooth extraction""] | [""Dental chair"",""Workstation with computer monitor displaying dental imaging""] | [""Outpatient dental clinic"",""Offers wisdom tooth extraction"",""Operates as a dental clinic"",""Provides orthodontic treatment"",""Has outdoor seating"",""Intro emphasizes oral health as part of overall health and wellness"",""Operates as a professional dental clinic.""]","[""https://www.justdial.com/West-Tripura/Dentists-for-Wisdom-Tooth-Extraction-in-Teliamura/nct-10156331-att-hos915"",""https://www.justdial.com/West-Tripura/SARKAR-DENTAL-CLINIC-Teliamura/9999PX381-X381-231013211939-Z2S4_BZDET"",""https://www.facebook.com/100230582765831"",""https://shuru.co.in/profile/slg-sarkar-dental-clinic-dental-clinic-tripura-0l1zv"",null]"
143,0.6615,uncertainty_band_reduction,"[""high_trust_gap"", ""higher_uncertainty_level"", ""wide_rate_confidence_intervals"", ""high_critical_supply_gap_rate""]",Maharastra,Buldana ,supply_record_quality_problem,6,0.42333569405099153,0.5479662106754137,0.8666666666666666,0.43635241165946026,0.661,higher,0.5224,0.7,1.0,0.6096569663469354,0.9999999999999999,0.5,0.18761280689940868,0.8123871931005913,0.0,0.0,0.3903430336530645,0.3333333333333333,0.09676933255921683,0.7000116786584712,0.3333333333333333,0.09676933255921683,0.7000116786584712,Navjeevan Hospital; Kothari Hospital; Shinde Hospital; Laddhad Hospital; Mother Care Hospital - Khamgaon; Siddhi Vinayak Clinic,"Navjeevan Hospital & ICCU is listed among Top Clinics in Navi Mumbai on Practo. | [""internalMedicine"",""internalMedicine"",""otolaryngology"",""orthopedicSurgery"",""internalMedicine"",""internalMedicine"",""internalMedicine"",""internalMedicine"",""dermatology"",""pediatrics"",""psychiatry"",""plasticSurgery"",""internalMedicine"",""internalMedicine"",""internalMedicine"",""internalMedicine"",""internalMedicine"",""internalMedicine"",""internalMedicine"",""gynecologyAndObstetrics"",""obstetricsAndMaternityCare"",""internalMedicine"",""gynecologyAndObstetrics"",""radiology"",""internalMedicine"",""gynecologyAndObstetrics"",""dentistry"",""orthodontics"",""internalMedicine"",""internalMedicine"",""internalMedicine"",""internalMedicine"",""internalMedicine"",""dentistry"",""internalMedicine"",""internalMedicine"",""internalMedicine"",""pediatricSurgery"",""otolaryngology"",""dermatology"",""gynecologyAndObstetrics"",""orthopedicSurgery"",""pathology"",""gastroenterology"",""","[""https://www.satara.gov.in/en/public-utilities/hospitals/"",""http://www.healthinsuranceindia.org/cashless_hospital_india/maharashtra.html"",""https://www.practo.com/pune/hospital/citycare-hospital-pimpri-pimpri"",""https://www.practo.com/navi-mumbai/clinic/dr-avinash-deore-infertility-and-pcod-specialist-heavy-periods-irregular-menses-treatment-in-kopar-khairane-vashi-vashi-sector-15"",""https://www.practo.com/navi-mumbai/clinic/palm-beach-dental-clinic-vashi"",""https://www.practo.com/navi-mumbai/hospital/metro-hospital-kamothe-2"",""http://www.onefivenine.com/india/villages/Sangli/Sangli/Zashi-Colony"",""http://www.onefivenine.com/india/villages/Satara/Jawali/Jawali"",""https://chhsambhajinagarmc.org/list-of-csmc-hospitals"",""https://chhsambhajinagarmc.org/list-of-csmc-hospitals"",""https://narchi.org/academics/study-centres/study-centres-for-obs-gyn-courses/"",""https://www.justdial.com/Ahmednagar/Navje"
144,0.6602,rate_ci_reduction,"[""high_trust_gap"", ""wide_rate_confidence_intervals"", ""small_observed_facility_sample""]",Gujarat,Amreli ,supply_record_quality_problem,3,0.4703729933899905,0.6181181018300819,0.8333333333333333,0.5289205833553157,0.716,medium,0.6631,0.85,1.0,0.43849391955098227,1.0,0.3333333333333333,0.0614903152761605,0.7923450448735121,0.0,0.0,0.5615060804490177,0.6666666666666666,0.2076549551264879,0.9385096847238394,0.6666666666666666,0.2076549551264879,0.9385096847238394,Om Children and Dental Hospital; Netra Chikitsa Trust Ayurveda College hospital; Shantabaa Haribhai Gajera Medical College and Hospital,"Mamta Children Hospital, Station Road, Ankleshwar, Gujarat, India | [""pediatrics"",""dentistry"",""internalMedicine"",""pediatrics"",""internalMedicine"",""pediatrics"",""internalMedicine"",""pediatrics"",""internalMedicine"",""pediatrics"",""internalMedicine"",""pediatrics"",""internalMedicine"",""pediatrics"",""internalMedicine"",""pediatrics"",""neonatologyPerinatalMedicine"",""pediatricEmergencyMedicine"",""internalMedicine"",""pediatrics"",""internalMedicine"",""pediatrics"",""neonatologyPerinatalMedicine"",""internalMedicine"",""pediatrics"",""familyMedicine"",""pediatrics"",""dermatology"",""internalMedicine"",""pediatrics"",""internalMedicine"",""pediatrics"",""pediatricOrthopedicSurgery"",""pediatricSurgery"",""pediatricRehabilitationMedicine"",""internalMedicine"",""internalMedicine"",""internalMedicine"",""internalMedicine"",""internalMedicine"",""pediatrics"",""internalMedicine"",""pediatrics"",""internalMedicine"",""pediatrics"",""dermatology"",""cosmeticDermatolog","[""https://kivihealth.com/clinic/om-children"",""http://www.onefivenine.com/india/Places/Taluk/Bharuch/Amod/Hospital"",""http://www.onefivenine.com/india/villages/Amreli/Babra/Khakharia"",""https://www.medicineindia.org/hospitals-in-state/gujarat"",""https://www.proptiger.com/gandhinagar/vavol-52157/hospitals"",""http://www.onefivenine.com/india/city/Ankleshwar"",""https://watchdoq.com/blog/hospitals/vadodara/maa-children-hospital"",""https://www.sulekha.com/profile/maa-children-hospital-jetalpur-road-vadodara"",""https://www.insurancedekho.com/health-insurance/niva-bupa-health-insurance/network-hospitals-in-bharuch/2"",""https://www.policyx.com/health-insurance/network-hospitals/star-health-ahmedabad-gujarat/"",""https://www.lybrate.com/bharuch/clinic/mamta-hospital-ankleshwar"",""https://morbidoctor.com/directory.php"",""https://www.grotal.com/Vadodara/Navkar-Children-Hospital-C95/"",""https://www.indiamart.com/"
145,0.6595,uncertainty_band_reduction,"[""higher_uncertainty_level"", ""wide_rate_confidence_intervals"", ""small_observed_facility_sample"", ""high_critical_supply_gap_rate""]",Uttarakhand,Tehri Garhwal ,mixed_or_monitor,1,0.5766052880075543,0.5443596290519281,0.45,0.6929108461117929,0.76,higher,0.7935,0.95,1.0,0.20654329147389294,1.0,1.0,0.20654329147389294,1.0,1.0,0.20654329147389294,1.0,0.0,0.0,0.7934567085261071,0.0,0.0,0.7934567085261071,Prana Ayurveda Panchkarma & Yoga Centre,"Panch Karma therapy for its purificatory role is a general way of management of disease and maintenance of health. Therefore, the procedure remains more or less same in every disease, only few specifications alter. It is like a servicing whole body, mind and soul with lot of oils to improve our mental and physical performance with natural way of magic healing system. Benefits: Remission of disease, perpetuation of good health. Process of ageing being slowed down. Improvement of the function of the sense organs, mind and intellect. Improves of the skin and body complexion. Enhancement of physical procreation. Enhancement of sexual vigor. Improves functioning of gastric fire for better digestion. Charak Samhita scripture 5000 years old). Provides better co-ordination of Body, Mind & Soul. Improves focus, concentration & efficiency of Body & Mind. | [""internalMedicine"",""familyMedicine"",""int","[""https://www.tripadvisor.co.uk/Attraction_Review-g580106-d26720708-Reviews-Prana_Ayurveda_Panchkarma_yoga_centre-Rishikesh_Dehradun_District_Uttarakhand.html"",""https://www.facebook.com/131662040023050"",""https://www.tripadvisor.in/Attraction_Review-g580106-d26720708-Reviews-Prana_Ayurveda_Panchkarma_yoga_centre-Rishikesh_Dehradun_District_Uttarakhand.html"",null]"
146,0.6591,semantic_gap_enrichment,"[""high_health_need"", ""high_trust_gap"", ""wide_rate_confidence_intervals"", ""high_critical_supply_gap_rate""]",Bihar,Nalanda ,phantom_desert_or_verification_gap,5,0.633498583569405,0.6344363667121606,0.7900000000000001,0.5881910833686963,0.71,medium,0.5575,0.75,1.0,0.5655085052479191,1.0000000000000002,0.8,0.3755282641185388,0.9637768390302125,0.2,0.03622316096978745,0.6244717358814613,0.2,0.03622316096978745,0.6244717358814613,0.2,0.03622316096978745,0.6244717358814613,"Vardhman Institute of Medical Sciences, Pawapuri; Oro dental & multispeciality clinic; Jahnavi Eye Care And Research Centre; Nalanda Dental Clinic; Medi Bridge Diagnostic Centre","Vardhman Institute of Medical Sciences, Pawapuri, Nalandai is affiliated to Bihar University. College offers under graduate degree course in the field of Medicine. | [""internalMedicine"",""gynecologyAndObstetrics"",""radiology"",""internalMedicine"",""internalMedicine"",""internalMedicine"",""internalMedicine""] | [""""] | [""Radiology department with X-ray, Ultrasound, CT Scan and MRI"",""Operation Theatre complex with 10 major operating theatres"",""Blood Bank on site"",""Central Laboratory with modern gadgets and latest facilities"",""Campus spreads over 52.515 acres of land"",""Centrally air conditioned college building"",""Girls Hostel, Boys Hostel, Doctors Hostel, Intern Hostel, Nurses Hostel on campus"",""Maternity complex on campus"",""Auditorium on campus is air conditioned"",""Canteen on campus with greenery around the campus""] | [""Established in 2011"",""Formerly known as Vardhman Institute of Medical Sciences (","[""https://www.facebook.com/389683071154285"",""https://collegekaka.com/vardhman-institute-of-medical-science-nalanda/"",""https://mbbscouncil.com/listing/vardhman-institute-of-medical-sciences-nalanda/"",""https://nalanda.nic.in/en/public-utility-category/hospitals/"",""https://www.facebook.com/vimslive/"",null]; [""https://www.lybrate.com/amp/bihar-sharif/clinic/oro-dental-multispeciality-clinic-nalanda"",""https://www.justdial.com/Nalanda/Dental-Clinics/nct-10156036"",""https://www.justdial.com/Bihar-Sharif/Oro-Dental-Multispeciality-Clinic-Near-Petrol-Pump-Khanqah/9999P6112-6112-200320110018-J5A6_BZDET"",""https://ind.5bestincity.com/dental-clinics-in-biharsharif-br"",""https://www.facebook.com/DrAdilNayeem/"",""https://www.facebook.com/107428417537826"",""https://www.facebook.com/DrAdilNayeem/posts/896066245861497/"",""https://www.justdial.com/Bihar-Sharif/Dr-Adil-Nayeem-Oro-Dental-Multispeciality-Clinic/99"
147,0.6588,semantic_gap_enrichment,"[""high_trust_gap"", ""wide_rate_confidence_intervals"", ""small_observed_facility_sample"", ""high_critical_supply_gap_rate""]",Uttar Pradesh,Rampur ,mixed_or_monitor,3,0.5910646836638338,0.6178318648140291,0.75,0.6073701820333138,0.738,medium,0.6292,0.85,1.0,0.43849391955098227,1.0,1.0,0.43849391955098227,1.0,0.3333333333333333,0.0614903152761605,0.7923450448735121,0.3333333333333333,0.0614903152761605,0.7923450448735121,0.0,0.0,0.5615060804490177,Narayan Hospital And Trauma Centre; Life Care Health Centre; Sewa Pathology Lab,"Narayan Hospital and Trauma Centre, described as a Trauma Care Center, offers 24x7 Emergency Trauma care and specializes in Gynecology and Obstetrics, and Orthopedic care. Located on Bilaspur Road near Ark Hotel in Rudrapur, Uttarakhand, India, the hospital features state-of-the-art infrastructure including modular operation theatres and diagnostic equipment such as a 128 Slice 3D CT Scan and a 1.5 Tesla MRI. It has over 100 beds across various intensive care units. Services include Neurologist Care, Heart Care, Internal Medicine Clinic, and Orthopedic Care. | [""neurology"",""cardiology"",""internalMedicine"",""orthopedicSurgery"",""gynecologyAndObstetrics"",""emergencyMedicine"",""criticalCareMedicine"",""internalMedicine"",""orthopedicSurgery"",""cardiology"",""generalSurgery"",""gynecologyAndObstetrics"",""pediatrics"",""neurology"",""neurosurgery"",""plasticSurgery"",""physicalMedicineAndRehabilitation"",""radiology""","[""https://drgalen.org/emergency-service/narayan-hospital-and-trauma-centre-795"",""https://narayanhospitalrudrapur.com/"",""https://www.ambitionbox.com/overview/narayan-hospital-and-trauma-centre-overview"",""https://www.indiamart.com/narayan-hospital-rudrapur/aboutus.html"",""https://www.facebook.com/NarayanHospitalRudrapur/"",""https://in.worldorgs.com/catalog/rudrapur/hospital/srpath-lab"",""https://www.facebook.com/294962297332855"",null]; [""https://sahawar.uponline.in/radiology-and-diagnostic-centre/30725"",""https://www.facebook.com/1737337106342651"",""https://warisaliganj.biharonline.in/radiology-and-diagnostic-centre/30725"",""https://www.haldwanionline.in/hospitals-clinics/2885"",null]; [""https://sewalabs.wixsite.com/sewalabs"",""https://www.facebook.com/sewalabs/"",""https://www.facebook.com/106315055474964"",""https://www.facebook.com/173822799339075"",null,null]"
148,0.6578,semantic_gap_enrichment,"[""high_trust_gap"", ""wide_rate_confidence_intervals"", ""small_observed_facility_sample"", ""high_critical_supply_gap_rate""]",Jharkhand,Garhwa ,mixed_or_monitor,4,0.5588408876298394,0.6485568201802174,0.7875,0.5609186417367236,0.7,medium,0.5882,0.8,0.75,0.3006360524426366,0.9544139373553637,0.75,0.3006360524426366,0.9544139373553637,0.0,0.0,0.48990002040399916,0.0,0.0,0.48990002040399916,0.25,0.045586062644636216,0.6993639475573634,Parmeshwari Medical Centre; Surya Clinic; Raj Dental Clinic; Prabhat Medical Centre,"Ayushman Card Empanelled Hospital in Garhwa, Jharkhand under Ayushman Bharat – PM-JAY | [""internalMedicine"",""pediatrics"",""orthopedicSurgery"",""generalSurgery"",""gynecologyAndObstetrics"",""internalMedicine"",""generalSurgery"",""criticalCareMedicine"",""internalMedicine"",""emergencyMedicine"",""criticalCareMedicine"",""internalMedicine"",""emergencyMedicine"",""criticalCareMedicine"",""internalMedicine"",""internalMedicine"",""orthopedicSurgery"",""interventionalCardiology"",""neurosurgery"",""physicalMedicineAndRehabilitation"",""gynecologyAndObstetrics"",""plasticSurgery"",""pediatricSurgery"",""generalSurgery"",""otolaryngology"",""internalMedicine"",""radiology"",""reproductiveEndocrinologyAndInfertility"",""emergencyMedicine"",""internalMedicine"",""emergencyMedicine"",""orthopedicSurgery"",""neurosurgery"",""gynecologyAndObstetrics"",""plasticSurgery"",""pediatricSurgery"",""generalSurgery"",""otolaryngology"",""physicalMedicineAndRehabilitation"",""c","[""https://ayushmancardhospitals.com/chandra-hospital-research-centre-ranchi-jharkhand/"",""https://www.cipaca.com/"",""https://cipaca.com/unakoti-nursing-care-24hrs-emergency-hospital-in-tripura"",""https://www.cipaca.com/rajarajeswari-multispeciality-hospital-24hrs-emergency-hospital-in-dindigul"",""https://cipaca.com/kamboj-multispeciality-hospital-24hrs-emergency-and-icu-care-in-kharar-punjab"",""https://www.cipaca.com/sumathy-hospital-24hrs-emergency-hospital-in-viluppuram"",""https://www.cipaca.com/parmeshwari-medical-center-24hrs-emergency-and-icu-care-in-jharkhand"",""https://www.cipaca.com/shri-mahavir-hospital"",""https://www.cipaca.com/mm-hospital-24hrs-emergency-and-icu-care-in-namakkal"",""https://www.cipaca.com/about-us"",""https://cipaca.com/shree-saibaba-hospital-emergency-and-icu-care-in-sinnar"",""https://www.cipaca.com/westminster-hospitals-24hrs-emergency-hospital-in-nungambakkam"",""https://"
149,0.6574,uncertainty_band_reduction,"[""higher_uncertainty_level"", ""wide_rate_confidence_intervals"", ""small_observed_facility_sample"", ""high_critical_supply_gap_rate""]",Himachal Pradesh,Chamba ,mixed_or_monitor,2,0.5597851746931067,0.5946227367694679,0.44999999999999996,0.6252976105140822,0.769,higher,0.7496,0.9,0.5,0.09452865480086614,0.9054713451991339,0.5,0.09452865480086614,0.9054713451991339,0.5,0.09452865480086614,0.9054713451991339,0.0,0.0,0.6576280471103807,0.0,0.0,0.6576280471103807,Government Medical College Chamba; Military Hospital,"Govt Medical College Chamba | [""internalMedicine"",""internalMedicine"",""internalMedicine"",""internalMedicine"",""anesthesia"",""ophthalmology"",""orthopedicSurgery"",""dermatology"",""internalMedicine"",""generalSurgery"",""radiology"",""pediatrics"",""pathology"",""psychiatry"",""preventiveMedicine"",""internalMedicine"",""internalMedicine"",""internalMedicine"",""internalMedicine"",""internalMedicine"",""internalMedicine""] | [""A medical intern pursued an internship at Chamba Medical College."",""No surgical procedures are listed in the provided content; MBBS and MD/MS programs are offered."",""The hospital operates as a teaching hospital with OPD, IPD, emergency services and specialty care."",""""] | [""Well-equipped laboratories for all medical departments"","""",""Operates from Akhand Chandi Palace, a historic building in Chamba"",""Akhand Chandi Palace was constructed by Raja Umedh Singh during 1747–1765""] | [""Chamba Medical College","[""https://gmcchamba.edu.in/"",""https://www.tribuneindia.com/news/himachal/body-of-missing-medical-intern-found-from-ravi/"",""https://amruhp.ac.in/jlngmchchamba/"",""https://mbbscouncil.com/listing/pt-jawaharlal-nehru-govt-medical-college-chamba/"",""https://en.wikipedia.org/wiki/Pt._Jawahar_Lal_Nehru_Government_Medical_College_and_Hospital,_Chamba"",""https://collegekaka.com/pt-jawahar-lal-nehru-government-medical-college-and-hospital-chamba/"",""https://hpchamba.nic.in/public-utility/pt-jawaharlal-govt-medical-college-chamba/"",""https://www.facebook.com/keshav.ram.980/posts/with-dr-pankaj-gupta-principal-of-pandit-jawaharlal-nehru-government-medical-col/24168614476079990/"",""https://himachalservices.nic.in/hpcivil/CivilList/GetDataViewFilteredPV"",""https://www.facebook.com/1578171615576671"",""https://www.facebook.com/108278560939005"",""https://www.aimset.in/college/pt-jawaharlal-nehru-government-medic"
150,0.6563,uncertainty_band_reduction,"[""higher_uncertainty_level"", ""wide_rate_confidence_intervals"", ""small_observed_facility_sample"", ""high_critical_supply_gap_rate""]",Telangana,Siddipet ,mixed_or_monitor,2,0.4680122757318226,0.5441476423407615,0.575,0.5656452261892475,0.756,higher,0.7496,0.9,1.0,0.34237195288961925,1.0,0.5,0.09452865480086614,0.9054713451991339,0.5,0.09452865480086614,0.9054713451991339,0.5,0.09452865480086614,0.9054713451991339,0.0,0.0,0.6576280471103807,"Government General Hospital; Hamsa Homeopathy Medical College, Hospital & Research Centre","Hospital | [""internalMedicine"",""internalMedicine"",""internalMedicine"",""internalMedicine"",""internalMedicine"",""generalSurgery"",""internalMedicine"",""ophthalmology"",""orthopedicSurgery"",""generalSurgery"",""anesthesia"",""internalMedicine"",""internalMedicine"",""internalMedicine"",""internalMedicine"",""internalMedicine"",""internalMedicine"",""internalMedicine"",""internalMedicine"",""internalMedicine"",""internalMedicine"",""internalMedicine"",""internalMedicine"",""internalMedicine"",""radiology"",""internalMedicine"",""internalMedicine"",""generalSurgery"",""internalMedicine"",""infectiousDiseases"",""internalMedicine"",""internalMedicine"",""internalMedicine"",""internalMedicine"",""internalMedicine"",""internalMedicine"",""emergencyMedicine"",""cardiology"",""gastroenterology"",""neurology"",""internalMedicine""] | [""Cataract surgery is performed at Government General Hospital, Nizamabad, Telangana"","""",""""] | [""Wheelchair accessible in car parking"",""W","[""https://wanaparthy.telangana.gov.in/public-utility/sri-raghavendra-hospital/"",""https://wanaparthy.telangana.gov.in/subdivision-blocks/"",""https://siddipet.telangana.gov.in/public-utility/government-general-hospital/"",""https://siddipet.telangana.gov.in/public-utility-category/hospitals/"",""https://www.thehindu.com/news/national/telangana/probe-into-man-being-locked-in-mahabubabad-ggh-mortuary/article70229467.ece"",""https://nirmal.telangana.gov.in/area-hospital/"",""https://www.academicmed.org/Issue/29"",""https://gmcsiddipet.org/"",""https://en.m.wikipedia.org/wiki/List_of_hospitals_in_Nagpur"",""https://www.justdial.com/Mahabubnagar/Government-General-Hospital-Pr-Colony-Mettugadda/9999P8542-8542-180821000219-Q9X2_BZDET"",""https://www.skedoc.com/hyderabad/doctor/dr-vivekananda-bheemisetty-orthopaedic-surgeon"",""https://www.justdial.com/Mahabubnagar/Public-Hospitals-in-Shadnagar/nct-10393816"",""https:"
151,0.656,uncertainty_band_reduction,"[""high_trust_gap"", ""higher_uncertainty_level"", ""wide_rate_confidence_intervals"", ""small_observed_facility_sample"", ""high_critical_supply_gap_rate""]",Madhya Pradesh,Dewas ,supply_record_quality_problem,4,0.5113314447592068,0.5224266266013694,0.7250000000000001,0.5300375038708123,0.683,higher,0.5647,0.8,1.0,0.5100999795960008,1.0,1.0,0.5100999795960008,1.0,0.5,0.15003570882017148,0.8499642911798285,0.0,0.0,0.48990002040399916,0.25,0.045586062644636216,0.6993639475573634,Sanjivani Hospital Dewas; Khare Nursing Home & IVF Center; Shivaay Dental Clinic; Hakeem Abdul Hameed Unani Medical College & Hospital Dewas,"Sanjivani Hospital Dewas provides various departments including Laboratory Analysis, Pediatric Clinic, Laryngological Clinic, Outpatient Rehabilitation, Gynaecological Clinic, Ophthalmology Clinic, Cardiac Clinic, and Outpatient Surgery. | [""internalMedicine"",""cardiology"",""ophthalmology"",""gynecologyAndObstetrics"",""otolaryngology"",""pediatrics"",""physicalMedicineAndRehabilitation"",""pathology"",""generalSurgery"",""internalMedicine"",""internalMedicine"",""cardiology"",""gynecologyAndObstetrics"",""ophthalmology"",""otolaryngology"",""pediatrics"",""pathology"",""generalSurgery"",""physicalMedicineAndRehabilitation"",""plasticSurgery"",""internalMedicine"",""internalMedicine"",""internalMedicine"",""internalMedicine"",""internalMedicine"",""internalMedicine"",""internalMedicine"",""internalMedicine"",""internalMedicine"",""internalMedicine"",""internalMedicine"",""pediatrics"",""internalMedicine"",""internalMedicine"",""internalMedicine"",""inter","[""https://www.sanjivanihospitaldewas.com/contacts/"",""http://www.onefivenine.com/india/Places/District/Bhopal/Hospital"",""https://www.sanjivanihospitaldewas.com/"",""https://www.justdial.com/Dewas/Sanjivani-Hospital-Tonk-Khurd/9999P7272-7272-221014213715-V4R7_BZDET"",""https://www.proptiger.com/bhopal/lalghati-52545/hospitals"",""https://www.facebook.com/134867964048768"",""https://www.medindia.net/directories/hospitals/meera-clinic-sagar-madhya-pradesh-17025.htm"",""https://www.medindia.net/directories/hospitals/shukla-nursing-home-diagnostic-centre-chhindwara-madhya-pradesh-6476.htm"",""https://www.medindia.net/directories/hospitals/singhai-eye-care-and-homeo-hospital-sagar-madhya-pradesh-78826.htm"",""https://www.justdial.com/Hoshangabad/Hospitals-in-Jasalpur/nct-10253670"",""https://www.medindia.net/directories/hospitals/shri-chaitanya-mahaprabhu-hospital-sagar-madhya-pradesh-29150.htm"",""https://www.f"
152,0.6558,uncertainty_band_reduction,"[""higher_uncertainty_level"", ""wide_rate_confidence_intervals"", ""small_observed_facility_sample"", ""high_critical_supply_gap_rate""]",Maharastra,Sindhudurg ,supply_record_quality_problem,2,0.4919735599622285,0.5573263486674849,0.49999999999999994,0.5812200609390112,0.783,higher,0.8109,0.9,0.5,0.09452865480086614,0.9054713451991339,0.5,0.09452865480086614,0.9054713451991339,0.5,0.09452865480086614,0.9054713451991339,0.5,0.09452865480086614,0.9054713451991339,0.5,0.09452865480086614,0.9054713451991339,Limaye Hospital; Somawanshi Hospital,"Limaye Eye Hospital is listed as a hospital located in Madhavanagar, Miraj, Sangli. | [""internalMedicine"",""internalMedicine"",""ophthalmology"",""internalMedicine"",""internalMedicine"",""internalMedicine"",""ophthalmology"",""internalMedicine"",""ophthalmology"",""internalMedicine"",""generalSurgery"",""minimallyInvasiveSurgeryAndEndourology"",""urology"",""cardiology"",""pediatricSurgery"",""surgicalOncology"",""plasticSurgery"",""radiology"",""pathology"",""gastroenterology"",""internalMedicine"",""internalMedicine"",""internalMedicine"",""internalMedicine"",""generalSurgery"",""gynecologyAndObstetrics"",""orthopedicSurgery"",""gastroenterology"",""podiatry"",""anesthesia"",""internalMedicine"",""ophthalmology"",""internalMedicine"",""internalMedicine"",""ophthalmology"",""internalMedicine"",""internalMedicine"",""pediatrics"",""internalMedicine"",""internalMedicine""] | [""Limaye Hospital is listed as a hospital in Satara district near the Police parade ground","[""https://www.satara.gov.in/en/public-utilities/hospitals/"",""http://www.onefivenine.com/india/Places/Taluk/Sindhudurg/Vengurla/Hospital"",""http://www.onefivenine.com/india/Places/Taluk/Kolhapur/Kolhapur/Hospital"",""http://www.onefivenine.com/india/Places/District/Sindhudurg/Hospital"",""http://www.onefivenine.com/india/Listing/Town/hospitals/Sindhudurg/Malvan"",""http://www.onefivenine.com/india/Places/Taluk/Sangli/Jath/Hospital"",""http://www.onefivenine.com/india/Places/Taluk/Sangli/Miraj/Hospital"",""https://www.medindia.net/homepages/hospitals/limayehospital"",""https://www.justdial.com/Malvan/Limye-Hospital-At-Post-Bharad-Bharad-Naka/9999PXXXX-XXXX-110322153710-S1D1_BZDET"",""https://www.facebook.com/153490541948674"",""https://www.practo.com/malvan/hospital/dr-ajit-limaye-malvan"",""https://www.onefivenine.com/india/Places/Taluk/Sangli/Tasgaon/Hospital"",""http://www.onefivenine.com/india/Places/Taluk"
153,0.6554,uncertainty_band_reduction,"[""higher_uncertainty_level"", ""wide_rate_confidence_intervals"", ""small_observed_facility_sample""]",Uttar Pradesh,Pratapgarh ,supply_record_quality_problem,2,0.5885269121813032,0.6104306923879759,0.39999999999999997,0.6439797398814098,0.857,higher,0.7496,0.9,0.5,0.09452865480086614,0.9054713451991339,0.0,0.0,0.6576280471103807,0.5,0.09452865480086614,0.9054713451991339,1.0,0.34237195288961925,1.0,0.5,0.09452865480086614,0.9054713451991339,"Jagadguru Kripalu Chikitsalaya - Barsana, Uttar Pradesh; Saraswati Eye Hospital","Barsana facility of Jagadguru Kripalu Chikitsalaya (JKC) opened in January 2007 as part of JKC's Uttar Pradesh hospital network. | [""internalMedicine"",""internalMedicine"",""gynecologyAndObstetrics"",""ophthalmology"",""dentistry"",""physicalMedicineAndRehabilitation"",""clinicalPathology"",""radiology"",""emergencyMedicine"",""cardiology"",""internalMedicine"",""gynecologyAndObstetrics"",""ophthalmology"",""cataractAndAnteriorSegmentSurgery"",""dentistry"",""physicalMedicineAndRehabilitation"",""pathology"",""radiology"",""emergencyMedicine"",""cardiology"",""internalMedicine"",""ophthalmology"",""gynecologyAndObstetrics"",""dentistry"",""physicalMedicineAndRehabilitation"",""pathology"",""radiology"",""emergencyMedicine"",""cardiology"",""internalMedicine"",""internalMedicine"",""physicalMedicineAndRehabilitation"",""dentistry"",""cataractAndAnteriorSegmentSurgery"",""gynecologyAndObstetrics"",""pediatrics"",""pediatricUrology"",""generalSurgery"",""pulmonolo","[""https://en.wikipedia.org/wiki/Jagadguru_Kripalu_Parishat"",""https://en.wikipedia.org/wiki/Jagadguru_Kripalu_Parishat"",""https://www.jkp.org.in/the-20-year-journey-of-jagadguru-kripalu-chikitsalaya-mangarh-how-it-all-began/"",""https://www.jkp.org.in/the-20-year-journey-of-jagadguru-kripalu-chikitsalaya-mangarh-how-it-all-began/"",""https://www.jkp.org.in/the-20-year-journey-of-jagadguru-kripalu-chikitsalaya-mangarh-how-it-all-began/"",""https://en.wikipedia.org/wiki/Jagadguru_Kripalu_Parishat"",""https://www.tribuneindia.com/news/business/jagadguru-kripalu-chikiysalaya-vrindavan-marks-10-years-of-selfless-service-to-the-community/"",""https://www.jkphospitals.org.in/our-hospitals/"",""https://www.jkphospitals.org.in/our-hospitals/"",""https://www.jkphospitals.org.in/our-hospitals/"",""https://www.jkp.org.in/the-20-year-journey-of-jagadguru-kripalu-chikitsalaya-mangarh-how-it-all-began/"",""https://www.jus"
154,0.6548,uncertainty_band_reduction,"[""higher_uncertainty_level"", ""wide_rate_confidence_intervals"", ""small_observed_facility_sample"", ""high_critical_supply_gap_rate""]",Uttar Pradesh,Bara Banki ,mixed_or_monitor,2,0.5512865911237016,0.589948515806295,0.44999999999999996,0.6197735311939687,0.847,higher,0.7496,0.9,0.5,0.09452865480086614,0.9054713451991339,0.5,0.09452865480086614,0.9054713451991339,0.5,0.09452865480086614,0.9054713451991339,0.0,0.0,0.6576280471103807,0.0,0.0,0.6576280471103807,"Zenith ENT Care; Chandra Dental College & Hospital, Barabanki","All diseases related to Ear, Nose, throat including vertigo and facial paresis are managed here. Diagnostic nasal Endoscopy, video laryngoscope available. | [""otolaryngology"",""otolaryngology"",""otolaryngology"",""familyMedicine""] | [""Provides diagnostic nasal endoscopy""] | [""Video laryngoscope is available""] | [""Specializes in ENT disorders including vertigo and facial paresis"",""Specializes in ENT care"",""Dr. Saima Azim, ENT, with 11 years of experience"",""Outpatient ENT clinic operating in Barabanki"",""Offers video consultations"",""Offers in-clinic visits"",""Dr. Saima Azim, ENT, practices at Zenith Ent Care""]; Chandra Dental College & Hospital is running successfully on Lucknow - Ayodhya National Highway. It has affiliation with Atal Bihari Vajpayee Medical University, Lucknow, Uttar Pradesh. It is also recognized by the Dental Council of India(DCI) and Ministry of Health & Family Welfare, Gove","[""https://www.facebook.com/102609518559691"",""https://www.eka.care/clinic/zenith-ent-care"",""https://www.eka.care/doctor/saima-azim-ent-barabanki"",null]; [""https://chandradentalcollege.org/department-of-oral-and-maxillofacial-surgery.php"",""https://chandradentalcollege.org/"",""https://chandradentalcollege.org/departments-all.php"",""https://chandradentalcollege.org/department-of-oral-medicine-and-radiology.php"",""https://collegedunia.com/college/7568-chandra-dental-college-and-hospital-barabanki"",""https://www.facebook.com/594525134286221"",""https://www.justdial.com/Barabanki/Hospitals-in-Barabanki-Collectorate/nct-10253670"",""https://www.justdial.com/Barabanki/Hospitals-in-Police-Line/nct-10253670"",""https://www.yourdegree.com/colleges/chandra-dental-college-hospital-9829/"",null]"
155,0.6535,semantic_gap_enrichment,"[""high_health_need"", ""high_trust_gap"", ""wide_rate_confidence_intervals"", ""high_critical_supply_gap_rate""]",Bihar,Begusarai ,phantom_desert_or_verification_gap,7,0.6259442870632671,0.6495325157795337,0.8857142857142857,0.5542322076437552,0.704,medium,0.4219,0.65,1.0,0.6456611570247934,1.0,0.8571428571428571,0.48686549668097007,0.9743210440510253,0.0,0.0,0.35433884297520657,0.2857142857142857,0.0822171657090155,0.6410709098517873,0.0,0.0,0.35433884297520657,Roop Dev Eye And Dental Hospital; Somaya Multispeciality Hospital; Manju Meera Hospital; Pushkar Dental Superspeciality Centre; Miracare Hospital; Shivam Kidney Hospital; Hospital A,"Roop Dev Eye And Dental Hospital | [""ophthalmology"",""dentistry"",""internalMedicine"",""internalMedicine"",""ophthalmology"",""dentistry"",""internalMedicine"",""ophthalmology"",""dentistry"",""endodontics"",""internalMedicine"",""ophthalmology"",""dentistry"",""internalMedicine"",""internalMedicine"",""internalMedicine"",""internalMedicine"",""ophthalmology"",""corneaOphthalmology"",""retinaAndVitreoretinalOphthalmology"",""oculoplasticsAndReconstructiveOrbitalSurgery"",""dentistry"",""internalMedicine"",""internalMedicine"",""ophthalmology"",""dentistry"",""internalMedicine"",""ophthalmology"",""dentistry"",""internalMedicine""] | [""Root canal treatment (RCT) performed""] | [""Slit lamp biomicroscope for eye examinations"",""Dental chair with attached dental instruments"",""Wheelchair-accessible parking and common bathroom facilities""] | [""Eye and dental hospital providing vision and dental care"",""Located in Begusarai, Bihar"",""Has been in healthca","[""https://www.justdial.com/Begusarai/Roop-Dev-eye-and-dental-hospital/9999P6243-6243-170824170002-D8U2_BZDET/photos"",""https://www.justdial.com/Begusarai/Hospitals-in-Lohiya-Nagar/nct-10253670/page-3"",""https://www.justdial.com/Jamalpur/Eye-Hospitals/nct-10196517"",""https://www.justdial.com/Begusarai/Roop-Dev-Eye-And-Dental-Hospital-Near-BP-High-School-Chowk-Begusarai-HO/9999P6243-6243-170824170002-D8U2_BZDET/servicecatalogue"",""https://www.mappls.com/place-roop+dev+eye+and+dental+hospital-ward+no+20-ratanpur-begusarai-bihar-851101-NB7O8O@zdata=MjUuNDExNzc0Kzg2LjEzNzE2MSsxNytOQjdPOE8rK25yed"",""https://chotu.com/local/dental-clinics-in-begusarai-bihar-india/ct-18417237/"",""https://www.policyx.com/health-insurance/network-hospitals/aditya-birla-begusarai-bihar/"",""https://www.facebook.com/people/Roop-Dev-Eye-Dental-Hospital/61565243439937/"",""https://www.drlogy.com/ayushman-bharat/hospitals/bihar/"
156,0.6507,uncertainty_band_reduction,"[""high_trust_gap"", ""higher_uncertainty_level"", ""wide_rate_confidence_intervals"", ""high_critical_supply_gap_rate""]",Haryana,Mahendragarh ,supply_record_quality_problem,9,0.4966359773371105,0.5417676462848485,0.8666666666666667,0.4499894986294457,0.681,higher,0.4686,0.55,0.8888888888888888,0.5649937852319399,0.9801096286728695,0.7777777777777778,0.4525833436728054,0.9367762376877727,0.1111111111111111,0.019890371327130535,0.4350062147680601,0.2222222222222222,0.06322376231222723,0.5474166563271946,0.4444444444444444,0.188775429471914,0.7333526542559703,"Ram Nursing Home; Govind Netralaya; Goyal Netra Chikitsalaya; Gulab Dental Hospital; Hb Dialysis Centre; Rainbow Multispeciality Hospital And Trauma Centre, Moti Nagar, Narnaul; Vinayak Hospital; Imran ENT Hospital","Open 24 Hrs; 2 Years in Healthcare; 4.7 rating with 65 Ratings; 'Great customer service' noted. | [""internalMedicine"",""pathology"",""emergencyMedicine"",""criticalCareMedicine"",""generalSurgery"",""orthopedicSurgery"",""gynecologyAndObstetrics"",""internalMedicine"",""emergencyMedicine"",""pediatrics"",""internalMedicine"",""pediatrics"",""internalMedicine"",""internalMedicine"",""internalMedicine"",""internalMedicine"",""generalSurgery"",""internalMedicine"",""internalMedicine""] | [""Performs laparoscopic surgery"",""Performs arthroscopy"","""",""""] | ["""",""""] | [""Multispeciality hospital"",""Emergency care available 24/7"",""Provides nursing care services"",""Has wheelchair-accessible car parking"",""Has common bathroom facilities"",""Has 28 years of experience in healthcare"",""Provides retirement and assisted living services"",""Open 24/7"",""Raj Nursing Home (A Unit Of Raj Rishik Hospital Pvt Ltd) is a hospital in Sector 3, Faridabad."",""R","[""https://www.justdial.com/Narnaul/Diagnostic-Centres/nct-10159446"",""https://www.justdial.com/Narnaul/Neuro-Spine-Physio-Hospital-Near-Ratna-Hospital-Sarve-Haryana-Gramin-Bnk-Ke-Niche-Adarsh-Nagar/9999P1282-1282-211026162410-H7P5_BZDET/Narnaul/Orthopaedic-Hospitals-in-Adarsh-Nagar/nct-10345065"",""https://www.mappls.com/chu9qt"",""https://www.justdial.com/Narnaul/Ram-Nursing-Home-Near-Abhay-Singh-Residence-Singhana-Main-Road/9999P1282-1282-230927171906-F3Q8_BZDET"",""https://www.facebook.com/110471663724462"",""https://www.justdial.com/Kaithal/Hospitals-in-Khurana/nct-10253670/page-3"",""https://www.justdial.com/Kaithal/Raj-Nursing-Home-Near-Mithlesh-Hotel-Pehowa-Chowk/9999P1746-1746-110223124528-N9R3_BZDET"",""https://www.medindia.net/directories/hospitals/ram-nursing-home-mohindergarh-haryana-26199.htm"",""https://www.facebook.com/209720113140768"",""https://www.justdial.com/Faridabad/Raj-Nursing-Home"
157,0.6504,semantic_gap_enrichment,"[""high_trust_gap"", ""wide_rate_confidence_intervals"", ""small_observed_facility_sample"", ""high_critical_supply_gap_rate""]",Andhra Pradesh,Krishna ,supply_record_quality_problem,3,0.41560434372049104,0.5879953445118571,0.8666666666666666,0.493320961070141,0.713,medium,0.6631,0.85,1.0,0.43849391955098227,1.0,0.6666666666666666,0.2076549551264879,0.9385096847238394,0.0,0.0,0.5615060804490177,0.3333333333333333,0.0614903152761605,0.7923450448735121,0.6666666666666666,0.2076549551264879,0.9385096847238394,Capital Hospitals; Proactive Clinic; St anns Hospital,"Capital Hospitals in Vijayawada is a hospital in Vijayawada, Andhra Pradesh, India. It is part of Capital Tree Health Care Pvt. Ltd. initiative and is listed among major hospitals in Andhra Pradesh. | [""internalMedicine"",""internalMedicine"",""generalSurgery"",""orthopedicSurgery"",""ophthalmology"",""orthopedicSurgery"",""jointReconstructionSurgery"",""spineNeurosurgery"",""neurosurgery"",""pediatricOrthopedicSurgery"",""oralAndMaxillofacialSurgery"",""generalSurgery"",""plasticSurgery"",""criticalCareMedicine"",""internalMedicine"",""internalMedicine"",""internalMedicine"",""internalMedicine"",""internalMedicine"",""orthopedicSurgery"",""internalMedicine"",""internalMedicine"",""internalMedicine"",""internalMedicine"",""internalMedicine"",""gynecologyAndObstetrics"",""pediatrics"",""internalMedicine"",""gynecologyAndObstetrics"",""internalMedicine"",""internalMedicine"",""internalMedicine"",""psychiatry"",""orthopedicSurgery"",""pulmonology"",""internal","[""https://www.docindia.org/healthblog/articles/hospitals-in-andhra-pradesh"",""https://www.scribd.com/document/551904726/Internal-Medicine"",""https://www.practo.com/vijayawada/hospital/roopa-orthopaedic-multispeciality-hospital-patamata"",""https://www.practo.com/vijayawada/doctor/dr-s-ramprasad-pediatrician"",""https://www.indiamart.com/capitaltree-health-care-private-limited/"",""https://www.facebook.com/768857040164957"",""https://www.practo.com/hyderabad/doctor/gowtham-chowdary-kankanala-orthopedist"",""https://www.policyx.com/health-insurance/network-hospitals/star-health-vijayawada-andhra-pradesh/"",""https://www.practo.com/vijayawada/hospital/svara-super-speciality-hospital-vijayawada-maruthi-nagar/about"",""https://www.practo.com/vijayawada/clinic/apple-dental-care-eluru-road"",""https://www.policybazaar.com/network-hospitals/liberty-general-hospitals-andhra_pradesh-vijayawada/"",""https://www.mappls"
158,0.65,uncertainty_band_reduction,"[""higher_uncertainty_level"", ""wide_rate_confidence_intervals"", ""small_observed_facility_sample"", ""high_critical_supply_gap_rate""]",Bihar,Buxar ,referral_or_capacity_candidate,1,0.5460339943342776,0.527545417531626,0.45,0.673039505224163,0.759,higher,0.7935,0.95,1.0,0.20654329147389294,1.0,1.0,0.20654329147389294,1.0,1.0,0.20654329147389294,1.0,0.0,0.0,0.7934567085261071,0.0,0.0,0.7934567085261071,Dr. Asia Pacific Healthcare,"A well-established Multi-Speciality Hospital aiming to provide affordable quality healthcare. Providing exceptional cardiac care to the community. | [""cardiology"",""internalMedicine"",""internalMedicine"",""internalMedicine"",""pediatrics"",""generalSurgery"",""pathology"",""familyMedicine"",""radiology"",""internalMedicine"",""emergencyMedicine"",""criticalCareMedicine"",""geriatricsInternalMedicine"",""internalMedicine""] | ["""",""X-ray imaging"",""Ultrasound imaging (sonography)"",""General surgery services"",""Pathology laboratory with blood and diagnostic tests"",""OPD and IPD services""] | ["""",""X-ray imaging equipment"",""Ultrasound imaging equipment""] | [""Operates as a multi-speciality hospital"",""Specializes in cardiology care"",""Board certified in Cardiology"",""Open 24 hours / 7 days a week"",""Wheelchair-accessible facilities (car park and entrance)"",""Open 24/7 emergency care"",""Multi-speciality hospital"",""Critical Care (","[""https://www.cardiologistindia.com/bihar/buxar/asia-pacific-healthcare.html"",""https://www.facebook.com/101702465788674"",""https://www.facebook.com/asiapacifichospitalbuxar/"",""https://www.ibihar.in/business/asia-pacific-healthcare/"",""https://eldercare.nears.me/places/asia-pacific-heal-buxar-elder-care-guide/"",null]"
159,0.649,uncertainty_band_reduction,"[""higher_uncertainty_level"", ""wide_rate_confidence_intervals"", ""small_observed_facility_sample"", ""high_critical_supply_gap_rate""]",Karnataka,Uttara Kannada ,mixed_or_monitor,2,0.5189447592067987,0.5721605082519985,0.44999999999999996,0.598751340447982,0.837,higher,0.7803,0.9,0.5,0.09452865480086614,0.9054713451991339,0.5,0.09452865480086614,0.9054713451991339,0.5,0.09452865480086614,0.9054713451991339,1.0,0.34237195288961925,1.0,0.5,0.09452865480086614,0.9054713451991339,Marikamba Hospital and Diagnostic Centre; Pandit General Hospital Sirsi,"Advanced Facilities: Equipped with 35 beds and state-of-the-art technology, we ensure a comfortable and efficient patient experience. | [""internalMedicine"",""internalMedicine"",""urology"",""cardiology"",""internalMedicine"",""cardiology"",""internalMedicine"",""internalMedicine"",""urology"",""pathology"",""internalMedicine"",""internalMedicine"",""radiology"",""pathology"",""generalSurgery"",""emergencyMedicine"",""internalMedicine"",""familyMedicine"",""internalMedicine"",""internalMedicine"",""internalMedicine""] | [] | [""Wheelchair-accessible car park"",""Wheelchair-accessible entrance"",""Laboratory test tubes and a blood sample are visible in the provided image associated with Marikamba Hospital And Diagnostic Center""] | [""Open 24 hours daily"",""Cardiology services with a board-certified cardiologist"",""Emergency information directs to call 911 for medical emergencies"",""Marikamba Hospital and Diagnostic Center offers General ","[""https://watchdoq.com/blog/hospitals/sirsi/marikamba-hospital-and-diagnostic-centre"",""https://www.justdial.com/Sirsi/Marikamba-Hospital-And-Diagnostic-Center-Near-Devikere-Circle-Rayerpeth/9999P8384-8384-101104132151-C3S2_BZDET"",""https://www.mappls.com/tf39jj"",""https://www.cardiologistindia.com/karnataka/sirsi/marikamba-hospital-and-diagnostic-centre.html"",""https://www.justdial.com/Sirsi/Dr-Mahesh-Hegde-Marikamba-Hospital-And-Diagnostic-Center-Devikere/9999P8384-8384-150803170509-R1P5_BZDET"",""https://www.justdial.com/Siddapur/Pathology-Labs/nct-10356131"",""https://www.justdial.com/Karwar/Maternity-Hospitals-in-Bhatkal/nct-10314263"",""https://www.healthcareontime.com/diagnostic-centres/karnataka/sirsi/marikamba-hospital-diagnostic-centre/"",""https://www.lybrate.com/sirsi/clinic/marikamba-hospital-and-diagnostic-center-"",""https://www.facebook.com/171327393519879"",""https://www.justdial.com/Si"
160,0.6487,uncertainty_band_reduction,"[""higher_uncertainty_level"", ""wide_rate_confidence_intervals"", ""small_observed_facility_sample"", ""high_critical_supply_gap_rate""]",Sikkim,South District ,referral_or_capacity_candidate,1,0.5417847025495749,0.5252083070500395,0.45,0.6702774655641063,0.759,higher,0.7935,0.95,1.0,0.20654329147389294,1.0,1.0,0.20654329147389294,1.0,1.0,0.20654329147389294,1.0,0.0,0.0,0.7934567085261071,0.0,0.0,0.7934567085261071,Namchi Health Clinic,"Namchi Health Clinic | [""familyMedicine"",""familyMedicine"",""nephrology"",""familyMedicine"",""dentistry"",""familyMedicine"",""dentistry"",""familyMedicine"",""familyMedicine"",""gynecologyAndObstetrics"",""familyMedicine"",""gynecologyAndObstetrics"",""familyMedicine"",""gynecologyAndObstetrics"",""familyMedicine"",""gynecologyAndObstetrics"",""familyMedicine""] | [""Namchi Health Clinic provides routine gynecological check-ups"",""Namchi Health Clinic provides pregnancy care"",""Namchi Health Clinic provides family planning services"",""Namchi Health Clinic provides treatment of gynecological conditions"",""Namchi Health Clinic provides women's health consultations""] | [""Stethoscope visible in Namchi Health Clinic images"",""Basic medical examination instruments visible in Namchi Health Clinic images""] | [""Clinic located in Namchi"",""Outpatient clinic setting (as implied by 'Health Clinic')"",""Provides dentistry and dental surg","[""https://www.justdial.com/Namchi/Namchi-Health-Clinic-Namchi-Manpur-Road/9999P3595-3595-220611232311-G7P1_BZDET"",""https://www.justdial.com/Gangtok/Clinics-in-Singtam/nct-10101647/page-3"",""https://www.justdial.com/Kalimpong/Clinics/nct-10101647"",""https://www.facebook.com/364483547078564"",""https://www.facebook.com/OralHealthDentalClinic/"",""https://www.facebook.com/102262505444410"",""https://gynecologistnearme.in/sikkim/"",""https://gynecologistnearme.in/city/gyalshing/namchi-health-clinic/"",""https://gynecologistnearme.in/city/namchi/"",""https://gynecologistnearme.in/city/namchi/namchi-health-clinic/"",null]"
161,0.6483,semantic_gap_enrichment,"[""high_trust_gap"", ""wide_rate_confidence_intervals"", ""small_observed_facility_sample"", ""high_critical_supply_gap_rate""]",Assam,Bongaigaon ,mixed_or_monitor,3,0.43077195467422097,0.5963375305364086,0.8999999999999999,0.5031799081900655,0.728,medium,0.5615,0.85,1.0,0.43849391955098227,1.0,1.0,0.43849391955098227,1.0,0.0,0.0,0.5615060804490177,0.0,0.0,0.5615060804490177,0.0,0.0,0.5615060804490177,"Lower Assam Hospital & Research Centre; Arogya Hospital and Research Centre; Agilus Diagnostics - BOC Gate, Bongaigaon","Open 24 Hrs | [""internalMedicine"",""internalMedicine"",""internalMedicine"",""internalMedicine"",""internalMedicine"",""gynecologyAndObstetrics"",""internalMedicine"",""internalMedicine"",""internalMedicine"",""internalMedicine"",""radiology"",""pathology"",""generalSurgery"",""internalMedicine"",""internalMedicine"",""internalMedicine"",""internalMedicine"",""internalMedicine"",""internalMedicine""] | [] | [] | [""Lower Assam Hospital & Research Centre is referenced as part of the registered address for GAURIPUR HOSPITAL PRIVATE LIMITED."",""Located in Chapaguri, Bongaigaon"",""Listed as a private hospital in Jogighopa area, Bongaigaon on JustDial"",""Has rating 4.0 on JustDial based on 1,208 ratings"",""Listed as private hospital in Bongaigaon district"",""Private multispecialty hospital"",""Located in Bongaigaon"",""Engages in public health awareness campaigns (e.g., World Liver Day)"",""Provides 24/7 emergency care""]; Providing excepti","[""http://www.healthinsuranceindia.org/cashless_hospital_india/assam.html"",""https://www.zaubacorp.com/GAURIPUR-HOSPITAL-PRIVATE-LIMITED-U45201AS2009PTC008904"",""https://shama-hospitalslistinindia.blogspot.com/p/assam.html"",""https://www.justdial.com/Bongaigaon/Pmjay-Scheme-Hospitals-in-Abhayapuri/nct-15200323"",""https://www.justdial.com/Dhubri/Private-Hospitals-in-Chapar/nct-10390288"",""https://www.justdial.com/Bongaigaon/Hospitals-in-Nayagaon/nct-10253670"",""https://www.justdial.com/Chirang/Hospitals-in-Bgr-Township/nct-10253670"",""https://www.facebook.com/lowerassamhospital/"",""https://www.justdial.com/Kokrajhar/Private-Hospitals-in-Dotma/nct-10390288"",""https://www.justdial.com/Bongaigaon/Private-Hospitals-in-Jogighopa/nct-10390288"",""https://bongaigaon.assam.gov.in/information-and-services/medical-facilities"",""https://www.facebook.com/110070980476901"",""https://economictimes.indiatimes.com/comp"
162,0.6463,uncertainty_band_reduction,"[""higher_uncertainty_level"", ""wide_rate_confidence_intervals"", ""small_observed_facility_sample"", ""high_critical_supply_gap_rate""]",Gujarat,Mahisagar ,supply_record_quality_problem,2,0.41466005665722383,0.5148039218497322,0.625,0.5309662837907583,0.768,higher,0.719,0.9,1.0,0.34237195288961925,1.0,0.5,0.09452865480086614,0.9054713451991339,0.5,0.09452865480086614,0.9054713451991339,0.0,0.0,0.6576280471103807,1.0,0.34237195288961925,1.0,Jivandeep Hospital; Bhagat Hospital,"Listed among Top General Physician Hospitals In Surat | [""internalMedicine"",""internalMedicine"",""internalMedicine"",""ophthalmology"",""internalMedicine"",""internalMedicine"",""internalMedicine"",""internalMedicine"",""orthopedicSurgery"",""painMedicinePMR"",""internalMedicine"",""internalMedicine"",""gynecologyAndObstetrics"",""reproductiveEndocrinologyAndInfertility"",""internalMedicine"",""infectiousDiseases"",""internalMedicine"",""preventiveMedicine"",""familyMedicine"",""internalMedicine"",""internalMedicine"",""internalMedicine"",""internalMedicine"",""internalMedicine"",""internalMedicine"",""pediatrics"",""pediatricInfectiousDiseases"",""pediatricCriticalCareMedicine"",""pediatricPulmonology"",""neonatologyPerinatalMedicine"",""adolescentMedicine"",""internalMedicine"",""internalMedicine"",""internalMedicine"",""internalMedicine"",""cardiology"",""endocrinologyAndDiabetesAndMetabolism"",""orthopedicSurgery"",""generalSurgery"",""otolaryngology"",""patho","[""http://www.onefivenine.com/india/villag/Panch-Mahals/Santrampur"",""https://www.justdial.com/Dholka/Dr-Darshan-Jothanya-Jivandeep-Hospital-Opposite-Shri-Ram-Market-Kharakuva-Dholka/079PXX79-XX79-160108114828-H7X2_BZDET"",""https://www.practo.com/surat/doctor/koladiya-nikunj-general-physician"",""https://www.scribd.com/document/565693092/SAURASHTRA-LIST"",""https://www.proptiger.com/ahmedabad/chandkheda-51322/hospitals"",""https://www.crunchbase.com/organization/jivandeep-hospital"",""https://www.practo.com/ahmedabad/clinic/shreenath-clinic-4-mahadev-nagar-tekra"",""https://www.practo.com/ahmedabad/clinic/holistic-spine-clinic-navrangpura-navrangpura"",""https://www.justdial.com/Morbi/Jivandeep-Hospital-Opposite-Old-Bus-Stand-Ayodhyapuri-Main-Road/9999P2822-2822-140721084749-D7G8_BZDET"",""https://www.justdial.com/Ahmedabad/Jivandeep-Hospital-Near-Chandkheda-Bus-Stand-Chandkheda/079PXX79-XX79-11112314313"
163,0.6453,uncertainty_band_reduction,"[""high_trust_gap"", ""higher_uncertainty_level"", ""wide_rate_confidence_intervals"", ""high_critical_supply_gap_rate""]",Uttar Pradesh,Deoria ,mixed_or_monitor,5,0.3608947119924457,0.524504237344833,0.82,0.41099856684367264,0.648,higher,0.5648,0.75,1.0,0.5655085052479191,1.0000000000000002,0.6,0.23071993220883708,0.8823817688407467,0.0,-2.7755575615628914e-17,0.43449149475208104,0.4,0.1176182311592533,0.769280067791163,0.6,0.23071993220883708,0.8823817688407467,Deoria Health Care Centre; Tejas Hospital; Savitri Hospital Deoria; JN CLINIC DEORIA; Vedank Multispeciality Hospital,"Service Provider Of Dermatology Skin Treatment Service, Psoriasis Treatment, Eczema Treatment, Acne Treatment, Neuro Psychiatrist, Neurology Treatment Service, Nail Treatment, Hair Fall Treatment, Hair Loss Treatment, Laser Skin Treatment, Neurologist; Manager: Anup Kumar Gupta | [""internalMedicine"",""dermatology"",""gynecologyAndObstetrics"",""urology"",""addictionPsychiatry"",""familyMedicine"",""familyMedicine"",""familyMedicine"",""psychiatry"",""neurology"",""sleepMedicine"",""addictionPsychiatry"",""dermatology"",""neurology"",""internalMedicine"",""familyMedicine""] | [""Minimally Invasive Urology"",""Brow Lift"",""Acne Scar Revision"",""Laser Acne Scar Removal"",""Neurology treatment service"",""Neuro psychiatrist"",""Treats acne, eczema, and psoriasis"",""Performs mole removal"",""Provides laser therapy for skin problems"",""Diagnoses neurological conditions with tests"",""Provides personalized treatment plans for neurological h","[""https://www.justdial.com/Deoria/Deoria-Health-Care-Centre-Gurudwara-Se-100-Meter-Purab-Deoria-New-Colony/9999P5568-5568-220523215348-B1T7_BZDET"",""https://www.exportersindia.com/deoria-health-care-center-deoria/"",""https://www.facebook.com/100990935087867"",""https://www.exportersindia.com/dr-h-n-roy-mental-clinic-vaishali"",""https://www.facebook.com/DeoriaHealthCareCenter/"",""https://www.mydhcc.in/"",null]; [""https://www.justdial.com/Deoria/Tejas-Hospital-Abubakar-Nagar/9999P5568-5568-231110031134-A5B7_BZDET"",""https://meddco.com/profile/Tejas-Hospital"",""https://www.facebook.com/103125228539147"",""https://www.facebook.com/108501405270267"",""https://www.eka.care/clinic/tejas-hospital--87385097"",null]; [""https://www.justdial.com/Deoria/Savitri-Hospital-Deoria-Near-Iti-College-Deoria-New-Colony/9999P5568-5568-170608143120-P4J2_BZDET"",""https://www.facebook.com/100138581749349"",""https://www.facebook"
164,0.6449,uncertainty_band_reduction,"[""high_trust_gap"", ""higher_uncertainty_level"", ""wide_rate_confidence_intervals"", ""high_critical_supply_gap_rate""]",Karnataka,Davanagere ,mixed_or_monitor,10,0.5140462700661,0.5662274728278531,0.88,0.4510329095510622,0.667,higher,0.378,0.5,1.0,0.7224598312333834,1.0,0.8,0.49015684672072335,0.9433190520193067,0.0,-2.7755575615628914e-17,0.2775401687666166,0.3,0.10778928748621183,0.6032267800204347,0.1,0.01787574951572113,0.4041563854975721,"ESI Hospital; Bapuji Dental College and Hospital, Davengere; Latha Nursing Home; Chigateri Hospital, Davanagere; Swasti Clinic; SS Narayana Heart Centre, Bypass Road, Davangere; Anvaya Ayurveda Hospital; Arivu Neuro Clinic and Arivu Dental Clinic","ESI Hospital, Hospitals, Ambulance Services, First Aid Services, Doctors, Gynaecologist Doctors | [""internalMedicine"",""gynecologyAndObstetrics"",""internalMedicine"",""internalMedicine"",""internalMedicine"",""internalMedicine"",""internalMedicine"",""internalMedicine"",""oralAndMaxillofacialSurgery"",""oralMedicine"",""dentistry"",""endodontics"",""orthodontics"",""prosthodontics"",""internalMedicine"",""internalMedicine"",""pediatricAllergyAndImmunology"",""pediatrics"",""endocrinologyAndDiabetesAndMetabolism"",""reproductiveEndocrinologyAndInfertility"",""rheumatology"",""internalMedicine"",""internalMedicine"",""internalMedicine"",""internalMedicine"",""internalMedicine"",""internalMedicine"",""internalMedicine"",""internalMedicine"",""internalMedicine"",""internalMedicine"",""internalMedicine"",""internalMedicine"",""internalMedicine"",""internalMedicine"",""internalMedicine"",""internalMedicine"",""internalMedicine"",""internalMedicine"",""internalMedicine","[""https://www.grotal.com/Davanagere/ESI-Hospital-C210/"",""http://www.onefivenine.com/india/Listing/Locality/hospitals/Davangere/Davanagere/Vidyanagara-Main-Road-Teachers-Colony"",""https://www.qa.jupiteryellowdetail.com/Mysore/search-by-listings/hospital-/metagalli-/chaitra-mini-hospital/743887.jws"",""https://www.justdial.com/Bangalore/Mother-And-Child-Clinic-Esi-Hospital-Signal-Indiranagar/080PXX80-XX80-140206122515-E9X9_BZDET"",""https://www.proptiger.com/mangalore/kulshekar-51115/hospitals"",""http://www.onefivenine.com/india/Places/District/Davangere/Hospital"",""https://www.proptiger.com/bangalore/lingarajpuram-51092/hospitals"",""https://www.scribd.com/document/798808363/Members-List-01-2885"",""https://www.practo.com/bangalore/hospital/hosmat-hospital-magrath-road-3"",""https://www.practo.com/bangalore/clinic/arogyaa-homoeo-super-specialty-clinic-for-children-women-indiranagar"",""http://www.hdmc.m"
165,0.6447,uncertainty_band_reduction,"[""higher_uncertainty_level"", ""wide_rate_confidence_intervals"", ""small_observed_facility_sample"", ""high_critical_supply_gap_rate""]",Uttar Pradesh,Budaun ,mixed_or_monitor,2,0.5053116147308782,0.5646622787902421,0.44999999999999996,0.5898897965386336,0.839,higher,0.7803,0.9,0.5,0.09452865480086614,0.9054713451991339,0.5,0.09452865480086614,0.9054713451991339,0.5,0.09452865480086614,0.9054713451991339,0.0,0.0,0.6576280471103807,0.5,0.09452865480086614,0.9054713451991339,Rama Dental Clinic And Implant Centre; Lajja Hospital,"Specialist Dentistry Services; General Dentistry Services including Cosmetic Tooth Jewelry | [""dentistry"",""endodontics"",""prosthodontics"",""periodontics"",""cosmeticDentistry"",""oralAndMaxillofacialSurgery"",""generalDentistry"",""familyMedicine"",""dentistry"",""familyMedicine"",""dentistry"",""familyMedicine"",""dentistry"",""familyMedicine"",""endodontics"",""familyMedicine"",""dentistry"",""dentistry"",""familyMedicine"",""dentistry"",""endodontics"",""prosthodontics"",""familyMedicine"",""dentistry"",""familyMedicine"",""dentistry"",""familyMedicine"",""dentistry"",""familyMedicine"",""dentistry"",""familyMedicine"",""dentistry"",""familyMedicine"",""dentistry"",""endodontics"",""orthodontics"",""prosthodontics"",""aestheticDentistry"",""familyMedicine"",""dentistry"",""familyMedicine"",""dentistry"",""familyMedicine"",""dentistry"",""familyMedicine"",""dentistry"",""familyMedicine"",""dentistry"",""familyMedicine"",""dentistry""] | [""Impaction / Impacted Tooth Extraction"",""","[""https://www.indiadentalclinic.com/en/services-cosmetic-tooth-jewelry/uttar-pradesh-city-lucknow/index.htm"",""https://www.practo.com/lucknow/clinic/mind-and-brain-clinic-mahanagar"",""https://www.practo.com/kanpur/clinic/smile-solution-lajpat-nagar"",""https://www.practo.com/lucknow/clinic/pawani-health-care-centre-lucknow-alambagh"",""https://www.docindia.org/doctors/lucknow/dr-asit-vats-dentist"",""http://wikimapia.org/25890010/RAMA-DENTAL-CLINIC"",""https://www.practo.com/lucknow/clinic/saraswati-dental-clinic-arjunganj"",""https://www.practo.com/lucknow/clinic/vats-dental-clinic-implant-clinic-gurdwara/dentist-ps-8"",""https://www.practo.com/lucknow/clinic/anupriya-mother-and-eye-care-gomtinagar-vistar"",""https://www.practo.com/lucknow/clinic/shyam-nidan-clinic-aliganj"",""https://www.practo.com/lucknow/clinic/sitara-poly-clinic-vikas-nagar/about"",""https://www.practo.com/lucknow/clinic/dr-amit-s-dent"
166,0.6441,uncertainty_band_reduction,"[""high_health_need"", ""high_trust_gap"", ""higher_uncertainty_level"", ""wide_rate_confidence_intervals"", ""high_critical_supply_gap_rate""]",West Bengal,Murshidabad ,phantom_desert_or_verification_gap,13,0.6108947119924456,0.6065892575877478,0.8384615384615384,0.4959175951837536,0.664,higher,0.3505,0.35,1.0,0.7718981569447083,1.0,0.6153846153846154,0.35522480972268555,0.8229055341876319,0.0,0.0,0.22810184305529166,0.3076923076923077,0.12680497161618087,0.5763111218666236,0.15384615384615385,0.04325726318273798,0.4223517050863101,Murshidabad Medical College & Hospital; Salar Hearing Aid Dealer -SHROBONEE Hearing Aid; Primary Health Sub-Centre; Laldighi Medical Centre; Nightingale Diagnostic; Jeevandeep Special Care & Diagnostic Centre; Glocal Hospital; Gitaram Hospital,"Murshidabad Medical College and Hospital, located in Berhampore, West Bengal, India. | [""internalMedicine"",""psychiatry"",""internalMedicine"",""internalMedicine"",""internalMedicine"",""internalMedicine"",""pediatrics"",""dentistry"",""internalMedicine"",""internalMedicine"",""familyMedicine"",""infectiousDiseases"",""pediatrics"",""dermatology"",""endocrinologyAndDiabetesAndMetabolism"",""pulmonology"",""rheumatology"",""urology"",""dentistry"",""plasticSurgery"",""internalMedicine"",""internalMedicine"",""internalMedicine"",""internalMedicine"",""cardiology"",""otolaryngology"",""neurosurgery"",""urology"",""gynecologyAndObstetrics"",""orthopedicSurgery"",""ophthalmology"",""plasticSurgery"",""gastroenterology"",""nephrology"",""surgicalOncology"",""generalSurgery"",""internalMedicine"",""cardiology"",""otolaryngology"",""neurosurgery"",""urology"",""gynecologyAndObstetrics"",""orthopedicSurgery"",""ophthalmology"",""plasticSurgery"",""gastroenterology"",""nephrology"",""surg","[""https://murshidabad.gov.in/public-utility/murshidabad-medical-college-hospital/"",""https://pmc.ncbi.nlm.nih.gov/articles/PMC5836338/"",""https://swasthyasathi.gov.in/DistrictWiseHealth"",""https://www.wbhealth.gov.in/pages/blood_bank"",""http://msdmch.org/"",""https://murshidabad.gov.in/public-utility-category/hospitals/page/4/"",""https://www.docindia.org/india/wb/murshidabad/internal-medicine"",""https://en.wikipedia.org/wiki/Sandip_Ghosh"",""https://en.wikipedia.org/wiki/Higher_education_in_West_Bengal"",""https://en.wikipedia.org/wiki/National_Institute_of_Homoeopathy"",""https://www.hexahealth.com/berhampore/doctor/dr-md-mohiuddin-sk-internal-medicine-specialist"",""https://www.hexahealth.com/berhampore/doctor/dr-animesh-ghosh-ophthalmologist"",""https://www.hexahealth.com/berhampore/doctor/dr-tapas-roy-general-surgeon"",""https://pmc.ncbi.nlm.nih.gov/articles/PMC4220317/"",""https://www.careers360.com/coll"
167,0.6418,semantic_gap_enrichment,"[""high_trust_gap"", ""wide_rate_confidence_intervals"", ""small_observed_facility_sample"", ""high_critical_supply_gap_rate""]",Assam,Goalpara ,mixed_or_monitor,3,0.47007790368271946,0.6179558024910827,0.75,0.5287287750455895,0.748,medium,0.6631,0.85,0.6666666666666666,0.2076549551264879,0.9385096847238394,0.6666666666666666,0.2076549551264879,0.9385096847238394,0.0,0.0,0.5615060804490177,0.3333333333333333,0.0614903152761605,0.7923450448735121,0.0,0.0,0.5615060804490177,Goalpara Civil Hospital; Florence Hospital; Selyan Care Hospitals,"Civil hospital located on Agia Road, Goalpara; has a Blood Bank. | [""internalMedicine"",""internalMedicine"",""internalMedicine"",""internalMedicine"",""cardiology"",""internalMedicine"",""internalMedicine"",""emergencyMedicine"",""internalMedicine"",""internalMedicine"",""internalMedicine"",""internalMedicine"",""clinicalPathology"",""internalMedicine"",""internalMedicine"",""minimallyInvasiveSurgeryAndEndourology"",""internalMedicine"",""internalMedicine"",""internalMedicine"",""internalMedicine"",""internalMedicine"",""hematology"",""internalMedicine"",""internalMedicine"",""internalMedicine"",""emergencyMedicine"",""cardiology"",""dermatology"",""orthopedicSurgery"",""pediatrics"",""internalMedicine"",""internalMedicine""] | [""No clinical procedures mentioned in the provided content"",""No explicit clinical procedures documented in the provided content.""] | [""IV drip setup with IV bag and tubing visible in patient care scene"",""Nurse wearing mask a","[""https://hfw.assam.gov.in/frontimpotentdata/list-of-blood-banks-and-donors"",""https://nhm.assam.gov.in/schemes/detail/pradhan-mantri-national-dialysis-programme"",""https://www.justdial.com/Goalpara/Hospitals-in-Bhalukdubi/nct-10253670"",""https://10bedicu.org/state-assam"",""https://www.cardiologistindia.com/assam/goalpara/solace-hospital-boc-goalpara-town.html"",""https://www.sentinelassam.com/north-east-india-news/assam-news/list-of-covid-19-centres-in-assam-guwahati-covid-vaccine-related-faqs-521005"",""https://www.medindia.net/directories/emergency-medical-services/blood-bank/goalpara-civil-hospital-blood-bank-goalpara-56299.htm"",""https://www.facebook.com/440514353021700"",""https://mapcarta.com/N6902810610"",""https://www.mappls.com/place-goalpara+civil+hospital-bhalukdubi-goalpara-assam-783101-S68FBF@zdata=MjYuMTQyMTc3KzkwLjYxMDM3MSsxNytTNjhGQkYrK25yed"",""https://www.medindia.net/directories/eme"
168,0.6401,uncertainty_band_reduction,"[""high_trust_gap"", ""higher_uncertainty_level"", ""wide_rate_confidence_intervals"", ""high_critical_supply_gap_rate""]",Uttar Pradesh,Hapur ,mixed_or_monitor,7,0.534761567516525,0.5422391628859685,0.6928571428571428,0.4949634399383729,0.68,higher,0.5446,0.65,0.8571428571428571,0.48686549668097007,0.9743210440510253,0.7142857142857143,0.35892909014821267,0.9177828342909844,0.2857142857142857,0.0822171657090155,0.6410709098517873,0.2857142857142857,0.0822171657090155,0.6410709098517873,0.2857142857142857,0.0822171657090155,0.6410709098517873,Abdullah Hospital; Dhanvantri Ayurveda; Hoshiyari Devi Hospitals; Aarogya Superspeciality Hospital & Reserch Institute; Jeevan Hospital; Devnandini Hospital; Health Care Diagnostic Centre,"ABDULLAH HOSPITAL is a government-recognized healthcare facility located in Bulandshahr district, Uttar Pradesh, and is empanelled under Ayushman Bharat – PM-JAY (Ayushman Card). It offers specialties including Orthopaedics, Emergency Room Packages, General Surgery, Paediatric Medical Management, and Obstetrics & Gynaecology. | [""orthopedicSurgery"",""emergencyMedicine"",""generalSurgery"",""pediatrics"",""gynecologyAndObstetrics"",""internalMedicine"",""internalMedicine"",""internalMedicine"",""ophthalmology"",""internalMedicine"",""familyMedicine"",""internalMedicine"",""internalMedicine"",""internalMedicine"",""internalMedicine"",""internalMedicine"",""dentistry"",""nephrology"",""internalMedicine"",""internalMedicine"",""internalMedicine""] | [""Provides minimally invasive urology procedures"",""""] | [] | [""Ayushman Card empanelled hospital under PM-JAY"",""Offers cashless and paperless treatment under Ayushman Bharat PM-JAY"",""C","[""https://ayushmancardhospitals.com/abdullah-hospital-bulandshahr-uttar-pradesh/"",""https://www.justdial.com/Bulandshahr/Gynaecology-Hospitals/nct-12104746"",""https://www.justdial.com/Sikandrabad/Hospitals/nct-10253670"",""https://www.mappls.com/place-abdullah+hospital-bulandshahr+road-peer+bhaauddin-hapur-uttar+pradesh-245101-MASMGQ@zdata=MjguNzIzNTAzKzc3Ljc3ODQ1MSsxNytNQVNNR1ErK25yed"",""https://www.justdial.com/Bulandshahr/Abdullah-Hospital-Near-Bhoor-Bhoor/9999P5732-5732-170926171534-H4D4_BZDET"",""https://www.justdial.com/Delhi/Unique-Multispeciality-Hospital-in-Dwarka-Sector-21/nct-15245206"",""https://www.justdial.com/Bulandshahr/Hospitals-in-Jahangirabad/nct-10253670"",""https://www.justdial.com/Bulandshahr/Sirohi-Hospital-Kala-Aam-Chowk/9999P5732-5732-230316151319-D7P9_BZDET/amp"",""https://www.justdial.com/Khurja/Multispeciality-Hospitals/nct-10547585"",""https://www.justdial.com/Pali-Rajastha"
169,0.6395,uncertainty_band_reduction,"[""higher_uncertainty_level"", ""wide_rate_confidence_intervals"", ""small_observed_facility_sample"", ""high_critical_supply_gap_rate""]",Madhya Pradesh,Neemuch ,mixed_or_monitor,2,0.5022426817752597,0.562974365664652,0.44999999999999996,0.5878949901174815,0.847,higher,0.7496,0.9,0.5,0.09452865480086614,0.9054713451991339,0.5,0.09452865480086614,0.9054713451991339,0.5,0.09452865480086614,0.9054713451991339,0.0,0.0,0.6576280471103807,0.0,0.0,0.6576280471103807,Gomabai Netralaya; Chhajed Dental Care,"An ophthalmic centre that under the leadership of G.D. Agrawal and the help of Ramji Lal Goyal, Gomabai Netralaya was established at Neemuch in 1992. | [""corneaOphthalmology"",""ophthalmology"",""internalMedicine"",""cataractAndAnteriorSegmentSurgery"",""ophthalmology"",""internalMedicine"",""cataractAndAnteriorSegmentSurgery"",""refractiveSurgeryOphthalmology"",""glaucomaOphthalmology"",""retinaAndVitreoretinalOphthalmology"",""oculoplasticsAndReconstructiveOrbitalSurgery"",""ophthalmology"",""pathology"",""internalMedicine"",""cataractAndAnteriorSegmentSurgery"",""retinaAndVitreoretinalOphthalmology"",""glaucomaOphthalmology"",""oculoplasticsAndReconstructiveOrbitalSurgery"",""refractiveSurgeryOphthalmology"",""ophthalmology"",""internalMedicine"",""ophthalmology"",""cataractAndAnteriorSegmentSurgery"",""retinaAndVitreoretinalOphthalmology"",""glaucomaOphthalmology"",""oculoplasticsAndReconstructiveOrbitalSurgery"",""refractiveSurgeryOp","[""https://en.wikipedia.org/wiki/Neemuch"",""https://trinetra-eye-hospital-dr-parag-sharma.wheree.com/"",""https://gomabai-netralaya.wheree.com/"",""https://gomabainetralaya.org/"",""https://gomabainetralaya.org/Jahajpur"",""https://www.justdial.com/Neemuch/Private-Hospitals/nct-10390288"",""https://gomabainetralaya.org/manasa"",""https://www.facebook.com/467377783406876"",""https://www.justdial.com/Pali-Rajasthan/Charitable-Eye-Hospitals-in-Bisalpur/nct-11604375"",""https://sant-krupa-multi-speciality-and-accident-hospital.wheree.com/"",null]; [""https://www.facebook.com/1977555658987653"",""https://www.justdial.com/Neemuch/Dentists-in-Modi/nct-10156331"",""https://www.justdial.com/Neemuch/Dentists/nct-10156331"",""https://www.facebook.com/chhajeddentalcare/"",""https://www.justdial.com/Neemuch/Chhajeds-Dental-Care-Opp-Nirog-Dham-Hospital-Jawahar-Nagar/9999P7423-7423-170128124703-W5R5_BZDET"",""https://mapcarta.com/N"
170,0.6389,semantic_gap_enrichment,"[""high_health_need"", ""high_trust_gap"", ""wide_rate_confidence_intervals"", ""high_critical_supply_gap_rate""]",NCT of Delhi,North East ,phantom_desert_or_verification_gap,5,0.6180949008498584,0.62596434121641,0.7200000000000001,0.578178689600991,0.752,medium,0.5575,0.75,0.8,0.3755282641185388,0.9637768390302125,0.8,0.3755282641185388,0.9637768390302125,0.2,0.03622316096978745,0.6244717358814613,0.2,0.03622316096978745,0.6244717358814613,0.0,-2.7755575615628914e-17,0.43449149475208104,Jag Pravesh Chandra Hospital; Mittal Dental Clinic and Implant Centre; Dr. Aggarwal's Wellness Multispeciality Hospital; Dr Lal Clinic A Pediatric Super specialty Centre; Advance Hair & Skin Care Centre,"Listed as Jag Pravesh Chandra Hospital (JPCH) under the Delhi Government Hospitals section of the Directorate General of Health Services (DGHS). | [""internalMedicine"",""gynecologyAndObstetrics"",""emergencyMedicine"",""generalSurgery"",""internalMedicine"",""internalMedicine"",""gynecologyAndObstetrics"",""emergencyMedicine"",""generalSurgery"",""internalMedicine"",""internalMedicine"",""internalMedicine"",""internalMedicine"",""internalMedicine"",""internalMedicine"",""emergencyMedicine"",""generalSurgery"",""internalMedicine"",""internalMedicine"",""internalMedicine"",""gynecologyAndObstetrics"",""internalMedicine"",""internalMedicine""] | [""Has a surgery department""] | [""Wheelchair accessible entrance and exit"",""Wheelchair accessible in-car parking""] | [""Jag Pravesh Chandra Hospital is a Delhi Government Hospital."",""Listed as a Delhi Government Hospital under the Directorate General of Health Services."",""Casualty and emergency ","[""https://health.delhi.gov.in/health/directorate-general-health-services"",""https://jpch.delhi.gov.in/jpch/contact-us"",""https://rtionline.delhi.gov.in/nodal_officer_details.php"",""https://jpch.delhi.gov.in/"",""https://dmnortheast.delhi.gov.in/public-utility/a-c-n-hospital/"",""https://www.tradeindia.com/jag-pravesh-chandra-hospital-5492116/"",""https://www.homeobook.com/government-hospitals-where-homoeopathic-treatment-available-in-delhinew-delhi/"",""https://www.practo.com/delhi/clinic/jag-pravesh-chandra-hospital-shastri-park/doctors"",""https://health.delhi.gov.in/health/delhi-government-hospitals"",""https://www.justdial.com/Delhi/Jag-Pravesh-Chand-Hospital-Near-Northern-Engineering-College-Near-Seelampur-Metro-Station-Shadara-Shastri-Park/011P1235717441S2I5G4_BZDET"",""https://www.linkedin.com/pub/dir/Dr.+Nadeem/Ahmad/in-0-India"",""https://www.practo.com/delhi/doctor/sarika-gupta-1-oncologist"",""htt"
171,0.6375,uncertainty_band_reduction,"[""higher_uncertainty_level"", ""wide_rate_confidence_intervals"", ""small_observed_facility_sample"", ""high_critical_supply_gap_rate""]",Assam,Karimganj ,referral_or_capacity_candidate,1,0.5060788479697828,0.5055700870311538,0.45,0.6470686600872413,0.76,higher,0.7935,0.95,1.0,0.20654329147389294,1.0,1.0,0.20654329147389294,1.0,1.0,0.20654329147389294,1.0,1.0,0.20654329147389294,1.0,0.0,0.0,0.7934567085261071,Karimganj Civil Hospital,"Blood Bank present at Karimganj Civil Hospital. | [""internalMedicine"",""internalMedicine"",""internalMedicine"",""maternalAndChildHealth"",""internalMedicine"",""internalMedicine"",""internalMedicine"",""internalMedicine"",""internalMedicine"",""internalMedicine"",""internalMedicine"",""hematology"",""internalMedicine"",""internalMedicine"",""internalMedicine"",""generalSurgery"",""internalMedicine"",""internalMedicine"",""internalMedicine"",""internalMedicine"",""internalMedicine"",""orthopedicSurgery"",""internalMedicine"",""maternalFetalMedicineOrPerinatology"",""pediatrics"",""internalMedicine"",""internalMedicine"",""otolaryngology"",""gynecologyAndObstetrics"",""infectiousDiseases"",""endocrinologyAndDiabetesAndMetabolism"",""internalMedicine"",""internalMedicine"",""internalMedicine"",""internalMedicine"",""internalMedicine"",""internalMedicine"",""internalMedicine"",""internalMedicine""] | [""Karimganj Civil Hospital is listed as a COVID-19 vaccination se","[""https://hfw.assam.gov.in/frontimpotentdata/list-of-blood-banks-and-donors"",""https://atalamritabhiyan.assam.gov.in/information-services/detail/aaa-hospitals"",""https://asbtc.assam.gov.in/information-services/donor-organisation"",""http://www.onefivenine.com/india/Listing/Locality/hospitals/Karimganj/Karimganj/Nilambazar"",""https://www.justdial.com/Karimganj/Hospitals-in-Bagbari/nct-10253670"",""https://www.medindia.net/directories/emergency-medical-services/blood-bank/assam/karimganj/index.htm"",""https://www.cashlesshospitalindia.com/blood-bank_karimganj-civil-hospital-blood-bank-karimganj.html"",""https://www.drlogy.com/ayushman-bharat/hospitals/assam/karimganj"",""https://www.facebook.com/BLOODBANKADMIN/"",""https://www.sentinelassam.com/north-east-india-news/assam-news/list-of-covid-19-centres-in-assam-guwahati-covid-vaccine-related-faqs-521005"",""https://www.facebook.com/civilhospitalkarimganj/"","
172,0.6368,semantic_gap_enrichment,"[""high_trust_gap"", ""wide_rate_confidence_intervals"", ""small_observed_facility_sample"", ""high_critical_supply_gap_rate""]",Uttar Pradesh,Sultanpur ,mixed_or_monitor,4,0.46193342776203966,0.5952577172529274,0.85,0.4979287928226537,0.712,medium,0.5555,0.8,1.0,0.5100999795960008,1.0,0.75,0.3006360524426366,0.9544139373553637,0.0,0.0,0.48990002040399916,0.0,0.0,0.48990002040399916,0.25,0.045586062644636216,0.6993639475573634,Suman Hospital; Global Pathology and ECG Centre; Bright Dental Poly Clinic; Skin Glow Clinic,"Healthcare institution providing high-quality medical treatments, surgical procedures, and emergency care services. | [""internalMedicine"",""gynecologyAndObstetrics"",""generalSurgery"",""internalMedicine"",""internalMedicine"",""generalSurgery"",""urology"",""gynecologyAndObstetrics"",""dentistry"",""dermatology"",""internalMedicine"",""dentistry"",""cardiology"",""otolaryngology"",""neurosurgery"",""urology"",""gynecologyAndObstetrics"",""orthopedicSurgery"",""ophthalmology"",""plasticSurgery"",""gastroenterology"",""nephrology"",""surgicalOncology"",""generalSurgery"",""internalMedicine"",""internalMedicine"",""internalMedicine"",""gynecologyAndObstetrics"",""internalMedicine"",""internalMedicine"",""ophthalmology"",""corneaOphthalmology"",""oculoplasticsAndReconstructiveOrbitalSurgery"",""internalMedicine"",""internalMedicine"",""generalSurgery"",""internalMedicine"",""dentistry"",""dermatology"",""internalMedicine"",""gynecologyAndObstetrics"",""generalSurgery"",""","[""https://www.justdial.com/Sultanpur/Suman-Hospital-Gomti-Nagar-Civil-Line/9999P5362-5362-110110124155-W5Z4_BZDET"",""https://www.doctoriduniya.com/hospital/bareilly/suman-hospital-bareilly"",""https://www.practo.com/kanpur/doctors-for-minor-surgery/siddharth-nagar"",""https://www.justdial.com/Sultanpur/Manish-Dental-Clinic-Closed-Down-Sultanpur-HO/9999P5362-5362-221019183553-U8L8_BZDET/photos"",""https://www.hexahealth.com/hospitals/insurance/ayushman-bharat-hospitals-list-in-sultanpur"",""https://www.facebook.com/494691680679155"",""https://www.justdial.com/Bareilly/Suman-Hospital-Model-Town/9999PX581-X581-160513124214-T8J7_BZDET"",""https://www.justdial.com/Bareilly/Suman-hospital-Near-Guru-Govind-Singh-Inter-Collage-Model-Town/9999PX581-X581-140721075023-Z8R9_BZDET"",""https://www.facebook.com/p/Manish-Dental-Clinic-100083634453484/"",""https://www.drlogy.com/ayushman-bharat/hospitals/uttar-pradesh/ba"
173,0.6363,semantic_gap_enrichment,"[""wide_rate_confidence_intervals"", ""small_observed_facility_sample"", ""high_critical_supply_gap_rate""]",Gujarat,Dohad ,mixed_or_monitor,3,0.5943106704438149,0.6196171575430186,0.6,0.6094800734403015,0.729,medium,0.697,0.85,0.6666666666666666,0.2076549551264879,0.9385096847238394,0.6666666666666666,0.2076549551264879,0.9385096847238394,0.3333333333333333,0.0614903152761605,0.7923450448735121,0.0,0.0,0.5615060804490177,0.3333333333333333,0.0614903152761605,0.7923450448735121,"Mahavir Hospital; Zydus Medical College and Hospital, Dahod; Bhavna Hospital","Nilkanth Hospital is a medical hospital located in Maninagar, Ahmedabad on the Daxini society Road in the state of Gujarat in India. Nilkanth Hospital prides as itself one of the good hospital in Ahmedabad city. Build in 200 sq. yards, Nilkanth Hospital is a designed to provide medical services and nursing care of a good standards in branch of medicine. Nilkanth Hospital is one of the best hospitals in ahmedabad offering world class diagnostic, and medical facilities. Nilkanth Hospital is equipped with the latest diagnostic and interventional equipment to take care of in-patient, out-patient and day care of the patient in the most professional manner. At Nilkanth Hospital, we are a team of medical, para-medical, nursing, volunteer and administrative staff working in close co-operation to take care of the patient in a compassionate manner. | [""internalMedicine"",""internalMedicine"",""general","[""https://www.practo.com/ahmedabad/hospital/consultant-physician-daxini-society-1/general-practitioner-ps-130"",""https://www.practo.com/india/hospital/gayatri-hospital-and-research-center-vadaj/about"",""https://www.justdial.com/Surat/Skin-Evolve-Skin-Hair-Laser-Clinic-Opposite-Jeevan-Bharti-School-Beside-Mahavir-Hospital-Nanpura/0261PX261-X261-200205221658-C1S9_BZDET"",""https://www.practo.com/ahmedabad/clinic/shah-s-dental-clinic-and-implant-center-gurukul-road/dentist-ps-8"",""https://www.practo.com/ahmedabad/clinic/dr-jalpa-s-cosmetic-clinic-satellite"",""https://www.practo.com/ahmedabad/clinic/race-knee-clinic-ambawadi/about"",""https://www.practo.com/ahmedabad/clinic/metalia-hospital-and-iccu-saraspur"",""https://www.practo.com/ahmedabad/clinic/savalia-multispeciality-hospital-bapunagar"",""https://www.practo.com/ahmedabad/clinic/aarsh-children-s-orthopedic-hospital-satellite"",""https://www.practo"
174,0.6361,uncertainty_band_reduction,"[""high_trust_gap"", ""higher_uncertainty_level"", ""wide_rate_confidence_intervals"", ""high_critical_supply_gap_rate""]",Uttar Pradesh,Jaunpur ,mixed_or_monitor,6,0.424102927289896,0.515054855623478,0.825,0.4368511132647482,0.679,higher,0.4615,0.7,1.0,0.6096569663469354,0.9999999999999999,1.0,0.6096569663469354,0.9999999999999999,0.16666666666666666,0.03005258587173032,0.563509436563646,0.0,0.0,0.3903430336530645,0.3333333333333333,0.09676933255921683,0.7000116786584712,"Care Dental Speciality Center; Kamaal Nursing Home; Ismail Dental Hospital and Research Center; Shivangi Clinic; Moin Dental Clinic; Purvanchal Speech Therapy And Hearing Aid Clinic,Jaunpur","We offer a comprehensive range of dental services at a dental clinic. | [""dentistry"",""endodontics"",""orthodontics"",""prosthodontics"",""familyMedicine"",""dentistry"",""familyMedicine"",""dentistry"",""endodontics"",""orthodontics"",""dentoalveolarSurgery"",""oralAndMaxillofacialSurgery"",""aestheticDentistry"",""prosthodontics"",""familyMedicine"",""dentistry"",""oralAndMaxillofacialSurgery"",""familyMedicine"",""dentistry"",""endodontics"",""oralAndMaxillofacialSurgery"",""orthodontics"",""familyMedicine"",""dentistry"",""pediatricDentistry"",""orthodontics"",""familyMedicine"",""dentistry"",""familyMedicine""] | [""Performs root canal treatment"",""Offers dental implant procedures"",""Provides cosmetic dentistry services"",""Provides preventative care, restorative procedures, and emergency dental treatments"",""Tooth extraction"",""Teeth whitening treatment"",""Dental filling"",""Root canal treatment"",""TMJ disorder treatment"",""Teeth pain treatment"",""G","[""https://www.caredentalspecialitycenter.com/"",""https://www.facebook.com/338394333629032"",""https://www.facebook.com/941938342491574"",""https://www.caredentalspecialitycenter.com/home"",""https://www.jaunpuronline.in/business/care-dental-speciality-center-40006"",""https://www.justdial.com/Jaunpur/Oral-Surgeon-Doctors-in-Samadhganj/nct-10941607"",""https://www.satnaonline.in/dentists-and-dental-clinics/2847"",""https://www.facebook.com/110753627266000"",""https://www.facebook.com/caredentaljnp/"",""https://maharajganj.uponline.in/dentists-and-dental-clinics/2847"",null,null,null]; [""https://www.facebook.com/KNHDhampur/"",""https://www.justdial.com/Jaunpur/Kamla-Nursing-Home-Near-Roadways-Bus-Stand-R-D-Memorial-Public-School-Machhali-Shahar/9999P5452-5452-230918085414-S3R1_BZDET"",""https://www.justdial.com/Bijnor/Dr-Kamal-Kamal-Nursing-Home-Dhampur/9999P1344-1344-150727192456-Q4C2_BZDET"",""https://www.faceb"
175,0.636,uncertainty_band_reduction,"[""higher_uncertainty_level"", ""wide_rate_confidence_intervals"", ""small_observed_facility_sample"", ""high_critical_supply_gap_rate""]",Uttar Pradesh,Etah ,mixed_or_monitor,2,0.4912653446647781,0.5569368302538871,0.44999999999999996,0.5807597209956685,0.831,higher,0.7496,0.9,0.5,0.09452865480086614,0.9054713451991339,0.5,0.09452865480086614,0.9054713451991339,0.5,0.09452865480086614,0.9054713451991339,0.0,0.0,0.6576280471103807,1.0,0.34237195288961925,1.0,Arogyam ENT Centre; Gathaa Dental & Maxillofacial Surgery Centre,"ENT Specialist Clinic. Our goal is to provide a compassionate professional environment to make your experience comfortable. Our staff is friendly, knowledgable and very helpful in addressing your health and fina...read more | [""otolaryngology"",""familyMedicine"",""otolaryngology"",""familyMedicine"",""otolaryngology"",""familyMedicine""] | [""Offers tympanoplasty"",""Offers adenoidectomy"",""Offers sinus treatment"",""Offers septoplasty"",""Offers mastoidectomy"",""Offers functional endoscopic sinus surgery (FESS)"",""Offers thyroidectomy"",""Offers tonsillectomy"",""Offers stapedectomy"",""Offers myringotomy"",""Offers throat surgery"",""Offers ear surgery"",""Offers treatment for vocal cord polyps"",""Offers treatment for nasal polyps"",""Offers turbinate reduction"",""Performs Tympanoplasty"",""Performs Adenoidectomy"",""Performs Sinus Treatment"",""Performs Septoplasty"",""Performs Mastoidectomy"",""Performs FESS Surgery"",""Performs T","[""https://www.lybrate.com/etah/clinic/arogyam-ent-centre-near-roadways-bus-station"",""https://www.lybrate.com/agra/doctor/dr-oj-kumar-giri-ent-specialist"",""https://www.facebook.com/1040255202824616"",null]; [""https://www.whatclinic.com/dentists/india/etah/gathaa-dental-maxillofacial-surgery-centre"",""https://clinicbooking.com/dentistry/india/uttar-pradesh/etah/gathaa-dental-maxillofacial-surgery-centre"",""http://www.gathaadental.com/"",""https://www.facebook.com/1443221435954631"",""https://www.justdial.com/Etah/Gathaa-Dental-And-Maxillofacial-Surgery-Centre-Near-Ram-Darbar-Etah-Railway-Road/9999P5742-5742-180714150514-U4M5_BZDET"",""https://www.whatclinic.com/dentists/india/agra/implants"",null]"
176,0.635,uncertainty_band_reduction,"[""high_health_need"", ""high_trust_gap"", ""higher_uncertainty_level"", ""wide_rate_confidence_intervals"", ""high_critical_supply_gap_rate""]",Bihar,Darbhanga ,phantom_desert_or_verification_gap,15,0.6563975448536353,0.6134747900203766,0.8,0.5187636673127578,0.691,higher,0.347,0.25,0.9333333333333333,0.7018292244757601,0.9881334113938051,0.7333333333333333,0.4804911034231324,0.8910272389681718,0.06666666666666667,0.011866588606194856,0.2981707755242399,0.13333333333333333,0.0373604698913593,0.3788249920651624,0.26666666666666666,0.1089727610318281,0.5195088965768675,Darbhanga Medical College; I.B.Smriti Arogya Sadan; Paras Global Darbhanga; Sarjug Dental College & Hospital; R. B. Memorial Hospital; Shyama Surgical Sansthan; Parmarthi Dental Clinic; Dr. Global Healthcare & Diabetes Centre (Dr. Naween Kumar),"Darbhanga Medical College and Hospital (DMCH) is a medical institution located in Darbhanga, Bihar, India. It is one of the oldest and prestigious medical colleges in the state, providing education and healthcare services to the region since its establishment. | [""internalMedicine"",""internalMedicine"",""radiology"",""emergencyMedicine"",""internalMedicine"",""internalMedicine"",""internalMedicine"",""emergencyMedicine"",""radiology"",""hematology"",""infectiousDiseases"",""criticalCareMedicine"",""internalMedicine"",""internalMedicine"",""internalMedicine"",""internalMedicine"",""internalMedicine"",""gynecologyAndObstetrics"",""gynecologyAndObstetrics"",""internalMedicine"",""internalMedicine"",""obstetricsAndMaternityCare"",""gynecologyAndObstetrics"",""maternalFetalMedicineOrPerinatology"",""pediatrics"",""ophthalmology"",""otolaryngology"",""internalMedicine"",""infectiousDiseases"",""pathology"",""radiology"",""generalSurgery"",""orthopedicSurg","[""https://bapicon.dmc.edu.in/participant/dr-birendra-kumar-singh/"",""https://bapicon.dmc.edu.in/participant/dr-u-c-jha/"",""https://dmc.edu.in/facilities/hostel/"",""https://dmc.edu.in/"",""https://dmc.edu.in/hospital/blood-bank/"",""https://en.wikipedia.org/wiki/Bihar_(India)"",""https://jhas-bsh.com/undergraduate-medical-education-in-india-need-for-total-modification/"",""https://journals.lww.com/10.4103/jpbs.JPBS_698_20"",""https://en.wikipedia.org/wiki/Darbhanga_Medical_College_and_Hospital"",""https://en.m.wikipedia.org/wiki/List_of_medical_colleges_in_India"",""https://en.wikipedia.org/wiki/List_of_Hospitals_in_Punjab"",""http://wikimapia.org/9226487/Benta-Chowk"",""http://wikimapia.org/9226487/Benta-Chowk"",""https://en.wikipedia.org/wiki/All_India_Institute_of_Medical_Sciences,_Darbhanga"",""https://jmscr.igmpublication.org/home/index.php/archive/154-volume-06-issue-09-september-2018"",""http://rbmschoolofnu"
177,0.6342,uncertainty_band_reduction,"[""higher_uncertainty_level"", ""wide_rate_confidence_intervals"", ""small_observed_facility_sample"", ""high_critical_supply_gap_rate""]",Madhya Pradesh,Mandsaur ,referral_or_capacity_candidate,1,0.4953966005665722,0.499694850959388,0.45,0.6401251992751544,0.759,higher,0.7935,0.95,1.0,0.20654329147389294,1.0,1.0,0.20654329147389294,1.0,1.0,0.20654329147389294,1.0,0.0,0.0,0.7934567085261071,0.0,0.0,0.7934567085261071,Perfect Eye Hospital - Mandsaur,"Eye hospital in Mandsaur, Madhya Pradesh, India. | [""ophthalmology"",""internalMedicine"",""ophthalmology"",""glaucomaOphthalmology"",""cataractAndAnteriorSegmentSurgery"",""retinaAndVitreoretinalOphthalmology"",""internalMedicine"",""ophthalmology"",""internalMedicine"",""ophthalmology"",""pediatricsAndStrabismusOphthalmology"",""internalMedicine"",""internalMedicine"",""ophthalmology"",""internalMedicine"",""ophthalmology"",""internalMedicine""] | [""Stitchless cataract surgery"",""YAG laser for glaucoma and after cataract"",""Glaucoma management and treatment"",""Laser refractive surgery"",""Cataract surgery""] | [""Ophthalmic operating microscope"",""Phacoemulsification system""] | [""Listed as Bajaj General Insurance Company Ltd. cashless network hospital in MADHYA PRADESH"",""Located in Mandsaur, Madhya Pradesh"",""Offers stitchless cataract surgery program"",""Glaucoma treatment program including YAG laser"",""Ophthalmology outpatient ","[""https://www.smcinsurance.com/health-insurance/bajaj-health-insurance/network-hospitals/madhyapradesh"",""https://www.justdial.com/Mandsaur/Perfect-Eye-Hospital-Behind-Dashpur-Kunj-Garden-Nai-Abaadi/9999P7427-7427-231211033806-R7N3_BZDET"",""https://www.facebook.com/102492251876393"",""https://www.justdial.com/Mandsaur/Perfect-Eye-Hospital-Behind-Dashpur-Kunj-No-2-Gol-Chouraha-Nai-Abaadi/9999P7427-7427-140225144614-M6U6_BZDET"",""https://www.bajajfinservhealth.in/hospitals/mandsaur/perfect-eye-hospital-kalakhet"",""https://www.drdata.in/drmazharhussain-eyespecialist"",""https://www.mappls.com/j6jl23"",null]"
178,0.6334,uncertainty_band_reduction,"[""higher_uncertainty_level"", ""wide_rate_confidence_intervals"", ""small_observed_facility_sample"", ""high_critical_supply_gap_rate""]",Telangana,Yadadri Bhuvanagiri ,mixed_or_monitor,2,0.48288479697828146,0.552327529026314,0.44999999999999996,0.5753123649994457,0.805,higher,0.7496,0.9,0.5,0.09452865480086614,0.9054713451991339,0.5,0.09452865480086614,0.9054713451991339,0.5,0.09452865480086614,0.9054713451991339,0.0,0.0,0.6576280471103807,0.0,0.0,0.6576280471103807,"Dr. Bharathi Rao’s Advanced Comprehensive Rehabilitation Services Hyderabad Early Intervention Centre (EIC); All India Institute of Medical Sciences, Bibinagar","Dr.Bharathi Rao’s Advanced Comprehensive Rehabilitation Services from Hyderabad is a Therapy Centre. They work with children and adults with Autism, Down Syndrome, Cerebral Palsy and other intellectual and developmental disabilities. They provide Vocational trainings like – Computer trainings, Candle making , Job Placement trainings , NiOS training. | [""pediatrics"",""physicalMedicineAndRehabilitation"",""pediatricNeurodevelopmentalDisabilities"",""pediatricRehabilitationMedicine"",""occupationalAndVocationalRehabilitation"",""internalMedicine"",""physicalMedicineAndRehabilitation"",""pediatricRehabilitationMedicine"",""geriatricRehabilitation"",""vestibularRehabilitation"",""neuroRehabilitation"",""palliativeRehabilitationAndSupportiveCare"",""occupationalAndVocationalRehabilitation"",""psychiatry"",""familyMedicine"",""physicalMedicineAndRehabilitation"",""physicalMedicineAndRehabilitation""] | [""Offers occupational t","[""https://nayi-disha.org/business/early-intervention-centreeic/dr-bharathi-raos-advanced-comprehensive-rehabilitation-services/"",""https://drbharathiraos.com/"",""https://www.linkcentre.com/profile/bharathiraorehabilitation/"",""https://www.facebook.com/109826711626035"",null]; [""https://pmc.ncbi.nlm.nih.gov/articles/PMC10593368/"",""https://en.wikipedia.org/wiki/All_India_Institute_of_Medical_Sciences,_Bibinagar"",""https://jamanetwork.com/journals/jamanetworkopen/fullarticle/2829788"",""https://www.facebook.com/AIIMSBibinagarHyderabad/"",""https://telanganatoday.com/quality-health-care-facilities-accessible-to-poor-people-in-telangana-energy-minister"",""https://journals.lww.com/jpcd/fulltext/2023/07000/demographic_dynamics_and_the_changing_faces_of.4.aspx"",""https://omeducare.in/PG/college/343/all-india-institute-of-medical-sciences,-bibinagar"",null]"
179,0.6305,uncertainty_band_reduction,"[""higher_uncertainty_level"", ""wide_rate_confidence_intervals"", ""small_observed_facility_sample"", ""high_critical_supply_gap_rate""]",Uttarakhand,Pithoragarh ,mixed_or_monitor,1,0.48365203021718606,0.4932353372672256,0.45,0.6324912285480535,0.719,higher,0.7935,0.95,1.0,0.20654329147389294,1.0,1.0,0.20654329147389294,1.0,1.0,0.20654329147389294,1.0,0.0,0.0,0.7934567085261071,0.0,0.0,0.7934567085261071,B. D. Pandey District Hospital Blood Bank,"Blood bank at B. D. Pandey District Hospital in Pithoragarh, Uttarakhand, India. | [""internalMedicine"",""internalMedicine"",""internalMedicine"",""internalMedicine"",""clinicalPathology"",""internalMedicine"",""internalMedicine""] | [""Provides various medical treatments and surgeries"",""BD Pandey District Hospital does not have documented clinical procedures in the provided content.""] | [] | [""24/7 emergency care"",""Operates a blood bank"",""Offers medicines free of charge"",""B.D Pandey District Hospital is a district hospital located in Pithoragarh, Uttarakhand"",""BD Pandey District Hospital is a government hospital""]","[""https://b-d-pandey-district-hospital-blood-bank.wheree.com/"",""https://www.indiacustomercare.com/pithoragarh-district-all-important-contact-no"",""https://pithoragarh.nic.in/public-utility-category/hospitals/"",""https://www.zoominfo.com/c/b-d-pandey-district-hospital-blood-bank/1336563106"",""https://pithoragarh.nic.in/public-utility/bank-5-6/"",""https://www.mappls.com/xi469n"",null]"
180,0.6285,rate_ci_reduction,"[""high_care_gap"", ""high_health_need"", ""wide_rate_confidence_intervals"", ""small_observed_facility_sample""]",Bihar,Saharsa ,mixed_or_monitor,3,0.675224268177526,0.6641196362965598,0.45,0.6620739119672138,0.875,medium,0.697,0.85,0.3333333333333333,0.0614903152761605,0.7923450448735121,0.3333333333333333,0.0614903152761605,0.7923450448735121,0.3333333333333333,0.0614903152761605,0.7923450448735121,0.6666666666666666,0.2076549551264879,0.9385096847238394,0.0,0.0,0.5615060804490177,Lord Buddha Koshi Medical College & Hospital Saharsa; Dr. Pranjal Shri Hospital (Dr. Ravindra & Dr. Vinita); Shree Narayan Medical Institute and Hospital,"Lord Buddha Koshi Medical College & Hospital, Saharsa was conceived by Lord Buddha Shiksha Pratisthan, a society(Buddhist Minority) registered under Society Registration Act 21 of 1860, Government of Bihar with registration number 033/2002-03. | [""internalMedicine"",""gynecologyAndObstetrics"",""reproductiveEndocrinologyAndInfertility"",""orthopedicSurgery"",""generalSurgery"",""anesthesia"",""pathology"",""radiology"",""otolaryngology"",""ophthalmology"",""pediatrics"",""infectiousDiseases"",""publicHealth"",""internalMedicine"",""radiology"",""generalSurgery"",""pathology"",""internalMedicine"",""internalMedicine"",""pediatrics"",""gynecologyAndObstetrics"",""orthopedicSurgery"",""psychiatry"",""emergencyMedicine"",""criticalCareMedicine"",""radiology"",""pathology"",""internalMedicine"",""internalMedicine""] | [""MRI imaging for diagnostic purposes"",""CT imaging"",""X-ray imaging"",""Ultrasound imaging"",""Pathology testing and reporting"",""Surgical","[""https://lbkmch.org/"",""https://lbkmch.com/"",""http://www.studyguideindia.com/Colleges/Medical/lord-buddha-koshi-medical-college-and-hospital.html"",""https://www.careermarg.com/college/lord-buddha-koshi-medical-college"",""https://www.scribd.com/document/639094200/Bihar-Hospitals-6"",""https://www.facebook.com/103133209262158"",null]; [""https://www.cardiologistindia.com/bihar/saharsa/pranjal-shri-hospital-dr-ravindra-dr-vinita.html"",""http://www.pranjalshrihospital.in/"",""https://www.facebook.com/105697910875858"",""https://www.bajajfinservhealth.in/hospitals/saharsa/pranjal-shri-hospital-sant-nagar"",""https://www.pranjalshrihospital.in/"",""https://www.pranjalshrihospital.in/contact"",null]; [""https://en.wikipedia.org/wiki/Shree_Narayan_Medical_Institute_and_Hospital"",""https://snmih.in/"",""https://www.facebook.com/100830153015544"",""https://cr.linkedin.com/company/shree-narayana-hospital"",null]"
181,0.6285,uncertainty_band_reduction,"[""higher_uncertainty_level"", ""wide_rate_confidence_intervals"", ""small_observed_facility_sample"", ""high_critical_supply_gap_rate""]",Arunachal Pradesh,East Siang ,mixed_or_monitor,1,0.4771600566572238,0.48966475180924635,0.45,0.628271445734078,0.749,higher,0.7935,0.95,1.0,0.20654329147389294,1.0,1.0,0.20654329147389294,1.0,1.0,0.20654329147389294,1.0,0.0,0.0,0.7934567085261071,0.0,0.0,0.7934567085261071,Assa Diagnostics & Nursing Home,"Assa Diagnostics & Nursing Home (ADNH) is a hospital and nursing home in Pasighat, Arunachal Pradesh, established in 1994, offering diagnostics, emergency care, and various medical specialties. | [""internalMedicine"",""gynecologyAndObstetrics"",""ophthalmology"",""otolaryngology"",""pathology"",""urology"",""neurology"",""pediatrics"",""generalSurgery"",""dentistry"",""emergencyMedicine"",""nephrology"",""internalMedicine"",""nephrology""] | [""Provides 24/7 emergency care"",""Performs laparoscopic surgery including appendectomy, cholecystectomy (gallbladder removal), and hernia repairs"",""Performs open surgeries including general surgery, ENT, obstetrics and gynaecology, and orthopaedics"",""Performs urology surgeries including PCNL (kidney stones), URSL, and TURP (prostate)""] | [""Has a highly advanced on-site laboratory""] | [""Provides 24/7 emergency care"",""Has a 24/7 on-site pharmacy"",""Has pediatric specialists availa","[""https://assanursinghome.in/"",""https://www.facebook.com/496196467487460"",""https://www.facebook.com/assanursinghhome/"",null]"
182,0.6266,uncertainty_band_reduction,"[""higher_uncertainty_level"", ""wide_rate_confidence_intervals"", ""small_observed_facility_sample"", ""high_critical_supply_gap_rate""]",Madhya Pradesh,Balaghat ,referral_or_capacity_candidate,1,0.4711992445703494,0.48638630516146547,0.45,0.6243969178776096,0.78,higher,0.7935,0.95,1.0,0.20654329147389294,1.0,1.0,0.20654329147389294,1.0,1.0,0.20654329147389294,1.0,0.0,0.0,0.7934567085261071,0.0,0.0,0.7934567085261071,Shridham Hospitals and Research,"Shridham Hospitals and Research | [""internalMedicine"",""internalMedicine"",""internalMedicine"",""internalMedicine"",""pathology"",""internalMedicine""] | [""""] | [""""] | [""Active status as of 20-12-2025"",""Incorporated on 02-08-2022"",""Age 3.4 years"",""Authorized capital ₹100,000"",""Paid up capital ₹55,000"",""Main line of business: Health And Social Work"",""NIC Code 85300"",""Company category: Private Company"",""Company subCategory: Indian Non-Government Company"",""Company class: Private Company"",""AGM last held on 28 Sep 2023"",""Balance sheet date 31 Mar 2023"",""CIN U85300MP2022PTC062096"",""Registration number 62096"",""RoC: RoC-Gwalior"",""Main activity: Hospital and Medical Care"",""Engages in Medical and dental practice, Nursing, pathology, blood bank services""]","[""https://www.mappls.com/yf3am0"",""https://www.facebook.com/100579332948528"",""https://www.instafinancials.com/company/shridham-multi-therapy-hospital-and-research-private-limited-U85300MP2022PTC062096/company-overview"",""https://tracxn.com/d/legal-entities/india/shridham-multi-therapy-hospital-and-research-private-limited/__rzfGPKV2JjgeY_cuqtVVOrD-o8jSsmBGHrm90SGeiII"",""https://www.zaubacorp.com/SHRIDHAM-MULTI-THERAPY-HOSPITAL-AND-RESEARCH-PRIVATE-LIMITED-U85300MP2022PTC062096"",null]"
183,0.6266,semantic_gap_enrichment,"[""high_trust_gap"", ""wide_rate_confidence_intervals"", ""small_observed_facility_sample"", ""high_critical_supply_gap_rate""]",Uttar Pradesh,Unnao ,mixed_or_monitor,4,0.4414542020774315,0.5839941431263931,0.7999999999999999,0.4846172961276584,0.716,medium,0.6067,0.8,1.0,0.5100999795960008,1.0,0.5,0.15003570882017148,0.8499642911798285,0.0,0.0,0.48990002040399916,0.25,0.045586062644636216,0.6993639475573634,0.5,0.15003570882017148,0.8499642911798285,Sanjeevani Hospital; Surya Hospital; Guru Nanak Hospital; J.p. Nigam Memorial Hospital,"Sanjeevani Hospital is listed on Justdial with 24-hour open service and 12 years in healthcare. | [""internalMedicine"",""internalMedicine"",""internalMedicine"",""otolaryngology"",""dermatology"",""pediatricDermatology"",""cardiology"",""internalMedicine"",""internalMedicine"",""internalMedicine"",""internalMedicine"",""internalMedicine"",""internalMedicine"",""internalMedicine"",""gynecologyAndObstetrics"",""internalMedicine"",""internalMedicine"",""infectiousDiseases"",""psychiatry"",""internalMedicine"",""nephrology"",""gynecologyAndObstetrics"",""pediatrics"",""dentistry"",""internalMedicine"",""internalMedicine"",""dentistry"",""oralAndMaxillofacialSurgery"",""internalMedicine"",""internalMedicine"",""gynecologyAndObstetrics"",""reproductiveEndocrinologyAndInfertility"",""internalMedicine"",""internalMedicine"",""gynecologyAndObstetrics"",""reproductiveEndocrinologyAndInfertility"",""cardiology"",""criticalCareMedicine"",""internalMedicine"",""internalMedicin","[""http://www.healthinsuranceindia.org/cashless_hospital_india/uttar_pradesh.html"",""https://www.docindia.org/doctors/mumbai/dr-dipali-joshi-otolaryngology"",""https://www.docindia.org/doctors/raipur/dr-ujjwala-verma-dermatology"",""https://www.docindia.org/clinics/up/lucknow/momins-physiotherapy-clinic"",""http://www.onefivenine.com/india/Listing/Town/hospitals/Gautam-Buddha-Nagar/Greater-Noida"",""https://www.justdial.com/Allahabad/Charitable-Eye-Hospitals-in-Anapur/nct-11604375"",""http://www.onefivenine.com/india/city/Muzaffarnagar"",""https://www.justdial.com/Kaushambi/Hospitals-in-Kokhraj/nct-10253670"",""http://www.onefivenine.com/india/Listing/Town/hospitals/Sitapur/Khairabad"",""https://www.secondmedic.com/app/doctors-listing/dr-reshma-nigam-obstetrician-gynecologist-in-kanpur"",""https://www.doctoriduniya.com/hospital/deoria/sanjeevani-hospital-deoria"",""https://www.grotal.com/Aligarh/Doctors-ENT-C"
184,0.6253,uncertainty_band_reduction,"[""higher_uncertainty_level"", ""wide_rate_confidence_intervals"", ""small_observed_facility_sample"", ""high_critical_supply_gap_rate""]",Sikkim,East District ,referral_or_capacity_candidate,2,0.5613196411709159,0.4954666933322629,0.45,0.6262950137246581,0.776,higher,0.6883,0.9,1.0,0.34237195288961925,1.0,1.0,0.34237195288961925,1.0,1.0,0.34237195288961925,1.0,0.0,0.0,0.6576280471103807,0.5,0.09452865480086614,0.9054713451991339,Care Diagnostics; Olive Dental Clinic,"Care Diagnostics is a Medical Center located in Gangtok, Sikkim, India. | [""familyMedicine""] | [""Offers digital high-frequency X-ray imaging"",""Provides ultrasound imaging"",""Provides fluoroscopy imaging"",""Performs electrocardiography (ECG)"",""Performs pulmonary function tests (PFT)"",""Offers health check-up packages"",""Pathology, Biochemistry and Microbiology testing and reporting""] | [""Erba EM 200 hematology analyzer"",""New high-frequency digital X-ray system"",""Ultrasound equipment"",""Digital fluoroscopy capability""] | [""Established in 1993"",""Sikkim's first diagnostic center"",""Pathology, Biochemistry and Microbiology tests directed by Dr. Renu Verma (PhD Biochemistry) and Dr. Yogesh Verma (MD Pathology, AIIMS)"",""Radiology services led by Dr. Keshav Giri, MD Radiodiagnosis (AIIMS, New Delhi) first and senior radiologist of Sikkim"",""Outpatient services with appointments for general consultation","[""https://www.facebook.com/241590056314700"",""https://caregangtok.in/"",null]; [""https://rentechdigital.com/smartscraper/business-report-details/india/list-of-dental-clinics-in-sikkim"",""https://doctorcintury.com/"",""https://chotu.com/local/dental-clinics-in-east-sikkim-sikkim-india/ct-18417595/"",""https://telefon-kitab.cybo.com/IN/gangtok/stomatoloji/"",""https://www.justdial.com/Gangtok/Olive-dental-clinic-Sikkim-Government-College-Tadong/9999P3592-3592-191017122114-F2S8_BZDET"",null,null]"
185,0.625,uncertainty_band_reduction,"[""high_trust_gap"", ""higher_uncertainty_level"", ""wide_rate_confidence_intervals"", ""high_critical_supply_gap_rate""]",Haryana,Yamunanagar ,supply_record_quality_problem,12,0.5013574126534467,0.5491271437610152,0.8749999999999999,0.42861511174700756,0.66,higher,0.3601,0.4,1.0,0.7574992425007574,1.0,0.6666666666666666,0.3906175873976139,0.8618821601026385,0.0,0.0,0.2425007574992425,0.16666666666666666,0.04696414761482223,0.44803635738467273,0.25,0.08894003962896138,0.53231033912066,"Eye-Q Super Speciality Eye Hospital; Modern Diagnostic & Research Centre - Plot No-363-364/4 New Railway Road, Gurgaon; Swami Vivekanand Multispeciality Hospital; Aggarwal Hospital; Bansal Dental Care; Sharma Hospital; Ankur Hospital; Satyam Super Speciality Hospital","Certificate Status: Approved | [""ophthalmology"",""internalMedicine"",""internalMedicine"",""ophthalmology"",""internalMedicine"",""internalMedicine"",""internalMedicine"",""internalMedicine"",""ophthalmology"",""cataractAndAnteriorSegmentSurgery"",""refractiveSurgeryOphthalmology"",""retinaAndVitreoretinalOphthalmology"",""glaucomaOphthalmology"",""oculoplasticsAndReconstructiveOrbitalSurgery"",""pediatricsAndStrabismusOphthalmology"",""internalMedicine"",""ophthalmology"",""cataractAndAnteriorSegmentSurgery"",""retinaAndVitreoretinalOphthalmology"",""refractiveSurgeryOphthalmology"",""glaucomaOphthalmology"",""oculoplasticsAndReconstructiveOrbitalSurgery"",""internalMedicine"",""ophthalmology"",""cataractAndAnteriorSegmentSurgery"",""retinaAndVitreoretinalOphthalmology"",""glaucomaOphthalmology"",""refractiveSurgeryOphthalmology"",""pediatricsAndStrabismusOphthalmology"",""oculoplasticsAndReconstructiveOrbitalSurgery"",""internalMedicine"",""opht","[""https://rohtak.gov.in/public-utility/eye-q-super-speciality-eye-hospital/"",""https://hrylabour.gov.in/shops/front/searchResultShops?keyword=A&per_page=246050"",""https://rohtak.gov.in/public-utility-category/hospitals/"",""https://www.eyeqindia.com/hospital/yamunanagar/"",""https://www.eyeqindia.com/hospital/jindal-chowk-hisar/"",""https://www.eyeqindia.com/hospital/sonipat-model-town/"",""https://www.whatclinic.com/laser-eye/india/rewari/eyeq-super-specialty-eye-hospitals-rewari"",""https://www.eyeqindia.com/hospital/bhiwani-dadri-road/"",""https://www.eyeqindia.com/hospital/barwala-road-hisar/"",""https://www.eyeqindia.com/hospital/fatehabad-model-town/"",""https://www.whatclinic.com/eye-clinics/india/gurgaon/eye-q-super-speciality-eye-hospitalnew-railway-road-gurgaon"",""https://www.practo.com/gurgaon/clinic/dr-tooth-dental-studio-golf-course-road/dentist-ps-8"",""https://www.justdial.com/Hissar/Dr-Kapil-"
186,0.6243,semantic_gap_enrichment,"[""high_health_need"", ""wide_rate_confidence_intervals"", ""small_observed_facility_sample"", ""high_critical_supply_gap_rate""]",Jharkhand,Godda ,mixed_or_monitor,4,0.6240557129367328,0.5844249740990087,0.625,0.6033082781862042,0.759,medium,0.6302,0.8,1.0,0.5100999795960008,1.0,0.75,0.3006360524426366,0.9544139373553637,0.5,0.15003570882017148,0.8499642911798285,0.25,0.045586062644636216,0.6993639475573634,0.25,0.045586062644636216,0.6993639475573634,"Sadar Hospital; Ok Dental Clinic; Muskan Polyclinic; Shakuntala Manpatrika Seva Sadan Hospital, Godda","government hospital providing general and emergency care | [""internalMedicine"",""emergencyMedicine"",""internalMedicine"",""internalMedicine"",""emergencyMedicine"",""neurosurgery"",""internalMedicine"",""internalMedicine"",""internalMedicine"",""internalMedicine"",""internalMedicine"",""ophthalmology"",""ophthalmology"",""internalMedicine"",""internalMedicine"",""internalMedicine"",""internalMedicine"",""internalMedicine"",""internalMedicine"",""hematology"",""internalMedicine"",""internalMedicine"",""internalMedicine"",""generalSurgery"",""gynecologyAndObstetrics"",""pulmonology"",""neurosurgery"",""nephrology"",""criticalCareMedicine"",""internalMedicine"",""internalMedicine"",""internalMedicine"",""internalMedicine"",""internalMedicine"",""internalMedicine"",""medicalOncology"",""surgicalOncology"",""radiology"",""internalMedicine"",""internalMedicine"",""internalMedicine"",""internalMedicine"",""gynecologyAndObstetrics"",""internalMedicine"",""internalMedicine"",""gynec","[""https://en.wikipedia.org/wiki/Jamshedpur"",""https://www.telegraphindia.com/jharkhand/jamshedpur-docs-prescribe-vote-pill-rubber-stamps-on-medicine-list-remind-patients-of-democratic-duty/cid/296867"",""https://www.telegraphindia.com/bihar/strongman-whisks-away-doc/cid/1541271"",""https://en.wikipedia.org/wiki/Sakchi"",""https://ayushmancardhospitals.com/chc-pathargama-godda-jharkhand/"",""https://www.justdial.com/Gaya/Public-Hospitals-in-Sherghati-Cherki-Gaya-Road/nct-10393816"",""https://www.onefivenine.com/india/Listing/Locality/hospitals/Godda/Godda/Basmati-Nagar"",""https://www.justdial.com/Nalanda/Hospitals-in-Ekangersarai/nct-10253670"",""https://www.justdial.com/Nalanda/Maternity-Hospitals-in-Islampur/nct-10314263"",""https://www.justdial.com/Gopalganj/Hospitals-in-Jagarnath/nct-10253670/page-3"",""https://www.justdial.com/Khagaria/Sadar-Hospital-Ward-Number-14-Khagaria-Bazar/9999P6244-6244-171003"
187,0.6241,uncertainty_band_reduction,"[""higher_uncertainty_level"", ""wide_rate_confidence_intervals"", ""small_observed_facility_sample"", ""high_critical_supply_gap_rate""]",Tamil Nadu,Ramanathapuram ,mixed_or_monitor,2,0.36496694995278567,0.48747271316229124,0.575,0.49866576443287347,0.753,higher,0.7496,0.9,1.0,0.34237195288961925,1.0,0.5,0.09452865480086614,0.9054713451991339,0.5,0.09452865480086614,0.9054713451991339,0.5,0.09452865480086614,0.9054713451991339,0.0,0.0,0.6576280471103807,Guru Hospital; Aasi Multi Speciality Hospital,"Guru Hospital, Madurai, offers infertility treatment and IVF services and has hosted IVF-related events, including an IVF Babies Reunion. | [""internalMedicine"",""reproductiveEndocrinologyAndInfertility"",""gynecologyAndObstetrics"",""maternalFetalMedicineOrPerinatology"",""gynaecologicSurgery"",""obstetricsAndMaternityCare"",""neonatologyPerinatalMedicine"",""internalMedicine"",""internalMedicine"",""surgicalOncology"",""radiationOncology"",""medicalOncology"",""pediatricHematologyOncology"",""diagnosticRadiology"",""pathology"",""microbiology"",""endoscopyServices"",""transfusionMedicineOrBloodBank"",""prosthesis"",""generalSurgery"",""chemotherapy"",""immunotherapy"",""hormonalTherapy"",""targetedTherapies"",""palliativeCare"",""reconstructiveSurgery"",""internalMedicine"",""internalMedicine"",""gynecologyAndObstetrics"",""reproductiveEndocrinologyAndInfertility"",""internalMedicine"",""medicalOncology"",""surgicalOncology"",""burnAndTraumaPlasticSu","[""http://www.onefivenine.com/india/Listing/Town/hospitals/Ramanathapuram/Ramanathapuram"",""https://infertility-center-madurai.com/"",""https://www.policyx.com/health-insurance/network-hospitals/niva-bupa-madurai-tamil-nadu/"",""https://cancer-treatment-madurai.com/"",""http://www.infertility-center-madurai.com/"",""https://www.whatclinic.com/fertility/india/madurai/guru-hospital"",""https://www.mappls.com/vmyoqk"",""https://www.joonsquare.com/hospitals/blue-modern-hospital-madurai"",""https://www.justdial.com/ta/Dharmapuri/Maternity-Hospitals/nct-10314263"",""http://www.cancer-treatment-madurai.com/"",""https://www.medindia.net/directories/hospitals/guru-hospital-coimbatore-tamil-nadu-12116.htm"",""https://www.sulekha.com/government-hospitals/shenoy-nagar-madurai"",""https://in.linkedin.com/company/guru-hospital"",""https://www.starofservice.in/dir/tamil-nadu/madurai/madurai/dental-work"",""https://www.sulekha.com"
188,0.6222,rate_ci_reduction,"[""high_trust_gap"", ""wide_rate_confidence_intervals"", ""small_observed_facility_sample""]",Rajasthan,Bharatpur ,supply_record_quality_problem,3,0.3722851746931066,0.5641698015467957,0.7999999999999999,0.4651635012023412,0.726,medium,0.6631,0.85,1.0,0.43849391955098227,1.0,0.3333333333333333,0.0614903152761605,0.7923450448735121,0.0,0.0,0.5615060804490177,0.6666666666666666,0.2076549551264879,0.9385096847238394,0.6666666666666666,0.2076549551264879,0.9385096847238394,"ESI Hospitals; Jindal Super Speciality Hospital; Dr Kusum Sharma Multi Speciality Hospital, Gopalgarh, Bharatpur","Network of 4 ESI Hospitals in Haryana as part of Employees State Insurance (ESI) scheme; includes 86 ESI Dispensaries, 3 Ayurvedic Units and 1 Mobile Dispensary. | [""internalMedicine"",""internalMedicine"",""internalMedicine"",""internalMedicine"",""gynecologyAndObstetrics"",""internalMedicine"",""internalMedicine"",""internalMedicine"",""internalMedicine"",""internalMedicine"",""internalMedicine"",""pediatrics"",""internalMedicine"",""generalSurgery"",""pediatrics"",""gynecologyAndObstetrics"",""psychiatry"",""internalMedicine"",""internalMedicine"",""internalMedicine"",""internalMedicine"",""internalMedicine"",""internalMedicine"",""pediatrics"",""gynecologyAndObstetrics"",""orthopedicSurgery"",""cardiology"",""emergencyMedicine"",""internalMedicine"",""internalMedicine"",""internalMedicine"",""internalMedicine"",""internalMedicine"",""ophthalmology"",""otolaryngology"",""gynecologyAndObstetrics"",""dermatology"",""cardiology"",""internalMedicine"",""internalMed","[""https://hryesi.gov.in/hospitals-dispenseries/"",""http://wikimapia.org/39076104/Lakshman-Hospital"",""https://www.onefivenine.com/india/villages/Kota/Kota/Thermal-Colony-Kota"",""https://www.justdial.com/Delhi/Dr-Aparna-K-Near-ESI-Hospital-Gurgaon-Sector-9a/011PXX11-XX11-140228140719-C1Q5_BZDET/overview"",""http://wikimapia.org/31728499/Vardaan-Hospital"",""https://www.justdial.com/Gurgaon/Esic-Hospital-Imt-Near-Sector-Imt-Manesar/011PXX11-XX11-111109144309-E6C5_BZDET"",""http://www.onefivenine.com/india/Places/District/Bhiwani/Hospital"",""http://www.onefivenine.com/india/Places/District/Jodhpur/Hospital"",""https://gngindia.com/architect/esi-hospital-school-faridabad/"",""https://www.practo.com/faridabad/hospital/apurva-hospital-new-industrial-town"",""https://www.clinicspots.com/blog/government-mental-hospital-in-jaipur"",""https://www.mappls.com/753ta1"",""https://www.justdial.com/Kota-Rajasthan/Public-Ho"
189,0.6212,uncertainty_band_reduction,"[""high_trust_gap"", ""higher_uncertainty_level"", ""wide_rate_confidence_intervals"", ""high_critical_supply_gap_rate""]",Haryana,Jind ,supply_record_quality_problem,8,0.3509796978281398,0.4904578621455579,0.8999999999999999,0.3645234432644042,0.687,higher,0.4449,0.6,1.0,0.6755843804891231,1.0,0.5,0.21521252682444186,0.7847874731755582,0.0,0.0,0.3244156195108769,0.125,0.02241690886329617,0.4708948057698615,0.375,0.13684175946152105,0.6942621454161981,"Malik Hospital; Balaji Hospital; Swastik Dental Clinic; Gangaputra Hospital & Research Center; Goel Orthopaedic Centre – JIND, HARYANA; Delhi Hospital and Maternity Home; Deep Eye Care Jind Haryana India; Lakhina Clinic","Malik Eh Hospital is listed as a homeopathic hospital in Model Town, Panipat. | [""internalMedicine"",""internalMedicine"",""allergyAndImmunology"",""colorectalSurgery"",""internalMedicine"",""internalMedicine"",""internalMedicine"",""internalMedicine"",""gynecologyAndObstetrics"",""psychiatry"",""plasticSurgery"",""radiology"",""emergencyMedicine"",""burnAndTraumaPlasticSurgery"",""internalMedicine"",""internalMedicine"",""reproductiveEndocrinologyAndInfertility"",""internalMedicine"",""internalMedicine"",""internalMedicine"",""internalMedicine"",""internalMedicine"",""orthopedicSurgery"",""internalMedicine"",""gastroenterology"",""internalMedicine"",""internalMedicine"",""internalMedicine"",""internalMedicine"",""internalMedicine"",""emergencyMedicine"",""internalMedicine"",""internalMedicine"",""internalMedicine"",""internalMedicine""] | [""Has performed over 7,700 cleft surgeries as a Smile Train partner"",""Provides 24-hour emergency care for plastic and","[""https://hryesi.gov.in/location-of-empanelled-hospitals/"",""https://www.medicineindia.org/hospitals-in-state/haryana"",""https://abhikhojo.com/listing/dhanda-clininc_f2e057ea-f33a-4e65-b18e-524cae8b9911"",""https://www.justdial.com/Panipat/Malik-Eh-Hospital-Opposite-Latif-Garden-Model-Town/9999PX180-X180-230311081944-T2A5_BZDET"",""https://www.facebook.com/shriramhospital.panipat/"",""http://malikhospital.com/"",""https://www.facebook.com/890114991027375"",""https://www.proptiger.com/faridabad/sector-64-76691/hospitals"",""https://www.instagram.com/p/DQ9fUDYEi5T/"",""https://www.facebook.com/287181718386913"",""https://www.policyx.com/health-insurance/network-hospitals/star-health-hansi-haryana/"",""https://www.mappls.com/8vop9t"",""http://www.onefivenine.com/india/Listing/Town/hospitals/Hisar/Hansi_1ai"",""https://www.justdial.com/Panipat/Private-Hospitals-in-Samalkha/nct-10390288"",""https://www.facebook.com/10"
190,0.621,uncertainty_band_reduction,"[""high_trust_gap"", ""higher_uncertainty_level"", ""wide_rate_confidence_intervals""]",Haryana,Palwal ,supply_record_quality_problem,12,0.5316926345609065,0.565811515810118,0.8083333333333333,0.4483330059868565,0.664,higher,0.3689,0.4,1.0,0.7574992425007574,1.0,0.4166666666666667,0.19325746190524656,0.6804926643446272,0.0,0.0,0.2425007574992425,0.3333333333333333,0.13811783989736134,0.609382412602386,0.16666666666666666,0.04696414761482223,0.44803635738467273,Civil Hospital; Sachin Hospital; Apex Hospital; Goyal Nursing Home; Prabha Eye Hospital Palwal; Jindal Hospital & Cancer Centre; Tula Hospital; Daya Hospital,"The civil Hospital in Palwal is headed by Medical Superintendent/Senior Medical Officer. | [""internalMedicine"",""maternalFetalMedicineOrPerinatology"",""familyPlanningAndComplexContraception"",""infectiousDiseases"",""psychiatry"",""internalMedicine"",""internalMedicine"",""internalMedicine"",""internalMedicine"",""internalMedicine"",""internalMedicine"",""internalMedicine"",""internalMedicine"",""orthopedicSurgery"",""generalSurgery"",""orthopedicSpineSurgery"",""jointReconstructionSurgery"",""criticalCareMedicine"",""internalMedicine"",""internalMedicine"",""reproductiveEndocrinologyAndInfertility"",""internalMedicine"",""internalMedicine"",""internalMedicine"",""internalMedicine"",""internalMedicine"",""internalMedicine"",""dentistry"",""orthodontics"",""endodontics"",""dentistry"",""endodontics"",""oralAndMaxillofacialSurgery"",""cosmeticDentistry"",""pediatricDentistry"",""oralMedicine"",""internalMedicine"",""internalMedicine"",""gynecologyAndObstetrics"",","[""https://palwal.gov.in/health/about-us/"",""https://rewari.gov.in/hospitals/"",""https://palwal.gov.in/public-utility/civil-hospital/"",""https://rohtak.gov.in/public-utility-category/hospitals/"",""https://www.proptiger.com/guide/post/violet-metro-line-extended-ballabhgarh-realty-awaits-improved-connectivity"",""https://www.justdial.com/Ambala/Hospitals-in-Naraingarh/nct-10253670"",""http://www.onefivenine.com/india/Listing/Town/hospitals/Gwalior/Dabra"",""http://www.onefivenine.com/india/villages/Fatehabad/Bhattu-Kalan/Gadli"",""https://www.onefivenine.com/india/Places/Taluk/Gadag/Gadag/Hospital"",""https://www.justdial.com/Sonepat/The-Joint-Hospital-Near-By-Civil-Hospital-Delhi-Road/9999PX130-X130-190705121613-K6I8_BZDET"",""http://www.onefivenine.com/india/villages/Karnal/Assandh/Ballah"",""https://www.vinsfertility.com/s/madhya-pradesh/guna/doctor/dr-bhola"",""http://www.onefivenine.com/india/villages/Kol"
191,0.6207,uncertainty_band_reduction,"[""high_trust_gap"", ""higher_uncertainty_level"", ""wide_rate_confidence_intervals"", ""high_critical_supply_gap_rate""]",Rajasthan,Jhunjhunun ,mixed_or_monitor,7,0.3460221907459868,0.4955753628050296,0.8714285714285714,0.37228284503752296,0.691,higher,0.4485,0.65,1.0,0.6456611570247934,1.0,0.8571428571428571,0.48686549668097007,0.9743210440510253,0.0,0.0,0.35433884297520657,0.2857142857142857,0.0822171657090155,0.6410709098517873,0.14285714285714285,0.02567895594897479,0.51313450331903,"Getwell Eye Hospital; Government Ayurvedic Hospital, Kojra; Indu Hospital; Dhukia Hospital; Ravindra Hospital; Jaipur Heart Hospital, Plot No.4. Indira Nagar, Nagar Nigam Ke Peeche, Samudayik ke Saamne, Jhunjhunu; Pulse Hospital","Best Child Specialist, Pediatrician, Children Hospital | [""internalMedicine"",""internalMedicine"",""ophthalmology"",""internalMedicine"",""internalMedicine"",""ophthalmology"",""internalMedicine"",""internalMedicine"",""ophthalmology"",""internalMedicine""] | [""Offers contact lens prescription service""] | [""Wheelchair accessible in-car parking"",""Wheelchair accessible entrance and exit""] | [""Offers nursing care services"",""Listed among Top Hospitals In Alwar on Practo"",""Specializes in ophthalmology"",""Has wheelchair-accessible parking"",""Has wheelchair-accessible entrance and exit"",""Located in Bikaner, Rajasthan, India"",""Has ophthalmologist Dr. Nupur Raina on staff""]; Government Ayurvedic Hospital, Kojra, located in Kojra town, Tehsil Pindwara, District Sirohi, Rajasthan, India. | [""internalMedicine"",""internalMedicine"",""internalMedicine"",""internalMedicine"",""internalMedicine"",""internalMedicine"",""internalMedici","[""https://www.facebook.com/163820916807668"",""https://chotu.com/local/dental-clinics-in-jhujhunu-rajasthan-india/ct-18417955/"",""https://www.justdial.com/Jaipur/Getwell-Eye-Hospital-Near-Adarsh-Nagar-Janta-Colony-Saket-Colony/0141PX141-X141-240327202909-S6I8_BZDET"",""https://www.practo.com/alwar/hospital/thareja-hospital-alwar"",""https://www.justdial.com/Bikaner/Getwell-Eye-Hospital-Near-Sk-Medicose-Patel-Nagar-Sadul-Ganj-New-Shivbari-Road/9999PX151-X151-231230221411-H2D5_BZDET"",""https://www.indiainfo.net/place/shree-shyam-lal-juneja-hospital-4559105"",""https://kivihealth.com/clinic/get-well-eye-hospital-2"",null]; [""https://indiankanoon.org/doc/112415986/"",""https://www.justdial.com/Jaipur/Ek-omkaar-dental-and-optical-hospital-Mahapura/0141PX141-X141-220613231556-R8I5_BZDET/amp"",""http://www.onefivenine.com/india/villages/Jhunjhunu/Udaipurwati/Chanwara"",""http://www.onefivenine.com/india/village"
192,0.6205,semantic_gap_enrichment,"[""high_trust_gap"", ""wide_rate_confidence_intervals"", ""small_observed_facility_sample"", ""high_critical_supply_gap_rate""]",Chhattisgarh,Baloda Bazar ,mixed_or_monitor,3,0.4848914069877242,0.5594365626421687,0.6833333333333333,0.5383575521938426,0.739,medium,0.697,0.85,1.0,0.43849391955098227,1.0,0.6666666666666666,0.2076549551264879,0.9385096847238394,0.3333333333333333,0.0614903152761605,0.7923450448735121,0.3333333333333333,0.0614903152761605,0.7923450448735121,0.3333333333333333,0.0614903152761605,0.7923450448735121,Phatnani's Homoeo Clinic - Samta Colony; Niroma Dental Clinic; Late Chanda Devi Tiwari Hospital,"About Clinic: We like to think that we are an extraordinary practice that is all about you - your potential, your comfort, your health, and your individuality. You are important to us and we strive to h...read more | [""familyMedicine"",""psychiatry"",""familyMedicine"",""psychiatry"",""familyMedicine"",""familyMedicine""] | [""Provides homeopathy treatment"",""Offers homeopathy consultations with Dr. Kavya Phatnani"",""Provides clinic-based adult counselling"",""Offers counselling for suicidal behavior"",""Offers memory improvement therapy"",""Provides patient counselling"",""Provides mental health services"",""Offers marriage/marital counselling"",""Adult counselling"",""Counselling for suicidal behavior"",""Memory improvement counselling"",""Patient counselling"",""Mental health services"",""Marriage/Marital counselling"",""Psychiatry services""] | [""Examination bed"",""Basic clinic equipment visible in clinic images""] | [""Sing","[""https://www.lybrate.com/raipur/clinic/phatnani-s-homoeo-clinic-samta-colony"",""https://www.practo.com/raipur/doctor/dr-kavya-phatnani-1-psychiatrist"",""https://www.docindia.org/doctors/raipur/dr-kavya-phatnani-homeopathy"",""https://www.facebook.com/1816604501908082"",null]; [""https://www.facebook.com/kiranmaurya0191/"",""https://www.facebook.com/592500080902210"",null]; [""https://www.mappls.com/buoz25"",""http://www.cdth.in/"",""https://cdth.in/facilities"",""https://www.facebook.com/cdthbalodabazar/"",""https://www.bajajfinservhealth.in/hospitals/balod-bazer/chanda-devi-tiwari-hospital-baloda-bazar"",null,null]"
193,0.619,uncertainty_band_reduction,"[""high_trust_gap"", ""higher_uncertainty_level"", ""wide_rate_confidence_intervals"", ""high_critical_supply_gap_rate""]",Punjab,Sangrur ,mixed_or_monitor,6,0.4632908404154863,0.5032748745092193,0.6916666666666668,0.46232325679638187,0.669,higher,0.5188,0.7,0.8333333333333334,0.43649056343635395,0.9699474141282697,0.8333333333333334,0.43649056343635395,0.9699474141282697,0.3333333333333333,0.09676933255921683,0.7000116786584712,0.16666666666666666,0.03005258587173032,0.563509436563646,0.0,0.0,0.3903430336530645,"Homi Bhabha Cancer Hospital and Research Centre, Sangrur, Punjab; Sanjivani Hospital; GARG Dental CARE; Jain Family Dental Care & Implant Centre; Grewalz Health Care; Dr. Sahil's Dental Care & Implant Centre","Listed as an affiliated institution of Dr. Dipanjan Biswas; prior to his current position, he was affiliated with Homi Bhabha Cancer Hospital Sangrur. | [""medicalOncology"",""internalMedicine"",""internalMedicine"",""Head and Neck Cancer"",""Breast Cancer"",""GI Cancer"",""Gynecological Cancer"",""Urological Cancer"",""Thoracic Cancer"",""internalMedicine"",""internalMedicine"",""medicalOncology"",""internalMedicine"",""internalMedicine"",""internalMedicine"",""medicalOncology"",""internalMedicine"",""internalMedicine"",""medicalOncology"",""internalMedicine"",""internalMedicine"",""surgicalOncology"",""medicalOncology"",""transplantSurgery"",""anesthesia"",""criticalCareMedicine"",""medicalOncology"",""internalMedicine"",""medicalOncology"",""internalMedicine"",""medicalOncology"",""internalMedicine""] | [""Treats all types of cancers using surgery, radiotherapy and medical oncology—including chemotherapy, immunotherapy, and bone marrow transplant""]","[""https://actrec.gov.in/index.php/node/1363"",""https://en.wikipedia.org/wiki/Tata_Memorial_Centre"",""https://drdipanjanbiswascancercare.com/"",""https://hbchrcv.tmc.gov.in/"",""https://www.justdial.com/Sangrur/Dr-Sukhdev-Batra-Hospital/group"",""https://www.mynextexam.com/college/punjab/sangrur/homi-bhabha-cancer-hospital-sangrur"",""https://www.facebook.com/hbchpunjab/"",""https://cficancer.org/list-of-cancer-centres-in-india/"",""https://hbchrcv.tmc.gov.in/contactus.html"",""https://www.tribuneindia.com/news/punjab/100-yr-old-sangrur-hospital-building-picture-of-neglect-184455/"",""https://in.linkedin.com/company/hbchrc-punjab"",""https://www.worldcancercare.co.in/index-info-gov-hospitals.html"",""https://www.facebook.com/453398721694513"",""https://en.wikipedia.org/wiki/Sangrur"",null]; [""https://www.docindia.org/doctors/pb/ferozepur"",""https://www.practo.com/ludhiana/clinic/pristyn-care-clinic-model-town-exte"
194,0.6189,uncertainty_band_reduction,"[""high_trust_gap"", ""higher_uncertainty_level"", ""wide_rate_confidence_intervals"", ""high_critical_supply_gap_rate""]",Uttar Pradesh,Fatehpur ,supply_record_quality_problem,7,0.3974268177525968,0.4952764790872366,0.8642857142857142,0.4056958525918195,0.651,higher,0.381,0.65,1.0,0.6456611570247934,1.0,1.0,0.6456611570247934,1.0,0.14285714285714285,0.02567895594897479,0.51313450331903,0.0,0.0,0.35433884297520657,0.0,0.0,0.35433884297520657,Ambey Hospital; JPS Children Hospital; Sai Specialised Dental Hospital; City Dental Care; Shree Ram Sanehi Memorial Hospital; Narayan Dental Clinic; Krishna Pathology,"Ambay Hospital is listed among Top Orthopedic Hospitals In Ghaziabad and Indirapuram on Practo. | [""internalMedicine"",""internalMedicine"",""internalMedicine"",""dentistry"",""oralAndMaxillofacialSurgery"",""internalMedicine"",""internalMedicine"",""internalMedicine"",""orthopedicSurgery"",""internalMedicine"",""internalMedicine"",""internalMedicine"",""internalMedicine"",""ophthalmology"",""internalMedicine"",""internalMedicine"",""internalMedicine"",""internalMedicine"",""internalMedicine"",""internalMedicine"",""dentistry"",""internalMedicine"",""internalMedicine"",""internalMedicine"",""internalMedicine"",""internalMedicine"",""internalMedicine"",""internalMedicine"",""internalMedicine"",""internalMedicine"",""internalMedicine"",""internalMedicine"",""internalMedicine"",""internalMedicine"",""internalMedicine"",""internalMedicine"",""internalMedicine"",""internalMedicine"",""pediatrics"",""gynecologyAndObstetrics"",""reproductiveEndocrinologyAndInfertility"",""op","[""http://wikimapia.org/42936298/Ambey-Hospital"",""https://www.practo.com/ghaziabad/clinic/surya-physiotherapy-clinic-home-visit-services-indirapuram"",""https://www.practo.com/ghaziabad/clinic/shiva-dental-clinic-indirapuram/dentist-ps-8"",""https://www.mhmindia.org/search/mhmpc/"",""https://www.medicineindia.org/hospitals-in-state/uttar-pradesh"",""https://www.practo.com/ghaziabad/clinic/smile-dental-habitat-indirapuram-1"",""https://www.practo.com/ghaziabad/doctor/drnitin-orthopedist-1"",""https://www.practo.com/ghaziabad/clinic/nihalani-clinics-indirapuram"",""https://www.practo.com/ghaziabad/hospital/columbia-asia-hospital-nehru-nagar"",""https://www.practo.com/ghaziabad/doctor/dr-vidya-sinha-gynecologist-obstetrician"",""https://www.practo.com/ghaziabad/clinic/param-jyoti-eye-centre-vasundhara"",""https://www.practo.com/ghaziabad/clinic/derma-redefined-by-dr-sampurna-ramprastha-colony"",""https://www.prac"
195,0.6188,semantic_gap_enrichment,"[""high_health_need"", ""wide_rate_confidence_intervals"", ""small_observed_facility_sample"", ""high_critical_supply_gap_rate""]",Bihar,Madhubani ,mixed_or_monitor,4,0.6774669499527856,0.6138011544578378,0.5125,0.6380255822466385,0.76,medium,0.6487,0.8,0.75,0.3006360524426366,0.9544139373553637,0.5,0.15003570882017148,0.8499642911798285,0.5,0.15003570882017148,0.8499642911798285,0.5,0.15003570882017148,0.8499642911798285,0.0,0.0,0.48990002040399916,Madhubani Medical College & Hospital; Ramshila Health Care Hospital; City Hospital; Seva Kutir Clinic and Pathology Center,"A private medical college and hospital in Madhubani, Bihar, India. | [""internalMedicine"",""internalMedicine"",""emergencyMedicine"",""radiology"",""pathology"",""criticalCareMedicine"",""internalMedicine"",""internalMedicine"",""internalMedicine"",""internalMedicine"",""internalMedicine"",""ophthalmology"",""otolaryngology"",""gynecologyAndObstetrics"",""pediatrics"",""generalSurgery"",""orthopedicSurgery"",""physicalMedicineAndRehabilitation"",""pathology"",""emergencyMedicine"",""neonatologyPerinatalMedicine"",""criticalCareMedicine"",""radiology"",""clinicalPathology"",""internalMedicine"",""internalMedicine"",""internalMedicine"",""emergencyMedicine"",""criticalCareMedicine"",""internalMedicine"",""internalMedicine"",""internalMedicine"",""internalMedicine"",""internalMedicine"",""cardiology"",""pediatricCardiology"",""maternalFetalMedicineOrPerinatology"",""internalMedicine"",""internalMedicine"",""cardiology"",""pediatricCardiology"",""emergencyMedicine"",""criti","[""https://www.justdial.com/Madhubani/Dental-Hospitals-in-Madhwapur/nct-11273042"",""https://en.wikipedia.org/wiki/Madhubani_Medical_College_and_Hospital"",""http://www.mmcworld.org/"",""https://www.scribd.com/document/639094200/Bihar-Hospitals-6"",""https://argroupofeducation.com/prasad-institute-of-medical-sciences-lucknow/"",""https://www.banodoctor.com/college/jnu-medical-college"",""https://nanakeduteck.com/madhubani-medical-college-hospital-bihar/"",""https://www.collegeaddmission.com/college-detail/madhubani-medical-college-hospital-madhubani-bihar"",""https://www.justdial.com/Madhubani/Dental-Hospitals/nct-11273042"",""https://chotu.com/local/medical-shop-in-madhubani-bihar-india/ct-1667833/"",""https://www.facebook.com/madhubanimedicity/"",""https://www.justdial.com/Madhubani/Diabetologist-Doctors-in-Khutauna/nct-10892682"",""https://www.justdial.com/Madhubani/Hospitals-in-Pandaul/nct-10253670/page-3"","""
196,0.6183,uncertainty_band_reduction,"[""higher_uncertainty_level"", ""wide_rate_confidence_intervals"", ""high_critical_supply_gap_rate""]",Haryana,Fatehabad ,mixed_or_monitor,6,0.5138692162417374,0.497759647880324,0.6416666666666666,0.4951992010834451,0.681,higher,0.5371,0.7,1.0,0.6096569663469354,0.9999999999999999,0.8333333333333334,0.43649056343635395,0.9699474141282697,0.5,0.18761280689940868,0.8123871931005913,0.16666666666666666,0.03005258587173032,0.563509436563646,0.3333333333333333,0.09676933255921683,0.7000116786584712,"Goyal Hospital; Shree Balaji Multispeciality Hospital; Ankush Diagnostic Lab - Tohana, Fatehabad, Haryana; Parul ENT, Skin & Laser Centre; Sewak Hospital; Madaan Hospital","Goyal Hospital, Faridabad is described as a 50-bedded hospital equipped with a modular operation theatre and a surgical team led by Dr. Kulbhushan Bhartiya, providing gallstone treatment and laparoscopic cholecystectomy services. | [""internalMedicine"",""generalSurgery"",""gynecologyAndObstetrics"",""pediatrics"",""urology"",""radiology"",""colorectalSurgery"",""orthopedicSurgery"",""internalMedicine"",""internalMedicine"",""internalMedicine"",""internalMedicine"",""internalMedicine"",""internalMedicine"",""internalMedicine"",""internalMedicine"",""gynecologyAndObstetrics"",""reproductiveEndocrinologyAndInfertility"",""Gynaeoncology"",""urogynecologyAndReconstructivePelvisSurgery"",""orthopedicSurgery"",""jointReconstructionSurgery"",""reconstructivePlasticSurgery"",""plasticSurgery"",""gynecologyAndObstetrics"",""otolaryngology"",""internalMedicine"",""colorectalSurgery"",""generalSurgery"",""physicalMedicineAndRehabilitation"",""reproductiveEnd","[""https://goyalhospitalfaridabad.com/2025/04/03/gallstone-treatment-at-goyal-hospital-faridabad/"",""https://www.practo.com/faridabad/clinic/rishi-clinic-by-dr-praveen-ballabgarh"",""http://www.onefivenine.com/india/Places/District/Palwal/Hospital"",""http://www.onefivenine.com/india/Listing/Town/hospitals/Hisar/Barwala"",""https://www.justdial.com/Faridabad/Pathology-Labs/nct-10356131"",""https://www.practo.com/faridabad/hospital/singla-hospital-healthcare-centre-sector-54/services"",""https://www.practo.com/faridabad/clinic/social-dentist-sector-70"",""https://www.practo.com/faridabad/clinic/mayfair-dental-clinic-new-industrial-township-5"",""https://www.practo.com/faridabad/doctor/dr-deepa-sethia-gynecologist-obstetrician"",""https://www.practo.com/faridabad/hospital/medicheck-ortho-superspeciality-hospital-sector-46"",""https://www.practo.com/faridabad/clinic/shri-ganga-nursing-home-ballabgarh"",""https:/"
197,0.6167,semantic_gap_enrichment,"[""high_trust_gap"", ""wide_rate_confidence_intervals"", ""high_critical_supply_gap_rate""]",Bihar,Purba Champaran ,mixed_or_monitor,8,0.5527030217186024,0.6014056902853123,0.875,0.49564360379320493,0.711,medium,0.3882,0.6,1.0,0.6755843804891231,1.0,0.875,0.5291051942301386,0.9775830911367038,0.0,0.0,0.3244156195108769,0.0,0.0,0.3244156195108769,0.25,0.07147768885802763,0.5907301208974108,"Rahmania Medical Centre Private Limited; Dhanwantari Allergy & Asthma Clinic; Netrika Eye Care; BMS Health Care Diagnostics; Kdp Memorial Hospital, Chakia; Asha Health Care; Dr. Raj Kumar Deepak (Liver And Gastro Clinic) - Arya Samaj Chowk, Chhatauni Amar, Motihari-845401, Bihar; Madan Raj Nursing Home","Rahmania Medical Centre Private Limited is an unlisted company, incorporated on 08/09/2004. It has its registered office in the State of Bihar, India. CIN U85110BR2004PTC010936 and registration number 010936. | [""internalMedicine"",""internalMedicine"",""ophthalmology"",""internalMedicine"",""internalMedicine"",""internalMedicine"",""internalMedicine"",""familyMedicine"",""pathology"",""internalMedicine"",""internalMedicine"",""familyMedicine"",""internalMedicine"",""internalMedicine"",""cardiology"",""emergencyMedicine"",""internalMedicine"",""ophthalmology""] | ["""",""""] | ["""",""""] | [""Rahmania Medical Center is located in Motihari, Bihar"",""Diagnostic centre offering pathology/laboratory testing services in Motihari, East Champaran."",""Rahmania Medical Centre is an Ayushman Card empanelled hospital in East Champaran, Bihar."",""Rahmania Medical Centre operates under the Ayushman Bharat – PM-JAY program."",""Rahmania Medical Cen","[""https://www.emis.com/php/company-profile/IN/Rahmania_Medical_Centre_Private_Limited_en_5796542.html"",""https://www.justdial.com/Motihari/Netrika-Eye-Care-Opposite-Rahmania-Medical-Center-Motihari/9999P6252-6252-200111170029-E9S8_BZDET"",""https://www.policyx.com/health-insurance/network-hospitals/star-health-motihari-bihar/"",""https://www.instagram.com/reel/DNHobSTN9Oy/"",""http://www.rahmaniamedicalcentre.com/"",""https://www.facebook.com/226443774053282"",""https://www.facebook.com/rahmaniamedicalcentre/posts/rahmania-medical-centre-proudly-presents-a-complete-spectrum-of-healthcare-excel/1319170373558627/"",""https://www.justdial.com/Motihari/Rahmania-Medical-Centre-Bhawanipur-Zirat-Bariyarpur-Bairia/9999P6252-6252-171003160734-R7W9_BZDET"",""https://www.mediyaar.com/east-champaran/labs/biocare-diagnostics-motihari.html"",""https://www.facebook.com/106023461941002"",""https://ayushmancardhospitals.co"
198,0.6166,uncertainty_band_reduction,"[""higher_uncertainty_level"", ""wide_rate_confidence_intervals"", ""small_observed_facility_sample"", ""high_critical_supply_gap_rate""]",Meghalaya,East Garo Hills ,mixed_or_monitor,1,0.4390344664778092,0.4686956772105684,0.45,0.6034898121174586,0.712,higher,0.7935,0.95,1.0,0.20654329147389294,1.0,1.0,0.20654329147389294,1.0,1.0,0.20654329147389294,1.0,0.0,0.0,0.7934567085261071,1.0,0.20654329147389294,1.0,Civil Hospital Williamnagar,"The Mental Health Facility provided in this Hospital is OPD services to the Patients. Also the referral services given to the patient who were hospitalized in the hospital for the illness, other then that the Mental Illness subsequently develop Mental Illness. The patients with the Mental Illness can also be admitted who develop co-morbidly related with other discipline of medicines. | [""psychiatry"",""internalMedicine"",""internalMedicine"",""internalMedicine"",""internalMedicine"",""psychiatry"",""internalMedicine"",""internalMedicine""] | [] | [] | [""Mental Health Facility provides outpatient mental health services (OPD) at Civil Hospital Williamnagar."",""Referral services are provided to patients who were hospitalized for illnesses other than mental illness."",""Patients with mental illness can be admitted if they develop comorbidity with other disciplines of medicine."",""There is no dedicated bed for ","[""https://meghealth.gov.in/CHW.html"",""https://www.facebook.com/meghalayahealth/posts/a-milestone-in-surgical-excellence-at-williamnagar-civil-hospital-in-a-remarkabl/924069109920376/"",""https://mhis.org.in/claims/"",""https://www.medindia.net/directories/hospitals/williamnagar-civil-hospital-williamnagar-meghalaya-94388.htm"",""https://meghealth.gov.in/CHW.html"",""https://mmdsl.in/facilitymap"",null]"
199,0.6163,semantic_gap_enrichment,"[""high_health_need"", ""high_trust_gap"", ""wide_rate_confidence_intervals"", ""high_critical_supply_gap_rate""]",Maharastra,Dhule ,phantom_desert_or_verification_gap,9,0.6420561850802643,0.5995265383213608,0.8000000000000002,0.5445126336624957,0.717,medium,0.4278,0.55,1.0,0.7008472464490407,1.0,0.8888888888888888,0.5649937852319399,0.9801096286728695,0.2222222222222222,0.06322376231222723,0.5474166563271946,0.1111111111111111,0.019890371327130535,0.4350062147680601,0.3333333333333333,0.12058159868274293,0.6458026525009102,Om Sai Hospital; Pawar Hospital; Apna Dental Clinic; Prashant Hospital; Bafana Hospital; Dhiraj Vansh Fertility Centers; Diet House Weight Loss & Wellness Clinic; Anand Dental Clinic,"OM SAI HOSPITAL is a hospital located in Sangamner, Ahmednagar. | [""internalMedicine"",""internalMedicine"",""internalMedicine"",""internalMedicine"",""internalMedicine"",""internalMedicine"",""internalMedicine"",""internalMedicine"",""internalMedicine"",""internalMedicine"",""gynecologyAndObstetrics"",""reproductiveEndocrinologyAndInfertility"",""pediatrics"",""generalSurgery"",""internalMedicine"",""internalMedicine"",""internalMedicine"",""dermatology"",""rheumatology"",""headacheMedicine"",""internalMedicine"",""internalMedicine"",""infectiousDiseases"",""endocrinologyAndDiabetesAndMetabolism"",""preventiveMedicine"",""internalMedicine"",""generalSurgery"",""urology"",""plasticSurgery"",""gynecologyAndObstetrics"",""ophthalmology"",""otolaryngology"",""orthopedicSurgery"",""internalMedicine"",""cardiology"",""oralAndMaxillofacialSurgery"",""dentistry"",""endodontics"",""orthodontics"",""internalMedicine"",""dermatology"",""internalMedicine"",""internalMedicine"",""int","[""https://www.practo.com/en-id/navi%20mumbai/clinic/areeva-medspa-vashi/overview"",""https://www.onefivenine.com/india/Places/Taluk/Nashik/Sinnar/Hospital"",""https://www.onefivenine.com/india/Places/Taluk/Ahmednagar/Kopargaon/Hospital"",""http://www.onefivenine.com/india/Places/Taluk/Nashik/Sinnar/Hospital"",""http://www.onefivenine.com/india/Listing/Town/hospitals/Dhule/Dhule"",""https://www.practo.com/navi-mumbai/clinic/impetus-health-serve-pvt-ltd-kharghar/general-physician-ps-15"",""https://www.practo.com/navi-mumbai/clinic/siddheswar-clinic-panvel/reviews"",""https://www.justdial.com/Mumbai/Ayurvedic-Hospitals/nct-10029727"",""http://www.onefivenine.com/india/villages/Beed/Georai/Kolgaon"",""https://www.justdial.com/Palghar/Om-Sai-Hospital-Behind-Hdfc-Bank-Opposite-J-B-Ludhani-School-Evershine-City-Vasai-East/022PXX22-XX22-130903175836-Y4R8_BZDET"",""http://www.onefivenine.com/india/Listing/Town/hospi"
200,0.6157,rate_ci_reduction,"[""wide_rate_confidence_intervals"", ""small_observed_facility_sample""]",Bihar,Samastipur ,mixed_or_monitor,4,0.5491029272898962,0.5932009419932486,0.6375000000000001,0.5545889675157605,0.744,medium,0.6302,0.8,1.0,0.5100999795960008,1.0,0.25,0.045586062644636216,0.6993639475573634,0.25,0.045586062644636216,0.6993639475573634,0.5,0.15003570882017148,0.8499642911798285,0.25,0.045586062644636216,0.6993639475573634,Akhand Jyoti Eye Hospital; Sub Divisional Hospital Pusa; S V Diagnostic & Imaging Centre; Mata Chandrakala Hospital Trauma & Dental Center,"Upcoming RLJ Akhand Jyoti Eye Hospital Community Centre in Mastichak, Bihar; co-founded by Mrityunjay Tiwary (Co-Founder and CEO) of Akhand Jyoti Eye Hospital; designed to deliver more than 350,000 surgeries per year; in partnership with Sankara Eye Foundation USA. | [""ophthalmology"",""internalMedicine"",""ophthalmology"",""internalMedicine"",""internalMedicine"",""ophthalmology"",""internalMedicine"",""ophthalmology"",""internalMedicine"",""internalMedicine"",""internalMedicine"",""internalMedicine"",""internalMedicine"",""internalMedicine"",""internalMedicine"",""internalMedicine"",""internalMedicine"",""ophthalmology"",""internalMedicine"",""internalMedicine"",""ophthalmology"",""internalMedicine"",""ophthalmology"",""internalMedicine"",""ophthalmology"",""internalMedicine"",""ophthalmology"",""internalMedicine"",""ophthalmology"",""internalMedicine"",""ophthalmology"",""cataractAndAnteriorSegmentSurgery"",""internalMedicine"",""ophthalmology"",""int","[""https://www.instagram.com/popular/medivision-eye-hospital/"",""https://www.justdial.com/Samastipur/Akhand-Jyoti-Eye-Hospital-Near-Kamraon-Takiya-Dalsinghsarai/9999P6274-6274-210319182247-U8C3_BZDET"",""https://en.wikipedia.org/wiki/Akhand_Jyoti_Eye_Hospital"",""https://www.akhandjyoti.org/meet-the-team/strategic-implementation-team/farhan-pettiwala"",""https://savitri.org.uk/about-us/"",""https://www.orbis.org/en/news/2020/india-partners-fight-covid"",""https://www.akhandjyoti.org/about-us"",""https://www.akhandjyoti.org/campaign/1608113503/leave-legacy-of-light"",""https://en.wikipedia.org/wiki/Akhand_Jyoti_Eye_Hospital"",""https://en.wikipedia.org/wiki/Akhand_Jyoti_Eye_Hospital"",""https://en.wikipedia.org/wiki/Akhand_Jyoti_Eye_Hospital"",""https://www.akhandjyoti.org/blog/eye-hospital-ballia"",""https://www.akhandjyoti.org/blog/2019"",""https://www.justdial.com/Bagaha/Akhand-Jyoti-Eye-Hospital-Opposite-Relia"
201,0.6133,semantic_gap_enrichment,"[""high_health_need"", ""high_trust_gap"", ""wide_rate_confidence_intervals"", ""high_critical_supply_gap_rate""]",Gujarat,Sabar Kantha ,phantom_desert_or_verification_gap,7,0.6677880075542965,0.6154037049067428,0.65,0.5814306259629243,0.747,medium,0.5102,0.65,0.8571428571428571,0.48686549668097007,0.9743210440510253,0.5714285714285714,0.2504542304090258,0.8417830777373732,0.2857142857142857,0.0822171657090155,0.6410709098517873,0.0,0.0,0.35433884297520657,0.2857142857142857,0.0822171657090155,0.6410709098517873,Unipath Specialty Laboratory; Vardan Hospital; Smit Dental Clinic; Care Hospital; I Care Eye & Dental Hospital; Shyamal Imaging Centre; Akshar Dental Care,"Unipath Specialty Laboratory Limited is listed as an approved private laboratory for Covid-19 testing in India by the Indian Council of Medical Research (ICMR). | [""pathology"",""infectiousDiseases"",""familyMedicine"",""pathology"",""radiology"",""pathology"",""pathology"",""pathology"",""pathology"",""pathology"",""pathology"",""pathology"",""pathology"",""pathology"",""pathology"",""hematology"",""maternalFetalMedicineOrPerinatology"",""preventiveMedicine"",""pathology"",""pathology"",""familyMedicine"",""pathology"",""pathology"",""pathology"",""pathology"",""pathology"",""pathology"",""pathology"",""pathology"",""pathology""] | [""Conducted Covid-19 testing as an ICMR-approved private laboratory for Covid-19 testing in India (as of March 31, 2020)."","""",""Leukemia (Blood Cancer) diagnostic testing"",""Home sample collection for diagnostic testing"","""",""Performs serology testing"",""Performs histopathology testing"",""Provides RT-PCR testing with rapi","[""https://www.investindia.gov.in/team-india-blogs/approved-private-laboratories-covid-19-testing-india"",""https://www.justdial.com/Anand/Pathology-Labs-in-Piploi/nct-10356131"",""https://in.indeed.com/q-x-ray-,ct-scan,mri-technician-l-gujarat-jobs.html"",""https://www.tofler.in/unipath-specialty-laboratory-himatnagar-llp/company/AAY-9257"",""https://www.tofler.in/qure-hematology-and-oncology-center-llp/company/AAM-3456"",""https://www.tofler.in/qure-hematology-and-oncology-center-llp/company/AAM-3456"",""https://www.zaubacorp.com/UNIPATH-SPECIALTY-LABORATORY-HIMATNAGAR-LLP-AAY-9257"",""https://www.tofler.in/unipath-specialty-laboratory-himatnagar-llp/company/AAY-9257"",""https://www.facebook.com/101993787848923"",""https://www.zaubacorp.com/QURE-HEMATOLOGY-AND-ONCOLOGY-CENTER-LLP-AAM-3456"",""https://www.crunchbase.com/organization/unipath-specialty-laboratory"",""https://www.medifee.com/dc-in-ahmedabad"",""ht"
202,0.6125,semantic_gap_enrichment,"[""high_health_need"", ""high_trust_gap"", ""wide_rate_confidence_intervals"", ""high_critical_supply_gap_rate""]",West Bengal,Maldah ,phantom_desert_or_verification_gap,8,0.6539778092540132,0.6071068234297883,0.6875,0.561472215691222,0.764,medium,0.5127,0.6,0.75,0.40926987910258916,0.9285223111419724,0.75,0.40926987910258916,0.9285223111419724,0.25,0.07147768885802763,0.5907301208974108,0.125,0.02241690886329617,0.4708948057698615,0.625,0.30573785458380187,0.863158240538479,"Dishari Health Pint; Dr. Tanmoy Das Dental Clinic; Malda Medical College and Hospital; Kumar's Dental Clinic; BKG Eye Institute, Old Malda; S.m dental clinic; Green View Nursing Home; Sheshraj Medicare","Dishari Health Point is a health facility listed as 'Dishari Health Point' in Malda district, West Bengal, India. | [""familyMedicine"",""internalMedicine"",""nephrology"",""radiology"",""internalMedicine"",""familyMedicine"",""familyMedicine"",""generalSurgery"",""gynecologyAndObstetrics"",""reproductiveEndocrinologyAndInfertility"",""emergencyMedicine"",""internalMedicine"",""internalMedicine"",""internalMedicine"",""internalMedicine"",""gynecologyAndObstetrics"",""urogynecologyAndReconstructivePelvisSurgery"",""dentistry"",""physicalMedicineAndRehabilitation"",""internalMedicine"",""clinicalPathology"",""familyMedicine"",""internalMedicine"",""ophthalmology"",""internalMedicine"",""internalMedicine"",""gynecologyAndObstetrics"",""urology"",""gastroenterology"",""dermatology"",""generalMedicine"",""generalSurgery"",""internalMedicine""] | [""Offers CT imaging services"",""Offers MRI imaging services"",""Provides laparoscopic and general surgical procedure","[""http://www.healthinsuranceindia.org/cashless_hospital_india/west_bengal.html"",""https://www.scribd.com/document/913445818/Outscraper-20250908060011xs34-Obstetrician-Gynecologist"",""https://www.justdial.com/Malda/Nursing-Homes-in-Atgama/nct-10339808"",""https://www.ambitionbox.com/reviews/dishari-health-point-reviews"",""https://www.mappls.com/place-dishari+health+point+pvt.+ltd.-br-76422-19+bg+road+mokdumpur-732103-malda-west+bengal-320564@zdata=MjQuOTk1NzQrODguMTQ0KzE3KzMyMDU2NCsred"",""https://www.policybazaar.com/network-hospitals/care-health-hospitals-west_bengal-malda/"",""https://justopd.com/clinic/dishari-health-point"",""https://chotu.com/local/dental-clinics-in-malda-west-bengal-india/ct-18418355/"",""https://www.facebook.com/786122971550509"",""https://www.justdial.com/Malda/Dishari-Health-Point-Pvt-Ltd-Near-English-Bazar-Mukdumpur/9999P3512-3512-100204101737-A9P1_BZDET"",""https://rowestbenga"
203,0.612,uncertainty_band_reduction,"[""higher_uncertainty_level"", ""wide_rate_confidence_intervals"", ""small_observed_facility_sample"", ""high_critical_supply_gap_rate""]",Madhya Pradesh,Jhabua ,referral_or_capacity_candidate,1,0.42433899905571293,0.4606131701284154,0.45,0.593937758293096,0.784,higher,0.7935,0.95,1.0,0.20654329147389294,1.0,1.0,0.20654329147389294,1.0,1.0,0.20654329147389294,1.0,0.0,0.0,0.7934567085261071,0.0,0.0,0.7934567085261071,Vardaan Nursing Home,"Listed as Nursing Home and Maternity Hospital on Justdial. | [""gynecologyAndObstetrics"",""internalMedicine"",""internalMedicine"",""gynecologyAndObstetrics"",""geriatricsInternalMedicine"",""internalMedicine"",""familyMedicine"",""internalMedicine"",""pediatrics""] | [] | [""Wheelchair accessible parking"",""Wheelchair accessible entrance and exit""] | [""Vardaan Nursing Home is a hospital"",""Hospital facility located in Ashoknagar, Madhya Pradesh, India"",""Provides pediatric consultation services"",""Treats viral fever"",""Located in Para, Jhabua, Madhya Pradesh""]","[""https://www.justdial.com/Jhabua/Vardaan-Nursing-Home/9999P7392-7392-180415050317-W7G4_BZDET"",""https://www.mappls.com/sbmh4x"",""https://www.facebook.com/301971289928391"",""https://www.justdial.com/Jhabua/Gynaecologist-Obstetrician-Doctors-in-Petlawad/nct-10551087"",""http://www.onefivenine.com/india/villag/Ashoknagar/Ashoknagar"",""https://www.facebook.com/221117888694011"",""https://qksearch.asnp.in/2017/08/vardaan-nursing-home-jhabua.html"",""https://www.justdial.com/Jhabua/Vardaan-Nursing-Home-Jhabua-Ho/9999P7392-7392-130621115206-K7W2_BZDET"",null]"
204,0.6109,semantic_gap_enrichment,"[""high_health_need"", ""wide_rate_confidence_intervals"", ""small_observed_facility_sample"", ""high_critical_supply_gap_rate""]",West Bengal,Birbhum ,mixed_or_monitor,3,0.6099504249291785,0.5615523558433019,0.6000000000000001,0.6196459138557879,0.756,medium,0.5954,0.85,1.0,0.43849391955098227,1.0,1.0,0.43849391955098227,1.0,0.6666666666666666,0.2076549551264879,0.9385096847238394,0.0,0.0,0.5615060804490177,0.0,0.0,0.5615060804490177,Santiniketan Sebaniketan; BNS Ayusmati Hospital; Abhedananda Seva Mongal Hospital,"A medical service provider started in 2018 from Bolpur, West Bengal, functioning under the umbrella of Swadhin Charitable Trust. Recognized as a top nursing home in Bolpur with 24x7 medical staff and emergency services, and capable of handling covid-19 situations. | [""cardiology"",""gastroenterology"",""internalMedicine"",""gynecologyAndObstetrics"",""orthopedicSurgery"",""neurology"",""dentistry"",""generalSurgery"",""pathology"",""radiology"",""emergencyMedicine"",""criticalCareMedicine"",""internalMedicine"",""familyMedicine"",""internalMedicine""] | [""Ultrasound examination"",""Digital X-ray imaging"",""C-arm X-ray imaging"",""Pathology testing"",""General surgical procedures"",""Dental treatments (cosmetic, conventional, preventive)"",""Telemedicine/Online medical consultations"",""24/7 emergency medical services"",""Ambulance services (24/7)""] | [""C-arm X-ray system"",""Digital X-ray imaging system"",""Ultrasound machine"",""Pathol","[""https://santiniketansebaniketan.com/"",""https://www.facebook.com/2003749646373680"",""https://www.facebook.com/santiniketansebaniketan/"",""https://www.facebook.com/1862323053786739"",""http://www.onefivenine.com/india/Listing/Town/hospitals/Birbhum/Nanoor"",null,null]; [""https://in.enrollbusiness.com/BusinessProfile/6366545/BNS-Ayusmati-Hospital"",""https://www.hospitalinformationindia.com/bns-ayusmati-hospital/"",""https://www.facebook.com/bnsayusmatihospital/"",""http://bnsayusmatihospital.com/about/"",""https://www.facebook.com/111677381838099"",null]; [""https://sevamongal.wordpress.com/contact-us/"",""https://www.facebook.com/336965076874974"",null]"
205,0.6085,semantic_gap_enrichment,"[""high_trust_gap"", ""wide_rate_confidence_intervals"", ""high_critical_supply_gap_rate""]",Maharastra,Ratnagiri ,mixed_or_monitor,5,0.5205972615675164,0.5723406396111219,0.7200000000000001,0.5148052240674686,0.743,medium,0.5575,0.75,0.8,0.3755282641185388,0.9637768390302125,0.8,0.3755282641185388,0.9637768390302125,0.2,0.03622316096978745,0.6244717358814613,0.2,0.03622316096978745,0.6244717358814613,0.0,-2.7755575615628914e-17,0.43449149475208104,"Chirayu Hospital; Konkan Cardiac Centre; Dharia Hospital; Dreamzz IVF,Fertility and Test Tube Baby Center; Ratnagiri Test Tube Baby & Research Center","Chirayu Hospital, founded in 2003 by Dr. Ramesh Chavan (1st Surgeon of Rtanagiri) to provide best medical facilities to people of Ratnagiri and Konkan region who had to depend on Mumbai, Pune, Kolhapur for special and critical treatments. | [""internalMedicine"",""gynecologyAndObstetrics"",""orthopedicSurgery"",""ophthalmology"",""urology"",""neurology"",""criticalCareMedicine"",""generalSurgery"",""minimallyInvasiveSurgeryAndEndourology"",""neurosurgery"",""otolaryngology"",""internalMedicine"",""gynecologyAndObstetrics"",""orthopedicSurgery"",""ophthalmology"",""urology"",""neurology"",""neurosurgery"",""otolaryngology"",""criticalCareMedicine"",""generalSurgery"",""internalMedicine"",""internalMedicine"",""gynecology"",""orthopedicSurgery"",""neurosurgery"",""criticalCareMedicine"",""spineNeurosurgery"",""neurosurgery"",""anesthesia"",""generalSurgery"",""surgicalOncology"",""colorectalSurgery"",""hepatopancreatobiliarySurgery"",""addictionPsychiatry"",","[""https://chirayuhospital.org/contact"",""https://www.chirayuhospital.org/"",""http://www.onefivenine.com/india/Listing/Town/hospitals/Osmanabad/Osmanabad"",""https://www.zoominfo.com/c/chirayu-hospital/443815441"",""https://dir.indiamart.com/solapur/medical-surgery-services.html"",""https://www.justdial.com/Osmanabad/Chirayu-Hospital-Near-Old-Post-Office-Shivaji-Chowk/9999P2472-2472-170518134640-R6P9_BZDET"",""https://www.justdial.com/Karimnagar/Geriatric-Trauma-Doctors/nct-13400934"",""https://www.crunchbase.com/organization/chirayu-hospital"",""http://www.onefivenine.com/india/Listing/Locality/hospitals/Osmanabad/Osmanabad/Samata-Main-Road-Samta-Colony"",""https://www.starhealth.in/network-hospitals/star-health-network-hospitals-in-osmanabad-maharashtra/"",""https://www.facebook.com/486746811894059"",null,null]; [""https://www.indiamart.com/konkancardiac-centre-/aboutus.html"",""http://www.konkancardiaccentr"
206,0.6053,uncertainty_band_reduction,"[""higher_uncertainty_level"", ""wide_rate_confidence_intervals"", ""small_observed_facility_sample"", ""high_critical_supply_gap_rate""]",Madhya Pradesh,Sehore ,referral_or_capacity_candidate,1,0.4026794145420208,0.44870039864588473,0.45,0.579859028359196,0.772,higher,0.7935,0.95,1.0,0.20654329147389294,1.0,1.0,0.20654329147389294,1.0,1.0,0.20654329147389294,1.0,1.0,0.20654329147389294,1.0,0.0,0.0,0.7934567085261071,Dr Sisodias New Surya Hospital,"Multi speciality hospital, 24 hour emergency, specialist doctor available 24 hours | [""internalMedicine"",""generalSurgery"",""dentistry"",""gynecologyAndObstetrics"",""orthopedicSurgery"",""radiology"",""pathology"",""emergencyMedicine"",""internalMedicine"",""internalMedicine"",""internalMedicine"",""gynecologyAndObstetrics"",""internalMedicine"",""internalMedicine"",""internalMedicine"",""internalMedicine"",""internalMedicine"",""internalMedicine"",""pathology"",""emergencyMedicine"",""internalMedicine""] | [""Performs gynecology surgery"",""Performs general surgery"",""Performs orthopedic surgery"",""Provides obstetrics and gynecology services"",""Performs ultrasound imaging (sonography)"",""Performs CT scan"",""Performs X-ray imaging"",""Provides pathology testing services""] | [""Ultrasound machine (sonography)"",""X-ray machine"",""CT scanner"",""On-site pathology laboratory"",""Wheel chair accessible in car parking"",""Wheel chair accessible entr","[""https://www.medindia.net/homepages/hospitals/Drcbssisodia"",""https://www.justdial.com/hi/Sehore/NT-Scan-Centres/nct-11688495"",""https://www.justdial.com/Sehore/New-Surya-Hospital-Beside-Gurudwara-Sindhi-Colony/9999P7562-7562-170928105835-A7B8_BZDET"",""https://www.justdial.com/Sehore/Dr-Sisodias-New-Surya-Hospital-Sindhi-Colony/9999P7562-7562-120627145210-D7H7_BZDET"",""https://www.medindia.net/directories/hospitals/government-primary-health-center-sehore-madhya-pradesh-79366.htm"",""https://www.medindia.net/directories/hospitals/jaiswal-hospital-sehore-madhya-pradesh-7273.htm"",""https://www.medindia.net/directories/hospitals/dr-sisodias-new-surya-hospital-sehore-madhya-pradesh-13648.htm"",""https://www.medindia.net/directories/hospitals/government-hospital-sehore-madhya-pradesh-79588.htm"",""https://www.facebook.com/174316823159807"",""https://sehore.mponline.in/guide/hospitals-and-pathological-labs"
207,0.605,uncertainty_band_reduction,"[""higher_uncertainty_level"", ""wide_rate_confidence_intervals"", ""small_observed_facility_sample"", ""high_critical_supply_gap_rate""]",Uttar Pradesh,Etawah ,referral_or_capacity_candidate,2,0.5098559962228517,0.4671616886108276,0.45,0.5928436445084164,0.774,higher,0.6576,0.9,1.0,0.34237195288961925,1.0,1.0,0.34237195288961925,1.0,1.0,0.34237195288961925,1.0,0.0,0.0,0.6576280471103807,0.0,0.0,0.6576280471103807,Om Navjeevan Hospital and Research Centre; Sudha Eye & Multispeciality Care Centre- Etawah,"At Om NavJeevan Hospital & Research Center, we understand that your health and well-being are of utmost importance. We are dedicated to providing comprehensive and compassionate healthcare services, catering to the diverse needs of our community. With a team of skilled medical professionals and state-of-the-art facilities, we strive to deliver exceptional care and ensure your comfort and satisfaction throughout your healthcare journey. | [""internalMedicine"",""orthopedicSurgery"",""gynecologyAndObstetrics"",""pediatrics"",""generalSurgery"",""physicalMedicineAndRehabilitation"",""pathology"",""cardiology"",""ophthalmology"",""internalMedicine"",""internalMedicine"",""internalMedicine"",""generalSurgery"",""orthopedicSurgery"",""gynecologyAndObstetrics"",""pediatrics"",""ophthalmology"",""otolaryngology"",""dentistry"",""generalSurgery"",""pediatrics"",""gynecology"",""internalMedicine"",""pediatrics"",""pediatricCriticalCareMedicine"",","[""https://chotu.com/local/dental-clinics-in-etawah-uttar-pradesh-india/ct-18417612/"",""https://omnavjeevanhospital.org/about/"",""https://www.facebook.com/p/Om-Navjeevan-Hospital-Research-Centre-61566728984888/"",""https://www.myhospitalnow.com/blog/list-of-top-hospital-in-etawah/"",""https://www.facebook.com/443648782168742"",""https://eldercare.nears.me/places/om-navjeevan-hosp-etawah-kandhani-elder-care-guide/"",null]; [""https://www.facebook.com/semcc.etw/"",""https://www.facebook.com/555986847871198"",""https://www.mappls.com/place-sudha+eye+&+multispeciality+care+centre-ramadevi+utsav+garden-numaish+chauraha+baais+khwaja+road-etawah-uttar+pradesh-206001-n99r58@zdata=MjYuNzc5OTkyKzc5LjAwODg1OCsxNytuOTlyNTgrKw==ed"",null]"
208,0.6043,uncertainty_band_reduction,"[""higher_uncertainty_level"", ""wide_rate_confidence_intervals"", ""small_observed_facility_sample"", ""high_critical_supply_gap_rate""]",Uttar Pradesh,Chandauli ,referral_or_capacity_candidate,1,0.39972851746931065,0.4470774052558941,0.45,0.5779409452619345,0.75,higher,0.7935,0.95,1.0,0.20654329147389294,1.0,1.0,0.20654329147389294,1.0,1.0,0.20654329147389294,1.0,0.0,0.0,0.7934567085261071,0.0,0.0,0.7934567085261071,Dravilok Hospital,"Dravilok Hospital Private Limited is majorly in Community, personal & Social Services business from last 22 years and currently, company operations are active. | [""internalMedicine"",""internalMedicine"",""internalMedicine"",""internalMedicine"",""internalMedicine"",""internalMedicine""] | [] | [] | [""Active status"",""Unlisted private company"",""Registered in Kanpur, Uttar Pradesh"",""Registrar Office City: Kanpur"",""Business Activity: Community, personal & Social Services"",""Private hospital located in Chakia, Chandauli"",""Offers internal medicine (Internist) services"",""Always open"",""Open 24/7"",""Offers internal medicine services"",""Dr. V.P. Singh is an internist on staff at Dravilok Hospital Pvt. Ltd, Chakia"",""Legal name is DRAVILOK HOSPITAL PRIVATE LIMITED"",""Entity status is ACTIVE"",""Data source is Ministry of Corporate Affairs"",""Registration authority entity ID is U85110UP2003PTC027567"",""LEI code is 984","[""https://economictimes.indiatimes.com/company/dravilok-hospital-private-limited/U85110UP2003PTC027567"",""https://www.facebook.com/934190279998641"",""https://www.justdial.com/Chandauli/Private-Hospitals-in-Chakia/nct-10390288"",""http://www.onefivenine.com/india/Listing/Town/hospitals/Chandauli/Sahabganj"",""https://www.facebook.com/dravilokhospital/"",""https://www.legalentityidentifier.in/leicert/U85110UP2003PTC027567/"",null]"
209,0.6042,uncertainty_band_reduction,"[""high_health_need"", ""higher_uncertainty_level"", ""wide_rate_confidence_intervals"", ""small_observed_facility_sample"", ""high_critical_supply_gap_rate""]",Bihar,Pashchim Champaran ,referral_or_capacity_candidate,2,0.6246458923512749,0.5302961314814603,0.225,0.6674570769918915,0.839,higher,0.7496,0.9,0.5,0.09452865480086614,0.9054713451991339,0.5,0.09452865480086614,0.9054713451991339,1.0,0.34237195288961925,1.0,0.5,0.09452865480086614,0.9054713451991339,0.0,0.0,0.6576280471103807,"Government Medical College and Hospital, Purnea; Parakh Diagnostic Ad","Government Medical College and Hospital Bettiah is a government medical college and hospital in Bettiah, West Champaran district, Bihar, India. It is funded by the Government of Bihar and affiliated with Bihar University of Health Sciences. The college opened in 2013 and was historically attached to Maharani Janki Kunwar (MJK) hospital. | [""internalMedicine"",""internalMedicine"",""internalMedicine"",""generalSurgery"",""pediatrics"",""gynecologyAndObstetrics"",""ophthalmology"",""radiology"",""internalMedicine"",""internalMedicine"",""internalMedicine"",""generalSurgery"",""pediatrics"",""gynecologyAndObstetrics"",""internalMedicine"",""internalMedicine"",""generalSurgery"",""orthopedicSurgery"",""gynecologyAndObstetrics"",""ophthalmology"",""otolaryngology"",""psychiatry"",""dermatology"",""pediatrics"",""internalMedicine"",""internalMedicine"",""internalMedicine"",""internalMedicine"",""internalMedicine"",""generalSurgery"",""minimallyInvasive","[""https://en.m.wikipedia.org/wiki/List_of_medical_colleges_in_India"",""https://en.wikipedia.org/wiki/Government_Medical_College,_Bettiah"",""https://bodmaseducation.com/government-medical-college-bettiah"",""https://brilliantpala.org/admission-counselling-support/best-medical-colleges/bihar/"",""https://brilliantpala.org/admission-counselling-support/best-medical-colleges/bihar/"",""https://en.wikipedia.org/wiki/Government_Medical_College_and_Hospital,_Purnea"",""https://bodmaseducation.com/government-medical-college-bettiah"",""https://gmcbettiah.org/about-gmc"",""https://gmcbettiah.org/citizen-charter"",""https://www.justdial.com/Bettiah/Maharani-Janki-Kuwar-Hospital-Kali-Bagh-Colony/9999P6254-6254-200316214514-K2T2_BZDET"",""https://www.shiksha.com/college/dumka-medical-college-106171"",""https://www.facebook.com/1664438020468390"",""https://medicaldialogues.in/state-news/bihar/bihar-new-medical-college-in-"
210,0.6037,semantic_gap_enrichment,"[""high_health_need"", ""wide_rate_confidence_intervals"", ""high_critical_supply_gap_rate""]",Chhattisgarh,Surguja ,phantom_desert_or_verification_gap,5,0.6207507082152974,0.5874250352674014,0.54,0.5799049643885263,0.796,medium,0.6517,0.75,0.6,0.23071993220883708,0.8823817688407467,0.6,0.23071993220883708,0.8823817688407467,0.4,0.1176182311592533,0.769280067791163,0.4,0.1176182311592533,0.769280067791163,0.4,0.1176182311592533,0.769280067791163,"Perfect 32 Dental Clinic and Orthodontic Centre; Sankalp Hospital; Dr. Firdosi’s Hospital; Shri Mahavir Hospital Ambikapur, Chhattisgarh; Anil X-Ray & Pathology","Perfect 32 Dental Clinic and Orthodontic Centre | [""dentistry"",""orthodontics"",""orthodontics"",""endodontics"",""familyMedicine"",""familyMedicine"",""dentistry"",""orthodontics"",""dentistry"",""familyMedicine"",""dentistry"",""orthodontics"",""endodontics"",""aestheticDentistry"",""familyMedicine"",""orthodontics"",""familyMedicine"",""familyMedicine"",""orthodontics"",""dentistry"",""oralMedicine"",""radiology"",""endodontics"",""familyMedicine""] | [""Dental Implant Surgery"",""Dental Braces"",""Teeth Aligners"",""Presurgical Orthodontics"",""Wisdom Tooth Extraction"",""Surgical Tooth Extraction"",""Artificial Teeth Implant"",""Dental Extraction"",""Root Canal"",""Scaling and Polishing"",""Provides dental implant services"",""Performs root canal treatment (RCT)"",""Provides scaling and polishing"",""Performs surgical tooth extraction"",""Provides dental extraction"",""Offers braces for adults and teens""] | [""Dental chair with integrated delivery system and ","[""https://www.justdial.com/Ambikapur/Discolored-Tooth-Restoration-Treatment-Doctors-in-Dhandhapur/nct-11947372"",""https://www.justdial.com/Surguja/Gum-Disease-Treatment-in-Ramanujganj/nct-11954934"",""https://www.practo.com/surguja/clinic/perfect-32-dental-clinic-ambikapur"",""https://www.doctoriduniya.com/clinic/ambikapur/perfect-32-dental-clinic-ambikapur"",""https://mapcarta.com/N7288964654"",""https://www.justdial.com/Surguja/Dentists-in-Ramanujganj/nct-10156331"",""https://chotu.com/local/dental-clinics-in-surguja-chattisgarh-india/ct-18419348/"",""https://www.facebook.com/106587817790127"",""https://www.facebook.com/1573397669339794"",""https://www.justdial.com/Ambikapur/Dr-Ajit-Mishra-Perfect-32-Dental-Clinic-and-Orthodontic-Centre-Bramha-Road/9999P7774-7774-131226160110-E3Q1_BZDET"",null]; [""https://www.justdial.com/Ambikapur/Dr-Sanjay-Goyal-Sankalp-Hospital-Behind-District-Hospital-Manipur/9999P7"
211,0.6015,semantic_gap_enrichment,"[""high_trust_gap"", ""wide_rate_confidence_intervals"", ""small_observed_facility_sample"", ""high_critical_supply_gap_rate""]",Telangana,Medak ,mixed_or_monitor,4,0.4771600566572238,0.5536323631452787,0.675,0.5078261016045234,0.711,medium,0.6302,0.8,0.75,0.3006360524426366,0.9544139373553637,0.75,0.3006360524426366,0.9544139373553637,0.25,0.045586062644636216,0.6993639475573634,0.0,0.0,0.48990002040399916,0.5,0.15003570882017148,0.8499642911798285,Pulse Hospital; ESI Hospital; Life Care Super Speciality Hospital; Surya Nursing Home Karimnagar,"Listed among Top Clinics in Hyderabad on Practo. | [""internalMedicine"",""plasticSurgery"",""gynecologyAndObstetrics"",""generalSurgery"",""internalMedicine"",""internalMedicine"",""internalMedicine"",""ophthalmology"",""internalMedicine"",""dentistry"",""internalMedicine"",""internalMedicine"",""internalMedicine"",""gynecologyAndObstetrics"",""otolaryngology"",""urology"",""vascularSurgery"",""orthopedicSurgery"",""ophthalmology"",""reproductiveEndocrinologyAndInfertility"",""dentistry"",""aestheticAndCosmeticSurgery"",""interventionalRadiology"",""peripheralNerveNeurosurgery"",""internalMedicine"",""internalMedicine"",""internalMedicine"",""internalMedicine"",""internalMedicine"",""dermatology"",""internalMedicine"",""headacheMedicine"",""physicalMedicineAndRehabilitation"",""andrologyAndMaleFertility"",""cardiology"",""internalMedicine"",""internalMedicine"",""gynecologyAndObstetrics"",""internalMedicine"",""internalMedicine"",""internalMedicine"",""internalMedicin","[""https://www.practo.com/hyderabad/hospital/anaya-hospital-himayat-nagar"",""https://www.practo.com/hyderabad/clinic/dental-clinic-ameerpet"",""http://www.onefivenine.com/india/Listing/Locality/hospitals/Medak/Medak/Azhampura"",""https://www.practo.com/hyderabad/clinic/eyeland-healthcare-services-secunderabad"",""https://www.practo.com/hyderabad/clinic/bal-gopal-children-clinic-erragadda"",""https://www.practo.com/hyderabad/clinic/clove-dental-mehdipatnam"",""https://www.practo.com/hyderabad/clinic/aditya-health-care-home-begumpet-begumpet"",""https://www.practo.com/hyderabad/hospital/sri-v-care-hospital-nampally/services"",""https://www.practo.com/hyderabad/hospital/pulse-hospital-1-narsingi/services"",""https://www.practo.com/hyderabad/hospital/partha-dental-skin-and-hair-suchitra-circle/services"",""https://www.practo.com/hyderabad/doctor/dr-bharath-kanth-reddy-general-physician"",""https://www.practo.com/"
212,0.6007,uncertainty_band_reduction,"[""higher_uncertainty_level"", ""wide_rate_confidence_intervals"", ""small_observed_facility_sample"", ""high_critical_supply_gap_rate""]",Rajasthan,Baran ,referral_or_capacity_candidate,1,0.38804296506137864,0.44065035143153153,0.45,0.5703453361967787,0.772,higher,0.7935,0.95,1.0,0.20654329147389294,1.0,1.0,0.20654329147389294,1.0,1.0,0.20654329147389294,1.0,1.0,0.20654329147389294,1.0,0.0,0.0,0.7934567085261071,Government District Hospital Dausa,"District Hospital in Dausa, a 250-bed hospital with a separate department for maternal health services. | [""internalMedicine"",""internalMedicine"",""internalMedicine"",""internalMedicine"",""internalMedicine"",""internalMedicine"",""internalMedicine"",""internalMedicine"",""internalMedicine"",""internalMedicine"",""internalMedicine"",""hematology"",""clinicalPathology"",""anatomicPathology""] | [] | [""Hospital bed with side rails in patient ward"",""IV drip stand with IV fluid bag"",""Stethoscope"",""Medical monitor displaying vital signs""] | [""Government district hospital in Dausa"",""Open 24 Hrs"",""Baran Government Hospital Blood Bank operates as a blood bank facility within Baran Government Hospital.""]","[""https://www.facebook.com/272757743347825"",""https://www.rajasthandirect.com/districts/baran/hospitals"",""https://www.facebook.com/621142728266854"",""https://www.scribd.com/document/722094036/GovernmentHospitalList"",""https://www.justdial.com/Dausa/Public-Hospitals-in-Lotwara/nct-10393816"",""https://www.medindia.net/directories/hospitals/government-district-hospital-baran-baran-rajasthan-70929.htm"",""https://www.populationfoundation.in/how-did-my-wife-develop-an-infection/"",""https://www.latlong.net/pois/in/baran/hospitals"",""https://www.facebook.com/200395770829813"",""https://www.justdial.com/Baran/Government-District-Hospital-Gandhi-Colony-Barana/9999P7452-7452-180411014717-L8T2_BZDET"",""https://www.healthfrog.in/laboratory/blood-banks/rajasthan"",null,null]"
214,0.5998,uncertainty_band_reduction,"[""higher_uncertainty_level"", ""wide_rate_confidence_intervals"", ""high_critical_supply_gap_rate""]",Uttar Pradesh,Basti ,mixed_or_monitor,6,0.459395656279509,0.46779918990109837,0.6166666666666668,0.4597913871079966,0.669,higher,0.5657,0.7,0.8333333333333334,0.43649056343635395,0.9699474141282697,0.8333333333333334,0.43649056343635395,0.9699474141282697,0.5,0.18761280689940868,0.8123871931005913,0.3333333333333333,0.09676933255921683,0.7000116786584712,0.16666666666666666,0.03005258587173032,0.563509436563646,"Sant Kabir Eye Hospital; GS Multispeciality Hospital; Shri Krishna Mission Hospital - Dhorika Road Bargadwa Basti Bs, Basti; Prakash Indu Diagnostic Center; Global Hospital; Patel Hospital","Sant Kabir Eye Hospital was established in 2010 under the mentorship of Mr. Nirmal Singh; located in Basti, Uttar Pradesh, India. | [""cataractAndAnteriorSegmentSurgery"",""refractiveSurgeryOphthalmology"",""glaucomaOphthalmology"",""retinaAndVitreoretinalOphthalmology"",""pediatricsAndStrabismusOphthalmology"",""oculoplasticsAndReconstructiveOrbitalSurgery"",""internalMedicine"",""internalMedicine"",""ophthalmology"",""internalMedicine"",""ophthalmology"",""internalMedicine"",""internalMedicine"",""ophthalmology"",""internalMedicine"",""internalMedicine"",""ophthalmology"",""internalMedicine"",""internalMedicine"",""internalMedicine"",""ophthalmology"",""internalMedicine"",""ophthalmology"",""internalMedicine"",""ophthalmology"",""internalMedicine"",""ophthalmology"",""internalMedicine"",""ophthalmology"",""internalMedicine""] | [""Performs eye operations""] | [] | [""Private hospital"",""Specialized ophthalmology eye hospital"",""Has been providing ey","[""https://piecs.org/our-founder-nirmal-singh/"",""https://piecs.org/"",""https://www.medindia.net/directories/hospitals/opec-hospital-basti-uttar-pradesh-69232.htm"",""https://www.latlong.net/pois/in/basti/hospitals"",""https://www.facebook.com/1348445935194703"",""https://www.facebook.com/175994673084296"",""https://www.justdial.com/Basti/Eye-Hospitals-in-Basti-Bs/nct-10196517/page-3"",""https://www.facebook.com/229260427568566"",""https://www.justdial.com/Raebareli/Sant-Kabir-Hospital-Ganesh-Nagar-Behind-Hyundai-Showroom-Rae-Bareli/9999PX535-X535-210928104158-D6V9_BZDET"",""https://chotu.com/local/medical-shop-in-basti-uttar-pradesh-uttar-pradesh-india/ct-1657401/"",""https://santkabireyehospital.piecs.org/"",""https://www.medindia.net/directories/hospitals/khair-memorial-hospital-basti-basti-uttar-pradesh-18807.htm"",""https://www.medindia.net/directories/hospitals/geetanjali-hospital-basti-uttar-pradesh-736"
213,0.5998,semantic_gap_enrichment,"[""wide_rate_confidence_intervals"", ""small_observed_facility_sample"", ""high_critical_supply_gap_rate""]",Karnataka,Hassan ,mixed_or_monitor,4,0.5895302171860245,0.5654359514361191,0.5625,0.5808667059482439,0.746,medium,0.6302,0.8,0.75,0.3006360524426366,0.9544139373553637,0.75,0.3006360524426366,0.9544139373553637,0.5,0.15003570882017148,0.8499642911798285,0.25,0.045586062644636216,0.6993639475573634,0.0,0.0,0.48990002040399916,"Mangala Hospital; Karna Multispeciality Hospital - Shankar Mutt Road, Hassan; Chiguru Child Care Centre; Dr. Mani Super Speciality Hospital and Research Institute","Mangala Hospital is listed among Top Clinics In Baikampady on Practo’s Baikampady page (Mangala Hospital & Mangala Kidney Foundation). | [""internalMedicine"",""internalMedicine"",""internalMedicine"",""psychiatry"",""otolaryngology"",""dentistry"",""radiology"",""nephrology"",""internalMedicine"",""cosmeticDermatology"",""internalMedicine"",""internalMedicine"",""cardiology"",""emergencyMedicine"",""criticalCareMedicine"",""cardiology"",""gynecologyAndObstetrics"",""pediatrics"",""internalMedicine"",""internalMedicine"",""internalMedicine"",""nephrology"",""internalMedicine"",""internalMedicine"",""internalMedicine"",""gynecologyAndObstetrics"",""reproductiveEndocrinologyAndInfertility"",""internalMedicine"",""internalMedicine"",""nephrology"",""nephrology"",""urology"",""internalMedicine"",""internalMedicine"",""internalMedicine"",""internalMedicine"",""medicalOncology"",""cardiology"",""gastroenterology"",""nephrology"",""orthopedicSurgery"",""podiatry"",""infectiousD","[""https://www.apikarnataka.org/office-bearers-details/"",""https://www.practo.com/mangalore/clinic/maruthi-clinic-13-baikampady"",""https://www.practo.com/mangalore/clinic/arogya-multi-speciality-clinic-falnir"",""https://www.practo.com/mangalore/clinic/shricharith-shetty-skin-clinic-derlakatte"",""https://www.justdial.com/Hassan/Doctors-in-Arkalgud/nct-10892680/page-3"",""https://www.cardiologistindia.com/karnataka/hassan/mahalakshmi-manjappa-multispeciality-hospital.html"",""https://www.cardiologistindia.com/karnataka/hassan/mani-super-speciality-hospital-and-research-institute.html"",""https://www.zoominfo.com/c/mangala-hospital/541578487"",""https://www.practo.com/mangalore/clinic/punarvasu-ayurveda-clinic-narendra-modi-road/about"",""https://www.practo.com/mangalore/clinic/orange-dental-clinic-2-narendra-modi-road"",""https://www.policybazaar.com/network-hospitals/iffcos-hospitals-karnataka-hassan/"",""h"
215,0.5994,semantic_gap_enrichment,"[""high_trust_gap"", ""wide_rate_confidence_intervals"", ""high_critical_supply_gap_rate""]",Uttar Pradesh,Kushinagar ,supply_record_quality_problem,5,0.4305949008498584,0.5228393412164101,0.79,0.45630368960099094,0.71,medium,0.5829,0.75,1.0,0.5655085052479191,1.0000000000000002,0.6,0.23071993220883708,0.8823817688407467,0.2,0.03622316096978745,0.6244717358814613,0.2,0.03622316096978745,0.6244717358814613,0.6,0.23071993220883708,0.8823817688407467,Life Line Hospital Kanpur; Sai Hospital; City Multispeciality Hospital & Research Center; Krishna Hospital & Trauma Centre; Veena Hospital Infertility I.V.F. & Laproscopy Center,"Life Line Hospital Kanpur is referenced in the Members List with Praveen Jain MBBS MD listed as a member associated with Life Line Hospital Kanpur. | [""internalMedicine"",""internalMedicine"",""internalMedicine"",""generalMedicine"",""gynecologyAndObstetrics"",""otolaryngology"",""neurosurgery"",""pediatrics"",""urology"",""pulmonology"",""ophthalmology"",""oralAndMaxillofacialSurgery"",""generalSurgery"",""orthopedicSurgery"",""Physiotherapy"",""radiology"",""pathology"",""internalMedicine"",""endocrinologyAndDiabetesAndMetabolism"",""internalMedicine"",""internalMedicine"",""emergencyMedicine"",""internalMedicine"",""endocrinologyAndDiabetesAndMetabolism"",""podiatry"",""podiatricDiabeticLimbSalvageAndWoundCare"",""ophthalmology"",""cardiology"",""internalMedicine"",""internalMedicine"",""otolaryngology"",""gynecologyAndObstetrics"",""internalMedicine"",""internalMedicine"",""gynecologyAndObstetrics"",""otolaryngology"",""neurology"",""neurosurgery"",""pediatr","[""http://www.indiansocietyofhypertension.org/members.jws"",""https://ayushmancardhospitals.com/bhagwati-orthopaedic-hospital-bijnor-bijnor-uttar-pradesh/"",""http://iimtlifeline.com/contact.html"",""https://www.justdial.com/Meerut/Diabetologist-Doctors/nct-10892682/page-3"",""http://www.onefivenine.com/india/Listing/Town/hospitals/Kushi-Nagar/Kaptainganj"",""https://www.justdial.com/Kiratpur/Urologist-Doctors/nct-10892687"",""https://www.practo.com/meerut/clinic/meerut-diabetes-thyroid-and-foot-care-clinic-meerut-city/services"",""https://www.justdial.com/Bijnor/Hospitals-in-Nagina/nct-10253670"",""https://www.zmedhealth.com/h-27051/Chc-Kurawali"",""https://www.practo.com/meerut/clinic/re-gain-dental-clinic-meerut-cantt"",""https://iimtlifeline.com/contact.html"",""https://www.docindia.org/clinics/up/kanpur/nigams-clinic"",""https://www.docindia.org/clinics/up/kanpur/drnupur-kapoor"",""https://www.amarujala.com/u"
216,0.5988,rate_ci_reduction,"[""wide_rate_confidence_intervals"", ""small_observed_facility_sample""]",Madhya Pradesh,Hoshangabad ,supply_record_quality_problem,3,0.48264872521246455,0.558203087665776,0.5666666666666667,0.5368998090399238,0.759,medium,0.7309,0.85,0.6666666666666666,0.2076549551264879,0.9385096847238394,0.3333333333333333,0.0614903152761605,0.7923450448735121,0.3333333333333333,0.0614903152761605,0.7923450448735121,0.6666666666666666,0.2076549551264879,0.9385096847238394,0.3333333333333333,0.0614903152761605,0.7923450448735121,"Narmada Apna Hospital, Hoshangabad; Agrawal Hospital; Rewa Nursing Home","Narmada Apna Hospital is a 111 bedded multi-specialty hospital with Daycare, ICU, NICU, Burn Ward, OPD Dialysis Facilities, Casualty, Private suite, Deluxe rooms, Private rooms, Semi-private rooms, General Ward and recovery rooms etc. | [""orthopedicSurgery"",""neurosurgery"",""criticalCareMedicine"",""anesthesia"",""gynecologyAndObstetrics"",""urology"",""oralAndMaxillofacialSurgery"",""plasticSurgery"",""generalSurgery"",""otolaryngology"",""dermatology"",""nephrology"",""gastroenterology"",""pulmonology"",""cardiologyThrombolysis"",""familyMedicine"",""generalMedicine"",""psychiatry"",""pediatrics"",""endocrinologyAndDiabetology"",""rheumatology"",""neurology"",""obstetricsAndMaternityCare"",""bariatricSurgery"",""pathology"",""radiology"",""internalMedicine"",""internalMedicine"",""orthopedicSurgery"",""criticalCareMedicine"",""gynecologyAndObstetrics"",""urology"",""oralAndMaxillofacialSurgery"",""otolaryngology"",""generalSurgery"",""neurosurgery"",""ne","[""http://www.narmadahealthgroup.com/"",""https://www.narmadahealthgroup.com/"",""https://narmadahealthgroup.com/centers-and-services/hospital/narmada-apna-hospital/"",""https://www.dnb.com/business-directory/company-profiles.narmada_apna_hospital.040abedade69661488c606f4088aed06.html"",""https://www.drlogy.com/ayushman-bharat/hospitals/madhya-pradesh/hoshangabad/narmada-apna-hospital-hoshangabad"",""https://chotu.com/local/dental-clinics-in-hoshangabad-madhya-pradesh-india/ct-18417840/"",""https://www.facebook.com/602411429880031"",""https://www.mappls.com/nxgt43"",""https://www.facebook.com/narmadaapnahospital/"",""https://www.cardiologistindia.com/madhya-pradesh/hoshangabaad-narmadapuram/narmada-apna-hospital.html"",""https://in.linkedin.com/company/narmada-apna-hospital-private-limited"",""https://in.linkedin.com/company/siddhanta-superspeciality-hospital"",""https://www.narmadahealthgroup.com/contact.php"","""
217,0.5987,semantic_gap_enrichment,"[""wide_rate_confidence_intervals"", ""small_observed_facility_sample"", ""high_critical_supply_gap_rate""]",Telangana,Sangareddy ,mixed_or_monitor,3,0.45862842304060436,0.5449919214712529,0.6,0.5212866126282147,0.813,medium,0.7309,0.85,0.6666666666666666,0.2076549551264879,0.9385096847238394,0.6666666666666666,0.2076549551264879,0.9385096847238394,0.3333333333333333,0.0614903152761605,0.7923450448735121,0.3333333333333333,0.0614903152761605,0.7923450448735121,0.3333333333333333,0.0614903152761605,0.7923450448735121,"MNR Dental College and Hospital; M Star Diagnostics; Dr Swathi'S Children Clinic - Nallagandla, Hyderabad","Dental college and hospital located in Sangareddy, Telangana, India. | [""dentistry"",""orthodontics"",""oralMedicine"",""radiology"",""endodontics"",""pathology"",""internalMedicine"",""oralMedicineAndRadiology"",""oralAndMaxillofacialSurgery"",""prosthodontics"",""periodontics"",""orthodontics"",""communityDentistry"",""conservativeDentistry"",""pedodontics"",""endodontics"",""oralPathology"",""dentistry"",""internalMedicine"",""dermatology"",""emergencyMedicine"",""gynecologyAndObstetrics"",""ophthalmology"",""otolaryngology"",""anesthesia"",""pediatrics"",""generalSurgery"",""orthopedicSurgery"",""pulmonology"",""radiology"",""internalMedicine"",""psychiatry"",""pathology"",""internalMedicine"",""internalMedicine"",""internalMedicine"",""orthopedicSurgery"",""internalMedicine"",""oralAndMaxillofacialSurgery"",""oralMedicineAndRadiology"",""oralPathology"",""orthodontics"",""endodontics"",""prosthodontics"",""periodontics"",""pediatricDentistry"",""internalMedicine"",""internal","[""https://pubmed.ncbi.nlm.nih.gov/27891451/"",""https://mnrdch.mnrindia.org/"",""https://mnrmch.mnrindia.org/academics/faculty"",""https://mnrmch.mnrindia.org/aboutus/view"",""https://mnrmch.mnrindia.org/"",""https://ayushmancardhospitals.com/srujan-ortho-and-accident-care-hospital-khammam-telangana/"",""https://www.shiksha.com/college/osmania-medical-college-koti-hyderabad-20813/course-ms-in-orthopaedics-397353"",""https://medicalneetpg.com/college/mnr-dental-college-medak"",""https://www.getmyuniversity.com/university/mnr-medical-college-hospital-sangareddy"",""https://www.facebook.com/p/MNR-Dental-Hospital-100069903001104/"",""https://www.shiksha.com/college/devs-homoeopathic-medical-college-and-hospital-medchal-hyderabad-87171/courses/medicine-and-health-sciences-s"",""https://collegedunia.com/college/63961-mnr-medical-college-and-hospital-sangareddy/faculty"",""https://www.facebook.com/p/MNR-Medical-Colleg"
218,0.5953,semantic_gap_enrichment,"[""high_trust_gap"", ""wide_rate_confidence_intervals"", ""high_critical_supply_gap_rate""]",Assam,Nagaon ,mixed_or_monitor,6,0.5368862134088762,0.5437523296555837,0.75,0.5101602492420854,0.702,medium,0.4798,0.7,1.0,0.6096569663469354,0.9999999999999999,1.0,0.6096569663469354,0.9999999999999999,0.3333333333333333,0.09676933255921683,0.7000116786584712,0.0,0.0,0.3903430336530645,0.5,0.18761280689940868,0.8123871931005913,"ERC Eye Care (Hub Hospital, Silchar); Aarogya Dental Care; Pranay Jyoti Homoeo Chikitshalaya , Dr. A K Barukial; Dentex Care; Mercy Hospital; Haiborgaon Dental & Oral Clinic","SPECIALIZATION: Opthalmology, Eye Care | [""internalMedicine"",""ophthalmology"",""internalMedicine"",""internalMedicine"",""ophthalmology"",""internalMedicine"",""ophthalmology"",""internalMedicine"",""ophthalmology"",""familyMedicine"",""ophthalmology"",""internalMedicine"",""ophthalmology"",""radiology"",""internalMedicine"",""ophthalmology"",""internalMedicine"",""ophthalmology"",""familyMedicine""] | [""Offers surgical services."",""Offers ophthalmic eye surgery services"",""""] | [""CCTV surveillance system on-site"",""X-ray imaging on-site"",""ECG facility on-site"",""Operation theatre on-site"",""Patient ward room on-site"",""Pharmacy on-site"",""Medical room on-site"",""First aid kit available on-site"",""Canteen on-site"",""Parking area on-site"",""Wheelchair accessibility on-site"",""""] | [""Is named ERC Eye Care Hub Hospital"",""Operates as an eye hospital"",""Specializes in ophthalmology and eye care"",""Outpatient department (OPD) services"",""Diag","[""https://www.facebook.com/2259798504058376"",""https://www.mappls.com/place-erc+eye+care+hub+hospital-dimaruguri-nagaon-assam-782003-9T12MY@zdata=MjYuMzUwNTc1KzkyLjcwOTAwNSsxNys5VDEyTVkrK25yed"",""https://www.facebook.com/2368025003432289"",""https://ind.5bestincity.com/eye-hospitals-in-silchar-as"",""https://www.facebook.com/p/ERC-Eye-Care-100089761636571/"",""https://www.facebook.com/ERCeyecare/"",""http://www.onefivenine.com/india/Listing/Town/hospitals/Sonitpur/Bihaguri"",""https://www.joonsquare.com/hospitals/erc-eye-care-hub-hospital-nagaon"",""http://www.onefivenine.com/india/Listing/Locality/hospitals/Nagaon/Nagaon/Choto-Haibor"",""http://www.onefivenine.com/india/Listing/Town/hospitals/Sonitpur/Bihaguri"",null,null]; [""https://www.lybrate.com/nagaon/clinic/aarogya-dental-care-near-christ-jyoti-school"",""https://www.facebook.com/aarogyadental.n/"",""https://www.justdial.com/Nagaon/Aarogya-Dental-Care"
219,0.5953,semantic_gap_enrichment,"[""high_trust_gap"", ""wide_rate_confidence_intervals"", ""high_critical_supply_gap_rate""]",Andhra Pradesh,Kurnool ,phantom_desert_or_verification_gap,8,0.5725330500472142,0.5623122058660488,0.71875,0.5085331222068026,0.761,medium,0.5228,0.6,0.875,0.5291051942301386,0.9775830911367038,0.625,0.30573785458380187,0.863158240538479,0.25,0.07147768885802763,0.5907301208974108,0.5,0.21521252682444186,0.7847874731755582,0.25,0.07147768885802763,0.5907301208974108,"Government General Hospital; ICON KRISHI HOSPITAL; Aditya Nursing Home; Modern Eye Hospital & Research Centre; KIMS Hospitals, Kurnool; Viswabharathi General Hospital; Aarka Hospitals; Orbit Diagnostic Centre","There is 1 Government General Hospital at Kakinada which is a Teaching Hospital providing Tertiary care. | [""internalMedicine"",""internalMedicine"",""gynecologyAndObstetrics"",""ophthalmology"",""infectiousDiseases"",""familyPlanningAndComplexContraception"",""preventiveMedicine"",""adolescentMedicine"",""maternalAndChildHealth"",""radiology"",""dentistry"",""internalMedicine"",""internalMedicine"",""psychiatry"",""internalMedicine"",""internalMedicine"",""internalMedicine"",""dermatology"",""urology"",""internalMedicine"",""internalMedicine"",""infectiousDiseases"",""pulmonology"",""internalMedicine"",""internalMedicine"",""internalMedicine"",""internalMedicine"",""internalMedicine"",""generalSurgery"",""orthopedicSurgery"",""gynecologyAndObstetrics"",""pediatrics"",""ophthalmology"",""psychiatry"",""otolaryngology"",""dermatology"",""medicalOncology"",""neurosurgery"",""neurology"",""pulmonology"",""anesthesia"",""transfusionMedicine"",""nephrology"",""pathology"",""radi","[""https://kurnool.ap.gov.in/public-utility/government-general-hospital/"",""https://kakinada.ap.gov.in/departments/medical-and-health/"",""https://ors.gov.in/copp/dashboard.jsp"",""https://ors.gov.in/copp/dashboard.jsp"",""https://pmc.ncbi.nlm.nih.gov/articles/PMC4755075/"",""https://ors.gov.in/copp/dashboard.jsp"",""https://pubmed.ncbi.nlm.nih.gov/39542995/"",""https://pmc.ncbi.nlm.nih.gov/articles/PMC11932184/"",""https://eluru.ap.gov.in/public-utility-category/hospitals/page/2/"",""https://pmc.ncbi.nlm.nih.gov/articles/PMC7237229/"",""https://ananthapuramu.ap.gov.in/public-utility/government-general-hospital/"",""https://naitik.gov.in/DHR/app_srv/soam/pc_issued.jsp"",""https://pmc.ncbi.nlm.nih.gov/articles/PMC12380396/"",""https://kadapa.ap.gov.in/notice/govt-general-hospital-kadapa-notification-to-procure-6-body-capacity-cold-freezer-boxes-for-use-in-the-mortuary-to-govt-general-hospital-kadapa-from-the-reput"
220,0.5951,uncertainty_band_reduction,"[""high_health_need"", ""higher_uncertainty_level"", ""wide_rate_confidence_intervals"", ""small_observed_facility_sample""]",Odisha,Rayagada ,referral_or_capacity_candidate,1,0.6874409820585458,0.6053192607799734,0.0,0.7649540472449373,0.991,higher,0.7935,0.95,0.0,0.0,0.7934567085261071,0.0,0.0,0.7934567085261071,1.0,0.20654329147389294,1.0,1.0,0.20654329147389294,1.0,1.0,0.20654329147389294,1.0,Christian Hospital Bissamcuttack,"No of Beds: 200; No of Medical Staff: 195; Non-medical Staff: 143; Church Affiliation: JELC; Services Provided: Surgery, Orthopaedics and Anaesthesia, Child Health and Neonatal Services, Ophthalmology, Medicine, Obs-Gynae, Dental and Community Health; Training Provided: ANM, GNM, BSC, DMLT; New Life English Medium School, Mitra Residential School; History: Began in 1954, when a lady doctor from Denmark, Dr. Elizabeth Madsen, heard of the huge health needs in this region & came out to begin work on the verandah of the Church. She trained local people to take on the various tasks needed in a small hospital, all the while going out to nodal villages in the region, to ensure access to care. She led the fledgling institution for the first 22 years, with the support of the Danish Missionary Society. | [""generalSurgery"",""orthopedicSurgery"",""anesthesia"",""pediatrics"",""neonatologyPerinatalMedicine","[""https://www.cmai.org/odisha/41:odisha/248:christian-hospital-bissamcuttack.html"",""https://chbmck.org/"",""https://horizons.tatatrusts.org/2021/august/tata-trusts-christian-hospital-bissamcuttack.html"",""https://www.globalministries.org/a_new_space_for_the_nursing_school/"",""https://www.medindia.net/directories/hospitals/government-hospital-rayagada-odisha-101143.htm"",""https://en.wikipedia.org/wiki/Mission_Hospital"",""https://www.cmai.org/announcements/updates/item/61-odisha.html"",""https://en.m.wikipedia.org/wiki/List_of_hospitals_in_Nagpur"",""https://en.wikipedia.org/wiki/Christian_Hospital,_Bissam_Cuttack"",""https://www.facebook.com/266466787291460"",""https://en.wikipedia.org/wiki/Bissam_Cuttack"",""http://www.geocities.ws/chbfamily/"",null]"
221,0.5947,semantic_gap_enrichment,"[""wide_rate_confidence_intervals"", ""small_observed_facility_sample"", ""high_critical_supply_gap_rate""]",Jammu & Kashmir,Anantnag ,mixed_or_monitor,4,0.5731822474032106,0.5564445680555715,0.5625,0.5702405255894147,0.778,medium,0.6302,0.8,0.75,0.3006360524426366,0.9544139373553637,0.75,0.3006360524426366,0.9544139373553637,0.5,0.15003570882017148,0.8499642911798285,0.25,0.045586062644636216,0.6993639475573634,0.0,0.0,0.48990002040399916,Dr. Muzafar's Advanced Oro-Dental Clinic & Implant Center; Amal Hospital; Life Care Hospital & Diagnostic Centre; John Bishop Memorial Hospital,"Dr. Muzafar's Advanced Oro-Dental Clinic & Implant Center | [""familyMedicine"",""endodontics"",""dentistry"",""dentistry"",""familyMedicine"",""dentistry"",""familyMedicine""] | [""Root canal treatment"",""Endodontic surgeries"",""Performs dental implant procedures"",""Provides dental implant services""] | [""Dental treatment chair with overhead light and instrument tray""] | [""Operates as an advanced oro-dental clinic and dental implant center"",""Has a JustDial listing with a rating of 4.3 based on 3 ratings"",""Provides endodontic and conservative dental treatment"",""Dental implant services offered"",""Located in Anantnag, Jammu and Kashmir"",""Operates as a dental clinic and dental implant center""]; Amal Hospital is a multispeciality hospital located in Anantnag, Jammu and Kashmir, offering chemotherapy services and departments including General Surgery, ENT, Gynecology and Obstetrics, Orthopaedics, Urology, and Me","[""https://www.justdial.com/Anantnag/Dr-Muzafars-Advanced-Oro-Dental-Clinic-Implant-Center-Opposite-District-Hospital-Janglat-Mandi/9999P1932-1932-231017120113-C2F3_BZDET/reviews"",""https://www.facebook.com/182422226714608"",""https://www.justdial.com/Anantnag/Dr-Muzafars-Advanced-Oro-Dental-Clinic-Implant-Center-Opposite-District-Hospital-Janglat-Mandi/9999P1932-1932-231017120113-C2F3_BZDET"",""https://shuru.co.in/profile/slg-dr-muzafars-advanced-oro-denta-dental-clinic-jammu-and-kashmir-cvlix"",null]; [""http://www.amalhospital.com/"",""https://amalhospital.com/"",""https://www.facebook.com/104679461124746"",""https://eldercare.nears.me/places/amal-hospital-anantnag-elder-care-guide/"",""https://gynecologistnearme.in/city/anantnag/amal-hospital/"",null]; [""https://pcpndtjk.jk.gov.in/clinic.php"",""https://www.facebook.com/197647414133209"",""http://www.onefivenine.com/india/Listing/Town/hospitals/Anantnag/"
222,0.5946,semantic_gap_enrichment,"[""high_health_need"", ""wide_rate_confidence_intervals"", ""small_observed_facility_sample"", ""high_critical_supply_gap_rate""]",West Bengal,Bankura ,supply_record_quality_problem,4,0.626180358829084,0.5855935293398019,0.475,0.6046892980162325,0.806,medium,0.6487,0.8,0.5,0.15003570882017148,0.8499642911798285,0.5,0.15003570882017148,0.8499642911798285,0.5,0.15003570882017148,0.8499642911798285,0.75,0.3006360524426366,0.9544139373553637,0.0,0.0,0.48990002040399916,BANKURA NURSING HOME; Bankura Seva Niketan Hospital; Bankura Police Hospital; Swasti Diagnostic Center,"Bankura Nursing Home is recognized as a leading healthcare facility in Bankura, West Bengal, offering a comprehensive range of medical services through a dedicated team of doctors and specialists. Departments include General Medicine; General & Laparoscopic Surgery; Obstetrics & Gynecology; Pediatrics & Neonatology; Orthopedics & Trauma Care; Cardiology; Dermatology; ENT (Ear, Nose and Throat); Ophthalmology; Urology; Neurology & Neurosurgery; Oncology; Pathology & Radiology. Notable doctors associated include Dr. S. K. Das, Dr. Sushmita Mukherjee, and Dr. Tapan Kumar Roy. The hospital offers 24x7 critical care, emergency prioritization, OPD, onsite diagnostic labs and pharmacy. Appointment booking is available via reception or phone, and telemedicine services are available. | [""familyMedicine"",""internalMedicine"",""generalSurgery"",""gynecologyAndObstetrics"",""pediatrics"",""neonatologyPerinat","[""http://ashadip.org/nursinghome-hospital.php"",""https://www.coohom.com/article/comprehensive-guide-to-doctors-at-bankura-nursing-home"",""https://bankuranursinghome.com/opdServices.php"",""http://www.bankuranursinghome.com/"",""https://www.facebook.com/bankuranursinghome.ritawari/"",""https://www.justdial.com/Bankura/City-Nursing-Home-Bankura-Dsb/9999P3242-3242-130816202816-R8A7_BZDET"",""https://www.justdial.com/Bankura/City-Nursing-Home-Bankura-Dsb/9999P3242-3242-130816202816-R8A7_BZDET/photos"",""https://www.justdial.com/Bankura/Hospitals-in-Kanchanpur/nct-10253670"",""http://www.onefivenine.com/india/Listing/Town/hospitals/Bankura/Bankura_1aI"",""https://www.insurancedekho.com/health-insurance/hdfc-ergo/network-hospitals-in-bankura"",""https://www.policyx.com/health-insurance/network-hospitals/aditya-birla-bankura-west-bengal/"",""https://www.facebook.com/750438098647359"",""https://licmedicaltpacenters.b"
223,0.5935,uncertainty_band_reduction,"[""higher_uncertainty_level"", ""wide_rate_confidence_intervals"", ""small_observed_facility_sample"", ""high_critical_supply_gap_rate""]",Rajasthan,Jhalawar ,mixed_or_monitor,2,0.3412417374881964,0.47442384630676715,0.44999999999999996,0.48324437633089046,0.757,higher,0.7803,0.9,0.5,0.09452865480086614,0.9054713451991339,0.5,0.09452865480086614,0.9054713451991339,0.5,0.09452865480086614,0.9054713451991339,0.5,0.09452865480086614,0.9054713451991339,0.0,0.0,0.6576280471103807,Jhalawar Medical College Hospital; Shree Nath Ji Diagnostic Center,"Hospital | [""internalMedicine"",""internalMedicine"",""internalMedicine"",""internalMedicine"",""internalMedicine"",""internalMedicine"",""internalMedicine"",""burnAndTraumaPlasticSurgery"",""internalMedicine"",""internalMedicine"",""internalMedicine"",""internalMedicine"",""internalMedicine"",""generalSurgery"",""pediatrics"",""gynecologyAndObstetrics"",""orthopedicSurgery"",""otolaryngology"",""dermatology"",""psychiatry"",""internalMedicine"",""generalSurgery"",""pediatrics"",""gynecologyAndObstetrics"",""orthopedicSurgery"",""otolaryngology"",""dermatology"",""psychiatry"",""publicHealth""] | [""Abdominal Adhesion Surgery"",""Abdominal Cyst Removal"",""Abdominal Hernia Repair"",""Abdominal Hydatid Cyst (Single Organ)"",""Abdominal Myomectomy"",""Abdominal Procedure for Rectal Prolapse"",""Abdominal Tumor Removal"",""Abdominal Wound Repair"",""Abdomino Perineal repair for Mullerian Anomaly"",""AC Joint reconstruction / Stabilization"",""Adenoid Removal Surgery""","[""http://www.onefivenine.com/india/villag/Jhalawar/Manoharthana"",""https://www.banodoctor.com/college/the-nobel-medical-college-teaching-hospital-nmcth"",""https://www.facebook.com/2266536486695640"",""https://mapcarta.com/N7690809362"",""https://mapcarta.com/N7690809362"",""https://www.banodoctor.com/college/ruhs-college-of-medical-sciences-jaipur"",""https://www.facebook.com/407513206439366"",""https://www.themedicalcounselling.com/doctor/jhalawar-medical-college-jhalawar"",""https://www.banodoctor.com/college/psp-medical-college-hospital-and-research-institute-tamil-nadu"",""https://www.medindia.net/directories/hospitals/jhalawar-hospital-and-medical-college-society-kota-rajasthan-19160.htm"",""http://www.onefivenine.com/india/villag/Jhalawar/Jhalrapatan"",""https://timesofindia.indiatimes.com/city/jaipur/woman-set-afire-for-refusing-marriage-dies-in-hospital/articleshow/66020879.cms"",""https://v4edusoluti"
224,0.5921,semantic_gap_enrichment,"[""high_trust_gap"", ""wide_rate_confidence_intervals"", ""high_critical_supply_gap_rate""]",Jharkhand,Hazaribagh ,phantom_desert_or_verification_gap,9,0.5673984891406988,0.580687027776822,0.7388888888888888,0.49598513130177807,0.76,medium,0.4786,0.55,0.7777777777777778,0.4525833436728054,0.9367762376877727,0.6666666666666666,0.35419734749908977,0.879418401317257,0.1111111111111111,0.019890371327130535,0.4350062147680601,0.2222222222222222,0.06322376231222723,0.5474166563271946,0.2222222222222222,0.06322376231222723,0.5474166563271946,Sheikh Bhikhari Medical College; Hzb Arogyam Multispeciality Hospital; Nidan Healthcare And Research Centre; Lilawati Memorial Dental Clinic; Sharp Eye Foundation; Mansi Diagnostic Centre; Hazaribag College of Dental Sciences and Hospital; Smile World Dental Hospital & Implant Centre,"Sheikh Bhikhari Medical College (earlier name Hazaribag Medical College) is a full-fledged tertiary referral Government Medical college and hospital. The hospital associated with the college is one of the largest hospitals in the Hazaribag district. The college imparts MBBS and was established in 2019. Yearly undergraduate intake is 100 from the year 2019. Affiliated to Vinoba Bhave University and recognised by the Medical Council of India. | [""internalMedicine"",""internalMedicine"",""internalMedicine"",""internalMedicine"",""internalMedicine"",""internalMedicine"",""internalMedicine"",""internalMedicine""] | [""Has no documented clinical procedures listed in the provided content"",""""] | [""No specific medical imaging or equipment details provided"",""""] | [""Tertiary referral government medical college"",""Affiliated to Vinoba Bhave University"",""Recognised by the Medical Council of India"",""Offers MBBS educat","[""https://en.wikipedia.org/wiki/Sheikh_Bhikhari_Medical_College"",""https://www.educatly.com/university/69717/sheikh-bhikhari-medical-college"",""https://www.edufever.com/hazaribagh-medical-college-hazaribagh/"",""https://mbbscouncil.com/listing/hazaribagh-medical-college-jharkhand/"",""https://mbbscouncil.com/listing/hazaribagh-medical-college-jharkhand/"",""https://www.justdial.com/Hazaribagh/Hazaribag-Medical-College-Kolghatti/9999P6546-6546-220701225610-H7U6_BZDET"",""https://bodmaseducation.com/sheikh-bhikhari-medical-college-and-hospital-hazaribagh"",""https://www.facebook.com/108085670976135"",""https://hazaribagmedicalcollege.org/index.php/new/"",null]; [""https://www.justdial.com/Hazaribagh/Dr-Om-Prakash-Hzb-Arogyam-Multispeciality-Hospital-Jhanda-Chowk/9999P6546-6546-200716212358-D9X3_BZDET"",""https://www.facebook.com/hzbarogyam1/posts/meet-the-specialist-specialistcare-laproscopicsurgeon-laprosc"
225,0.5878,uncertainty_band_reduction,"[""higher_uncertainty_level"", ""wide_rate_confidence_intervals"", ""small_observed_facility_sample"", ""high_critical_supply_gap_rate""]",Karnataka,Bidar ,referral_or_capacity_candidate,2,0.4549102927289896,0.4369415516892034,0.45,0.557128937237406,0.787,higher,0.6576,0.9,1.0,0.34237195288961925,1.0,1.0,0.34237195288961925,1.0,1.0,0.34237195288961925,1.0,0.0,0.0,0.6576280471103807,0.0,0.0,0.6576280471103807,Guru Nanak Hospital; Manthale Hospital,"A hospital located in Guru Nanak Colony, Bidar, Karnataka. Treatments listed include Viral Fever and Bone Tumor (Neoplasm). | [""internalMedicine"",""internalMedicine"",""gynecologyAndObstetrics"",""orthopedicSurgery"",""generalSurgery"",""endocrinologyAndDiabetesAndMetabolism"",""infectiousDiseases"",""internalMedicine"",""anesthesia"",""cardiology"",""criticalCareMedicine"",""gastroenterology"",""internalMedicine"",""generalSurgery"",""gynecologyAndObstetrics"",""nephrology"",""neurosurgery"",""orthopedicSurgery"",""pediatrics"",""urology"",""otolaryngology"",""emergencyMedicine"",""internalMedicine"",""anesthesia"",""cardiology"",""criticalCareMedicine"",""gastroenterology"",""nephrology"",""otolaryngology"",""generalSurgery"",""gynecologyAndObstetrics"",""neurosurgery"",""orthopedicSurgery"",""pediatrics"",""urology"",""internalMedicine"",""internalMedicine"",""gynecologyAndObstetrics"",""maternalFetalMedicineOrPerinatology"",""internalMedicine"",""emergencyMedic","[""https://www.medicineindia.org/hospitals-in-city/bidar-karnataka"",""https://www.justdial.com/Bidar/Guru-Nanak-Hospital-Guru-Nanak-Colony-Gurunanak-Colony/9999P8482-8482-100922010102-N8C1_BZDET"",""https://www.facebook.com/bidarpublicnewsBPN/videos/guru-nanak-hospital-successfully-performs-emergency-heart-surgery-on-elderly-pat/821894390670000/"",""https://gurunanakhospitalsbidar.com/about-us/"",""https://gurunanakhospitalsbidar.com/"",""https://www.facebook.com/100068881517176/"",""https://www.365doctor.in/gynecologist-in-bidar"",""https://www.medindia.net/directories/hospitals/gurunanak-hospital-bidar-karnataka-93733.htm"",""https://www.facebook.com/115426075708565"",""https://www.facebook.com/557489234280915"",""https://in.linkedin.com/in/gurunanak-hospital-bidar-a43070253"",""https://www.justdial.com/Bidar/Guru-Nanak-Hospital/9999P8482-8482-220212015149-B6U5_BZDET"",""https://www.facebook.com/3662068432486"
226,0.586,uncertainty_band_reduction,"[""higher_uncertainty_level"", ""wide_rate_confidence_intervals"", ""small_observed_facility_sample"", ""high_critical_supply_gap_rate""]",Rajasthan,Nagaur ,referral_or_capacity_candidate,1,0.341123701605288,0.41484475653068165,0.45,0.5398478149503197,0.789,higher,0.7935,0.95,1.0,0.20654329147389294,1.0,1.0,0.20654329147389294,1.0,1.0,0.20654329147389294,1.0,0.0,0.0,0.7934567085261071,1.0,0.20654329147389294,1.0,City Smile Dental Clinic,"City Smile Dental Clinic is a dental clinic in Kuchaman City offering emergency dental care, general dentistry, child dental care, teeth implants, root canal, and gum disease treatment. Emergency contact: +91 9785307272; email citysmilesclinic.kuchaman@gmail.com. | [""dentistry"",""endodontics"",""prosthodontics"",""pediatricDentistry"",""periodontics"",""emergencyMedicine"",""familyMedicine"",""dentistry"",""pediatricDentistry"",""endodontics"",""familyMedicine"",""dentistry"",""endodontics"",""pediatricDentistry"",""familyMedicine"",""endodontics"",""pediatricDentistry"",""cosmeticDentistry"",""prosthodontics"",""dentistry"",""familyMedicine"",""dentistry"",""familyMedicine""] | [""Provides emergency dental care"",""Provides general dentistry"",""Provides child dental care"",""Provides teeth implants"",""Provides root canal treatment"",""Treats gum disease"",""Root Canal Treatment"",""Teeth Cleaning & Polishing"",""Teeth Whitening"",""Dental Implant","[""https://citysmilesdentalclinic.com/"",""https://citysmilesdentalclinic.com/about-us/"",""https://citysmilesdentalclinic.com/contact-us/"",""https://www.instagram.com/p/DQMG8uWEpDA/"",""https://www.instagram.com/p/DNfwuEIt2oU/"",""https://www.facebook.com/106114295891038"",null]"
227,0.582,semantic_gap_enrichment,"[""high_health_need"", ""wide_rate_confidence_intervals"", ""high_critical_supply_gap_rate""]",Himachal Pradesh,Kangra ,phantom_desert_or_verification_gap,9,0.6286591123701605,0.5699359261085816,0.6277777777777779,0.5358045364009282,0.767,medium,0.5209,0.55,0.7777777777777778,0.4525833436728054,0.9367762376877727,0.5555555555555556,0.2666473457440297,0.811224570528086,0.3333333333333333,0.12058159868274293,0.6458026525009102,0.3333333333333333,0.12058159868274293,0.6458026525009102,0.3333333333333333,0.12058159868274293,0.6458026525009102,"Fortis Hospital, Kangra; Tibetan Delek Hospital; Karan Hospital; Shivay Ayurveda Multispecialty And Surgical Care; Garg Eye Hospital; Capt Saurabh Kalia Memorial Kaydee Hospital; Zonal Hospital Dharamshala; Bali Clinic","Fortis Hospital Kangra (A unit of Himachal Healthcare Private Limited) is a 100 bedded, tertiary healthcare hospital situated at Kangra (Dharamshala Road). | [""cardiology"",""otolaryngology"",""neurosurgery"",""urology"",""gynecology"",""orthopedicSurgery"",""ophthalmology"",""plasticSurgery"",""gastroenterology"",""nephrology"",""surgicalOncology"",""generalSurgery"",""internalMedicine"",""cardiology"",""orthopedicSurgery"",""nephrology"",""gastroenterology"",""obstetricsAndGynecology"",""pediatrics"",""neonatologyPerinatalMedicine"",""radiology"",""emergencyMedicine"",""criticalCareMedicine"",""anesthesiology"",""internalMedicine"",""urology"",""dentistry"",""orthodontics"",""otolaryngology"",""generalSurgery"",""pediatrics"",""psychiatry"",""cardiology"",""anesthesia"",""emergencyMedicine"",""nephrology"",""urology"",""radiology"",""internalMedicine"",""cardiology"",""generalSurgery"",""gynecologyAndObstetrics"",""orthopedicSurgery"",""urology"",""criticalCareMedicine"",""","[""https://www.hexahealth.com/hospitals/insurance/ayushman-bharat-hospitals-list-himachal-pradesh"",""https://fortishospitalkangra.com/dental.php"",""https://www.myupchar.com/en/hospitals/kangra/fortis-healthcare-limited-1398"",""https://myhospitalnow.com/hospitals/fortis-hospital,-kangra-1"",""https://www.drashudentalclinic.com/"",""https://fortishospitalkangra.com/"",""https://www.facebook.com/103982467696762"",""https://www.justdial.com/Kangra/Fortis-dental-wellness-and-implant-centre-Fortis-Hospital-Kangra-Dharamsala-Road/9999P1892-1892-250224130609-T1B1_BZDET"",""https://www.facebook.com/drvivek82/"",""https://www.facebook.com/505951533074727"",null]; [""https://residency-ncal.kaiserpermanente.org/tibetan-delek-hospital/"",""https://delekhospital.org/about-us/"",""http://www.delekhospital.org/"",""https://tibetanhealth.org/delek-hospital-dharamsala/"",""https://delekhospital.org/contact/"",""https://en.wikipedia."
228,0.5812,uncertainty_band_reduction,"[""higher_uncertainty_level"", ""wide_rate_confidence_intervals"", ""small_observed_facility_sample"", ""high_critical_supply_gap_rate""]",Nagaland,Mokokchung ,referral_or_capacity_candidate,2,0.5511685552407931,0.48988359607069537,0.225,0.6196968078700783,0.82,higher,0.7496,0.9,0.5,0.09452865480086614,0.9054713451991339,0.5,0.09452865480086614,0.9054713451991339,1.0,0.34237195288961925,1.0,0.5,0.09452865480086614,0.9054713451991339,0.0,0.0,0.6576280471103807,Imkongliba Memorial District Hospital; Lenjem Hospital,"Imkongliba Memorial District Hospital (IMDH) in Mokokchung, Nagaland, India. It houses a Blood Bank and has a Conference Hall. | [""internalMedicine"",""hematology"",""internalMedicine"",""internalMedicine"",""internalMedicine"",""internalMedicine"",""internalMedicine"",""internalMedicine"",""internalMedicine"",""internalMedicine"",""internalMedicine"",""internalMedicine"",""internalMedicine"",""internalMedicine"",""internalMedicine"",""internalMedicine"",""internalMedicine"",""internalMedicine"",""internalMedicine""] | [""""] | [""Operates three operation theatres"",""Equipped with UCG, ECG, EEG, and semi-automatic analyzers"",""CT scanner (image shows circular gantry with patient table)"",""""] | [""Established in 1905 with an indoor ward and 8 beds"",""Bed capacity increased to 28 beds by 1914"",""Bed capacity increased to 68 beds by 1953"",""Current bed capacity is 150 beds"",""Telemedicine services connect with over 100 centers across the","[""https://ipr.nagaland.gov.in/NATIONAL-VOLUNTARY-BLOOD-DONORS-DAY-HELD-AT-MOKOKCHUNG"",""http://www.onefivenine.com/india/villages/Mokokchung/Mokokchung/Salangtem"",""https://mokokchung.nic.in/public-utility/imkongliba/"",""https://www.facebook.com/groups/the.nokinketer/posts/24026101026995936/"",""https://www.justdial.com/Mokokchung/Hospitals-in-VK-Town/nct-10253670"",""https://www.facebook.com/316233175546311"",""http://www.onefivenine.com/india/villages/Mokokchung/Mokokchung/Kichutip"",""https://www.medindia.net/directories/emergency-medical-services/blood-bank/nagaland/mokokchung/index.htm"",""http://www.onefivenine.com/india/villages/Mokokchung/Mokokchung/Kumlong"",""http://www.onefivenine.com/india/Listing/Town/hospitals/Mokokchung/Mokokchung"",""http://www.onefivenine.com/india/villages/Mokokchung/Mokokchung/Mission-Compound"",""https://www.justdial.com/Wokha/Public-Hospitals/nct-10393816"",""https://mok"
229,0.5811,semantic_gap_enrichment,"[""wide_rate_confidence_intervals"", ""small_observed_facility_sample"", ""high_critical_supply_gap_rate""]",Himachal Pradesh,Una ,mixed_or_monitor,3,0.5592540132200189,0.5336693294032642,0.44999999999999996,0.5866932462448341,0.804,medium,0.7309,0.85,0.6666666666666666,0.2076549551264879,0.9385096847238394,0.6666666666666666,0.2076549551264879,0.9385096847238394,0.6666666666666666,0.2076549551264879,0.9385096847238394,0.3333333333333333,0.0614903152761605,0.7923450448735121,0.3333333333333333,0.0614903152761605,0.7923450448735121,Kanwar Multispeciality Hospital; Vishal Eye Hospital; Surya Life Care Hospital,"We are committed to provide highest standards of medical excellence. Kanwar Multispeciality Hospital an Honest & Reliable Health Care in Una Himachal Pradesh. | [""gynecologyAndObstetrics"",""cardiology"",""neurology"",""internalMedicine"",""pediatrics"",""gastroenterology"",""dermatology"",""ophthalmology"",""orthopedicSurgery"",""dentistry"",""emergencyMedicine"",""clinicalPathology"",""gastroenterology"",""orthopedicSurgery"",""ophthalmology"",""cardiology"",""dermatology"",""allergyAndImmunology"",""internalMedicine"",""emergencyMedicine"",""gynecologyAndObstetrics"",""cardiology"",""orthopedicSurgery"",""neurology"",""pediatrics"",""gastroenterology"",""dentistry"",""emergencyMedicine"",""internalMedicine"",""internalMedicine"",""dermatology"",""emergencyMedicine"",""orthopedicSurgery"",""ophthalmology"",""cardiology""] | [""Colonoscopy"",""Gastroscopy"",""Allergy testing""] | [] | [""Based in Una, Himachal Pradesh"",""Provides Emergency Services"",""Offers depa","[""https://www.kanwarhospital.com/doctors.html"",""https://kanwarhospital.com/departments/department/medicine.html"",""https://myhospitalnow.com/hospitals/kanwar-multispeciality-hospital"",""https://kanwarhospital.com/appointments.html"",null]; [""https://www.vishaleyehospital.com/"",""https://www.mappls.com/uskx6n"",""http://www.vishaleyehospital.com/"",""https://www.vishaleyehospital.com/contact-big-map.html"",""https://www.facebook.com/vishaleyehospitaluna/"",""https://www.facebook.com/620376544713157"",null]; [""https://suryalifecarehospital.com/our-doctors/"",""https://suryalifecarehospital.com/latest-ultrasound-usg-doppler-scanning/"",""https://www.facebook.com/p/Surya-Life-Care-Hospital-100064809078673/"",""https://www.mappls.com/urvh30"",""https://chotu.com/local/dental-clinics-in-hoshiarpur-punjab-india/ct-18417841/"",""https://getvisitapp.com/labs/una/centers/surya-life-care-hospital/"",""https://www.facebook."
230,0.5802,rate_ci_reduction,"[""wide_rate_confidence_intervals"", ""small_observed_facility_sample""]",Assam,Nalbari ,mixed_or_monitor,3,0.505252596789424,0.5706352170331037,0.45,0.5515923255649475,0.854,medium,0.7309,0.85,0.3333333333333333,0.0614903152761605,0.7923450448735121,0.3333333333333333,0.0614903152761605,0.7923450448735121,0.3333333333333333,0.0614903152761605,0.7923450448735121,0.6666666666666666,0.2076549551264879,0.9385096847238394,0.3333333333333333,0.0614903152761605,0.7923450448735121,Dr.N.M.B.Baruah Nursing Home; Nalbari Maternity Hospital; Sarathi Hospital,"About Clinic We will always attempt to answer your questions thoroughly, so that you never have to worry needlessly, and we will explain complicated things clearly and simply....read more | [""otolaryngology"",""familyMedicine"",""otolaryngology"",""familyMedicine"",""otolaryngology"",""ophthalmology"",""allergyAndImmunology"",""internalMedicine"",""otolaryngology"",""internalMedicine"",""internalMedicine"",""familyMedicine"",""internalMedicine"",""internalMedicine"",""internalMedicine"",""internalMedicine""] | [""Performs endoscopy procedures"",""Endoscopy is offered as a clinical procedure"",""Endoscopy"",""Electroencephalography (EEG)""] | [""CT scanner on-site"",""Endoscopy equipment on-site"",""EEG equipment on-site"",""Audiology equipment on-site""] | [""ENT specialty outpatient clinic"",""Has 1 doctor on staff"",""Dr. Rohan Malla Baruah is an ENT specialist with 14 years of experience"",""Offers 24/7 ambulance service"",""Provides ENT t","[""https://www.lybrate.com/nalbari/clinic/dr-n-m-b-baruah-nursing-home-opposite-bjp-office"",""https://www.baruahnursinghome.com/our-physicians/"",""https://www.baruahnursinghome.com/about-us/"",""https://www.baruahnursinghome.com/our-management/"",""https://www.justdial.com/Barpeta/Nursing-Homes-in-Pathsala/nct-10339808"",""https://www.facebook.com/DrNmbBaruahNursingHome/"",""https://www.baruahnursinghome.com/home/"",""https://www.baruahnursinghome.com/"",""http://www.onefivenine.com/india/Listing/Town/hospitals/Nalbari/Borbhag"",""http://www.onefivenine.com/india/Listing/Town/hospitals/Nalbari/Nalbari"",""https://www.medindia.net/directories/hospitals/dr-n-m-b-baruah-nursing-home-nalbari-assam-94342.htm"",""http://www.onefivenine.com/india/Listing/Town/hospitals/Nalbari/Nalbari"",null]; [""https://narchi.org/academics/study-centres/study-centres-for-obs-gyn-courses/"",""http://www.onefivenine.com/india/Listing/T"
231,0.5783,uncertainty_band_reduction,"[""high_health_need"", ""higher_uncertainty_level"", ""wide_rate_confidence_intervals"", ""small_observed_facility_sample""]",Madhya Pradesh,Seoni ,referral_or_capacity_candidate,1,0.6336166194523135,0.5757158613465457,0.0,0.7299682115508863,0.926,higher,0.7935,0.95,0.0,0.0,0.7934567085261071,0.0,0.0,0.7934567085261071,1.0,0.20654329147389294,1.0,1.0,0.20654329147389294,1.0,1.0,0.20654329147389294,1.0,Jindal Hospital Diagnostics and Research Centre,"Established in 2012, Jindal Hospital Diagnostics and Research Centre is a multispeciality hospital located in Seoni, Madhya Pradesh. | [""internalMedicine"",""familyMedicine"",""internalMedicine"",""internalMedicine""] | | | [""Operates as a multispeciality hospital"",""Established in 2012"",""Has 200 employees"",""Annual turnover of Rs 6 Crores"",""ISO 9001:2008 certified""]","[""https://www.tradeindia.com/jindal-hospital-41131711/"",""https://www.lybrate.com/seoni/clinic/jindal-hospital-diagnostics-and-research-centre-bhairoganj"",""https://www.facebook.com/JindalHospital480661/"",""https://www.facebook.com/117299008948069"",null]"
232,0.5769,rate_ci_reduction,"[""wide_rate_confidence_intervals"", ""small_observed_facility_sample""]",Madhya Pradesh,Raisen ,supply_record_quality_problem,3,0.38886921624173754,0.5066243577318761,0.6,0.47594312820895124,0.788,medium,0.7309,0.85,0.6666666666666666,0.2076549551264879,0.9385096847238394,0.3333333333333333,0.0614903152761605,0.7923450448735121,0.3333333333333333,0.0614903152761605,0.7923450448735121,0.3333333333333333,0.0614903152761605,0.7923450448735121,0.3333333333333333,0.0614903152761605,0.7923450448735121,District Hospital; Arogya Hospital; Sharan Dental Hospital,"District Hospital is mentioned as a nearby landmark on the District and Session Court Raisen page. | [""internalMedicine"",""gynecologyAndObstetrics"",""internalMedicine"",""internalMedicine"",""pathology"",""radiology"",""internalMedicine"",""internalMedicine"",""internalMedicine"",""internalMedicine"",""internalMedicine"",""criticalCareMedicine"",""nephrology"",""neonatologyPerinatalMedicine"",""gynecologyAndObstetrics"",""internalMedicine"",""neonatologyPerinatalMedicine"",""criticalCareMedicine"",""nephrology"",""gynecologyAndObstetrics"",""internalMedicine"",""neonatologyPerinatalMedicine"",""gynecologyAndObstetrics"",""pediatrics"",""neonatologyPerinatalMedicine"",""criticalCareMedicine"",""nephrology"",""familyMedicine"",""obstetricsAndMaternityCare"",""internalMedicine"",""gynecologyAndObstetrics"",""pediatrics"",""neonatologyPerinatalMedicine"",""internalMedicine"",""obstetricsAndMaternityCare"",""internalMedicine"",""internalMedicine"",""internalMedic","[""https://raisen.dcourts.gov.in/contact-us/"",""https://pmc.ncbi.nlm.nih.gov/articles/PMC3783661/"",""https://www.onefivenine.com/india/Listing/Locality/hospitals/Guna/Guna/Shri-Ram-Colony"",""http://www.onefivenine.com/india/city/Satna"",""https://www.smartcityindore.org/health-medicine/"",""https://mandsaur.nic.in/%E0%A4%B5%E0%A4%BF%E0%A4%AD%E0%A4%BE%E0%A4%97/%E0%A4%B8%E0%A5%8D%E0%A4%B5%E0%A4%BE%E0%A4%B8%E0%A5%8D%E0%A4%A5%E0%A5%8D%E0%A4%AF/"",""https://www.medindia.net/directories/hospitals/mppgcl-hospital-khandwa-madhya-pradesh-77431.htm"",""https://www.medindia.net/directories/hospitals/pandey-hospital-narmadapuram-madhya-pradesh-35543.htm"",""https://dhar.nic.in/en/health-2/"",""https://dhar.nic.in/en/health-2/"",""https://dhar.nic.in/en/health-2/"",""https://dhar.nic.in/en/health-2/"",""https://www.scribd.com/document/367870211/List-of-Blood-Banks"",""https://www.mappls.com/place-new+born+baby+care+unit-dis"
233,0.5764,rate_ci_reduction,"[""wide_rate_confidence_intervals""]",Odisha,Ganjam ,phantom_desert_or_verification_gap,5,0.5668673276676109,0.557789175966174,0.5,0.5448807670325301,0.802,medium,0.639,0.75,0.6,0.23071993220883708,0.8823817688407467,0.4,0.1176182311592533,0.769280067791163,0.4,0.1176182311592533,0.769280067791163,0.6,0.23071993220883708,0.8823817688407467,0.2,0.03622316096978745,0.6244717358814613,"Amit Hospital; MKCG Medical College and Hospital, Berhampur; ECOS Eye Hospital; Surya Dental Clinic; Amrut Hospital","Amit Hospital Medical Store located on Amit Hospital Campus, Mitra Street, Berhampur. | [""internalMedicine"",""internalMedicine"",""internalMedicine"",""anesthesia"",""generalSurgery"",""internalMedicine"",""internalMedicine"",""internalMedicine"",""internalMedicine"",""internalMedicine"",""internalMedicine"",""urology"",""internalMedicine"",""generalSurgery"",""internalMedicine"",""internalMedicine"",""urology"",""dentistry"",""internalMedicine"",""internalMedicine"",""internalMedicine"",""internalMedicine"",""internalMedicine"",""internalMedicine"",""generalSurgery"",""internalMedicine"",""internalMedicine"",""generalSurgery"",""urology"",""otolaryngology"",""ophthalmology"",""radiology"",""orthopedicSurgery"",""gynecologyAndObstetrics"",""gastroenterology"",""nephrology"",""plasticSurgery"",""clinicalPathology"",""internalMedicine""] | [""Emergency surgery services at Amit Hospital"",""Anesthetist available round the clock for emergencies"",""Performs minimally inv","[""http://utkalchemists.org/district/ganjam/"",""https://www.medicineindia.org/hospitals-in-state/orissa"",""https://www.hospitalby.com/medical-center-india/brahmapur/"",""https://www.policyx.com/health-insurance/network-hospitals/aditya-birla-brahmapur-odisha/"",""https://www.hexahealth.com/hospitals/insurance/new-india-assurance-hospital-list-berhampur"",""https://www.mappls.com/place-amit+hospital-br-88645-canal+street-gate+bazar+square-berhampur-odisha-760001-22JK2K@zdata=MTkuMzA4MzE2Kzg0Ljc5MTI0MSsxNysyMkpLMksrK25yed"",""https://www.medindia.net/directories/hospitals/ecos-eye-hospital-berhampur-odisha-28534.htm"",""https://www.medindia.net/directories/hospitals/sriram-hospital-berhampur-odisha-31664.htm"",""https://www.justdial.com/Berhampur-Odisha/Dr-Amit-Kumar-Amit-Hospital-Behind-Kuthari-Temple-Dura/9999PX680-X680-200717231821-Q8W3_BZDET"",""https://www.scribd.com/document/758467517/CE-BERHAMPUR"","""
234,0.5753,semantic_gap_enrichment,"[""high_health_need"", ""high_trust_gap"", ""wide_rate_confidence_intervals"", ""high_critical_supply_gap_rate""]",Punjab,Gurdaspur ,phantom_desert_or_verification_gap,9,0.6307837582625119,0.5488822591271526,0.6666666666666666,0.5371855562309567,0.716,medium,0.4454,0.55,1.0,0.7008472464490407,1.0,0.7777777777777778,0.4525833436728054,0.9367762376877727,0.4444444444444444,0.188775429471914,0.7333526542559703,0.1111111111111111,0.019890371327130535,0.4350062147680601,0.2222222222222222,0.06322376231222723,0.5474166563271946,Bajwa Hospital; Mahajan Hospital; City Hospital; ECHS Polyclinic Patiala; Vedic Karma Ayurvedic Hospital - Batala; Baba Deep Singh Hospital; Baba Sri Chand Clinic; Sandhu Hospital and Diabetes Care Centre,"Listed on Practo's 'Top Clinics In Civil Lines' page for Ludhiana. | [""internalMedicine"",""internalMedicine"",""gynecologyAndObstetrics"",""reproductiveEndocrinologyAndInfertility"",""internalMedicine"",""internalMedicine"",""internalMedicine"",""internalMedicine"",""internalMedicine"",""minimallyInvasiveSurgeryAndEndourology"",""internalMedicine"",""internalMedicine"",""internalMedicine"",""generalSurgery"",""gynecologyAndObstetrics"",""internalMedicine"",""internalMedicine"",""internalMedicine"",""generalSurgery"",""psychiatry"",""internalMedicine"",""orthopedicSurgery"",""internalMedicine"",""internalMedicine"",""cosmeticDermatology"",""internalMedicine"",""familyMedicine"",""psychiatry"",""internalMedicine"",""internalMedicine"",""generalSurgery"",""internalMedicine"",""internalMedicine"",""internalMedicine"",""internalMedicine"",""internalMedicine"",""internalMedicine"",""internalMedicine"",""internalMedicine"",""internalMedicine"",""internalMedicine"",""interna","[""http://www.healthinsuranceindia.org/cashless_hospital_india/punjab.html"",""https://www.practo.com/ludhiana/clinic/handa-healthcare-center-civil-lines"",""https://www.justdial.com/Ludhiana/Gaudium-IVF-Women-Health-Ltd-Near-Old-Dandi-Swami-Mandir-Civil-Lines/0161PX161-X161-140526170651-L4Y1_BZDET"",""http://www.onefivenine.com/india/Places/Taluk/Jalandhar/Nakodar/Hospital"",""https://www.justdial.com/Doraha/IVF-Centres/nct-10278216"",""http://www.onefivenine.com/india/Places/Taluk/Ludhiana/Doraha/Hospital"",""https://www.justdial.com/Kashipur/Multispeciality-Hospitals/nct-10547585"",""https://bawa-hospital.wheree.com/"",""https://www.justdial.com/Mussoorie/Hospitals/nct-10253670"",""https://www.justdial.com/Ludhiana/Hospitals-in-Ghawaddi/nct-10253670"",""http://www.onefivenine.com/india/Places/Taluk/Jalandhar/Nurmahal/Hospital"",""https://www.practo.com/ludhiana/clinic/kanish-nursing-home-ludhiana/about"",""ht"
235,0.5739,semantic_gap_enrichment,"[""wide_rate_confidence_intervals"", ""high_critical_supply_gap_rate""]",Bihar,Bhagalpur ,mixed_or_monitor,6,0.5249645892351275,0.537195436360022,0.6,0.5024111935291486,0.784,medium,0.5893,0.7,0.6666666666666666,0.29998832134152864,0.9032306674407831,0.6666666666666666,0.29998832134152864,0.9032306674407831,0.3333333333333333,0.09676933255921683,0.7000116786584712,0.3333333333333333,0.09676933255921683,0.7000116786584712,0.16666666666666666,0.03005258587173032,0.563509436563646,"Jawaharlal Nehru Medical College and Hospital, Bhagalpur; Mukha Maxillofacial Surgery and Dental Implant Centre; Healing Touch Superspeciality Hospital; ASTHA HOSPITAL; The Tooth Care Dental Clinic; Kaushalya Eye Research Institute","Jawaharlal Nehru Medical College and Hospital, Bhagalpur is a government recognized medical college and hospital in Bhagalpur, Bihar, India. It has an approx area of 400 acres with total constructed area of 1,00,000 (in sq mtr.) approx. It is approved by the Medical Council of India and is affiliated to Bihar University of Health Sciences, Patna. Its Hospital situated in Mayaganj near Ganga river, Hospital has about 800 bed. Post graduation course run in almost all departments, Hospital has very large patients flow as it has large catchment area. Established in 1971 by the Government of Bihar. It is affiliated to Bihar University of Health Sciences, Patna, while it was previously affiliated to Aryabhatta Knowledge University Patna. One hundred twenty students enroll in the MBBS course each year. | [""internalMedicine"",""gynecologyAndObstetrics"",""ophthalmology"",""otolaryngology"",""anesthesia""","[""https://jlnmchbgp.org/about-us.php"",""https://projectnoah.org/users/dr-devendra-prasad-singh"",""https://en.m.wikipedia.org/wiki/List_of_medical_colleges_in_India"",""https://en.wikipedia.org/wiki/List_of_Hospitals_in_Punjab"",""https://en.wikipedia.org/wiki/Jawaharlal_Nehru_Medical_College,_Bhagalpur"",""https://meddco.com/doctors/Bhagalpur/Physiologist/Dr-Arohi-Abhinav-Jayaswal"",""https://www.homeobook.com/homeopathy-medical-colleges-in-india/"",""https://www.getmyuniversity.com/university/jawaharlal-nehru-medical-college-bhagalpur"",""https://www.clinicspots.com/blog/government-mental-hospitals-in-bihar"",""https://www.reuters.com/news/picture/idUSRTX7PAS2/"",""https://www.careermarg.com/college/jawaharlal-nehru-medical-college"",""https://swachhindia.ndtv.com/how-covid-19-became-a-boon-for-a-battered-indian-hospital-in-bihar-64781/"",""https://www.hindustantimes.com/india-news/super-specialty-depts-in-3"
236,0.5737,semantic_gap_enrichment,"[""wide_rate_confidence_intervals"", ""small_observed_facility_sample"", ""high_critical_supply_gap_rate""]",Karnataka,Raichur ,mixed_or_monitor,4,0.4724386213408876,0.5010355737212938,0.625,0.5047571686489049,0.757,medium,0.6067,0.8,1.0,0.5100999795960008,1.0,0.75,0.3006360524426366,0.9544139373553637,0.5,0.15003570882017148,0.8499642911798285,0.5,0.15003570882017148,0.8499642911798285,0.0,0.0,0.48990002040399916,Sanjeevini Hospital; Balanku Hospital; Advit Dental Clinic; Sankalpa Hospital,"Sanjeevini Hospital is listed as a hospital in Sagar, Karnataka, India. | [""internalMedicine"",""internalMedicine"",""internalMedicine"",""internalMedicine"",""internalMedicine"",""internalMedicine"",""internalMedicine"",""internalMedicine"",""internalMedicine"",""internalMedicine"",""internalMedicine"",""endocrinologyAndDiabetesAndMetabolism"",""infectiousDiseases"",""sleepMedicine"",""internalMedicine"",""internalMedicine"",""internalMedicine"",""internalMedicine"",""internalMedicine"",""internalMedicine"",""internalMedicine"",""radiology"",""emergencyMedicine"",""internalMedicine"",""internalMedicine"",""internalMedicine"",""internalMedicine"",""internalMedicine"",""internalMedicine"",""internalMedicine"",""internalMedicine"",""internalMedicine"",""internalMedicine"",""internalMedicine"",""internalMedicine"",""internalMedicine"",""internalMedicine"",""internalMedicine"",""internalMedicine"",""internalMedicine"",""internalMedicine"",""internalMedicine"",""internalMedi","[""http://www.onefivenine.com/india/villages/Raichur/Sindhanur/Venkateshwara-Colony"",""http://www.onefivenine.com/india/Places/Taluk/Davangere/Channagiri/Hospital"",""http://www.onefivenine.com/india/Places/Taluk/Davangere/Harappanahalli/Hospital"",""http://www.onefivenine.com/india/city/Sagar_Karnataka"",""https://www.proptiger.com/bangalore/chamrajpet-52335/hospitals"",""https://www.proptiger.com/bangalore/basaveswarnagar-51165/hospitals"",""https://www.justdial.com/Shimoga/Gynaecologist-Obstetrician-Doctors-in-Nanditale/nct-10551087"",""http://www.onefivenine.com/india/villages/Uttar-Kannad/Haliyal/Haliyal"",""https://www.proptiger.com/bangalore/yeshwantpur-50183/hospitals"",""https://www.practo.com/bangalore/doctor/darshana-r-1-internal-medicine"",""https://www.proptiger.com/bangalore/geddalahalli-57251/hospitals"",""https://sanjeevinihospitals.com/"",""https://www.proptiger.com/bangalore/nagarbhavi-51156/h"
237,0.5735,rate_ci_reduction,"[""high_trust_gap"", ""wide_rate_confidence_intervals"", ""small_observed_facility_sample""]",Rajasthan,Hanumangarh ,supply_record_quality_problem,3,0.3342776203966005,0.4765989800170507,0.6833333333333333,0.4404585909096122,0.752,medium,0.697,0.85,1.0,0.43849391955098227,1.0,0.3333333333333333,0.0614903152761605,0.7923450448735121,0.3333333333333333,0.0614903152761605,0.7923450448735121,0.3333333333333333,0.0614903152761605,0.7923450448735121,0.6666666666666666,0.2076549551264879,0.9385096847238394,"Sania Hospital; Jain Hospital; Hissaria Multispeciality Hospital, Opp. Satipura Bypass Road, Hanumangarh, India, Rajasthan","Pediatric hospital attached to Bharatpur Medical College | [""internalMedicine"",""internalMedicine"",""internalMedicine"",""internalMedicine"",""pediatrics"",""internalMedicine"",""internalMedicine"",""internalMedicine"",""gynecologyAndObstetrics"",""pediatrics"",""infectiousDiseases"",""emergencyMedicine"",""anesthesia"",""radiology"",""familyPlanningAndComplexContraception"",""internalMedicine"",""internalMedicine"",""internalMedicine"",""internalMedicine"",""internalMedicine"",""publicHealth"",""preventiveMedicine"",""maternalAndChildHealth"",""internalMedicine"",""internalMedicine"",""cardiology"",""neurology"",""orthopedicSurgery"",""nephrology"",""criticalCareMedicine"",""generalSurgery"",""internalMedicine"",""neurosurgery"",""internalMedicine"",""internalMedicine"",""gynecologyAndObstetrics"",""pediatrics"",""internalMedicine"",""internalMedicine"",""internalMedicine"",""internalMedicine"",""internalMedicine"",""internalMedicine"",""radiology"",""internalMedicine"",""","[""https://www.justdial.com/Alwar/Kalpesh-hospital-Ambedkar-Nagar/9999PX144-X144-220526114058-W4T9_BZDET/Alwar/Multispeciality-Hospitals-in-Ambedkar-Nagar/nct-10547585"",""http://www.onefivenine.com/india/villages/Hanumangarh/Nohar/Nohar"",""http://www.onefivenine.com/india/villages/Nagaur/Ladnu/Malasi"",""https://en.wikipedia.org/wiki/Bharatpur_Medical_College"",""https://www.medicineindia.org/hospitals-in-state/rajasthan"",""https://www.myvisitinghours.org/blood-bank/maharana-bhupal-government-hospital-1926"",""http://www.onefivenine.com/india/villages/Hanumangarh/Nohar/Birkali"",""http://www.jaipursearch.com/medical/zananahospital.htm"",""http://www.onefivenine.com/india/Listing/Town/hospitals/Pali/Sojat"",""http://www.onefivenine.com/india/Listing/Town/hospitals/Udaipur/Sarada"",""https://www.justdial.com/Alwar/Pathology-Labs-in-Kala-Kuan/nct-10356131"",""https://www.scribd.com/document/424869351/Rajasthan"
238,0.5729,semantic_gap_enrichment,"[""high_health_need"", ""high_trust_gap"", ""wide_rate_confidence_intervals"", ""high_critical_supply_gap_rate""]",Bihar,Muzaffarpur ,phantom_desert_or_verification_gap,14,0.6484301227573183,0.610670691287491,0.7464285714285714,0.5171273530716091,0.711,medium,0.3532,0.3,0.8571428571428571,0.600580922361363,0.9599069262620787,0.5714285714285714,0.3259026690286936,0.7861949006959948,0.07142857142857142,0.012721886112291636,0.3146926955395781,0.2857142857142857,0.11721187910109099,0.5464954117248438,0.0,0.0,0.21531701192718142,Smile Care Dental Clinic; Prashant Memorial Charitable Hospital; Apex Children's Hospital; North Bihar Laboratories; Usha Hospital; Sri Krishna Medical College and Hospital; Rbm Hospital; Sushila Dental Care,"Leading oral healthcare provider, prioritizing patient well-being through personalized, innovative dental services worldwide. | [""dentistry"",""familyMedicine"",""dentistry"",""familyMedicine"",""familyMedicine"",""dentistry"",""aestheticDentistry"",""endodontics"",""periodontics"",""prosthodontics"",""orthodontics"",""oralAndMaxillofacialSurgery"",""generalDentistry"",""familyMedicine"",""dentistry"",""orthodontics"",""dentistry"",""familyMedicine"",""dentistry"",""dentistry"",""familyMedicine"",""dentistry"",""familyMedicine"",""dentistry"",""familyMedicine"",""dentistry"",""endodontics"",""dentistry"",""endodontics"",""orthodontics"",""familyMedicine"",""dentistry"",""endodontics"",""orthodontics"",""dentoalveolarSurgery"",""familyMedicine"",""dentistry"",""dentistry"",""familyMedicine"",""familyMedicine"",""dentistry"",""dentistry"",""dentistry"",""familyMedicine"",""dentistry"",""familyMedicine"",""dentistry"",""dentistry"",""familyMedicine"",""dentistry""] | [""Provides Dentist C","[""https://www.whatclinic.com/dentists/india/bihar"",""https://www.justdial.com/Bhojpur/Public-Dental-Hospitals-in-Piro/nct-12333240"",""https://www.justdial.com/Patna/Smile-Care-Multi-Speciality-Dental-Clinic-Of-Children-Park-Sri-Krishnapuri/0612PX612-X612-170113030223-E6T5_BZDET"",""https://www.docindia.org/india/dl/delhi/dentist"",""https://www.justdial.com/Patna/Public-Dental-Hospitals-in-Danapur-Bazar/nct-12333240"",""https://www.justdial.com/Patna/Smile-Care-Dental-Clinic-Opposite-Sbi-Chasma-Centre-Kurji/0612PX612-X612-131130000332-H4N1_BZDET"",""https://www.proptiger.com/patna/rajendra-nagar-50881/hospitals"",""https://www.justdial.com/Bhojpur/Public-Dental-Hospitals-in-Piro/nct-12333240"",""https://www.tradeindia.com/smile-dental-care-7212647/"",""https://dir.indiamart.com/patna/dental-implant-surgery.html"",""https://www.apollo247.com/doctors/lady-doctors-in-p-m-c-h-patna-dcity"",""https://healcon.com"
239,0.5727,rate_ci_reduction,"[""wide_rate_confidence_intervals"", ""small_observed_facility_sample""]",Rajasthan,Pali ,supply_record_quality_problem,4,0.4054532577903682,0.5141936237685082,0.6250000000000001,0.4612166823410673,0.77,medium,0.663,0.8,0.75,0.3006360524426366,0.9544139373553637,0.25,0.045586062644636216,0.6993639475573634,0.25,0.045586062644636216,0.6993639475573634,0.5,0.15003570882017148,0.8499642911798285,0.25,0.045586062644636216,0.6993639475573634,ASG Eye Hospitals; Krishna Hospital; Hospital; Bhagwan Mahavir Hospital,"Chain of super specialty eye care hospitals | [""internalMedicine"",""ophthalmology"",""cataractAndAnteriorSegmentSurgery"",""corneaOphthalmology"",""refractiveSurgeryOphthalmology"",""retinaAndVitreoretinalOphthalmology"",""glaucomaOphthalmology"",""internalMedicine"",""internalMedicine"",""ophthalmology"",""internalMedicine"",""internalMedicine"",""ophthalmology"",""ophthalmology"",""internalMedicine"",""ophthalmology"",""internalMedicine"",""ophthalmology"",""internalMedicine"",""ophthalmology"",""internalMedicine"",""ophthalmology"",""internalMedicine"",""internalMedicine"",""ophthalmology"",""internalMedicine"",""internalMedicine"",""internalMedicine"",""internalMedicine"",""ophthalmology"",""cataractAndAnteriorSegmentSurgery"",""refractiveSurgeryOphthalmology"",""internalMedicine"",""ophthalmology"",""emergencyMedicine"",""internalMedicine"",""ophthalmology"",""cataractAndAnteriorSegmentSurgery"",""corneaOphthalmology"",""oculoplasticsAndReconstructiveOrbital","[""https://tracxn.com/d/companies/mahaveer-eye-hospital/__ztTnPHOGjQNiKFTmhzPDUrrng3Ac0x_TuK4bYQ3piEg"",""https://tracxn.com/d/companies/annapoorna-eye-hospital/__-7tsp2SOMzMYRt0mUDwJGRzv9hoS7NsYbKVR8qEn5Ck"",""https://www.justdial.com/Hanumangarh/Joint-Replacement-Surgery-Doctors-in-Tibbi/nct-10941509"",""http://www.onefivenine.com/india/villages/Pali/Pali/Vasant-Vihar"",""https://the-comforter.org/en/cc-article3.html"",""https://www.medicineindia.org/hospitals-in-state/rajasthan"",""https://www.medicineindia.org/hospitals-in-state/rajasthan"",""https://www.medicineindia.org/hospitals-in-city/jaipur-rajasthan"",""http://www.onefivenine.com/india/Places/District/Jodhpur/Hospital"",""https://www.onefivenine.com/india/Listing/Locality/hospitals/Jodhpur/Jodhpur/Kamla-Nehru-Nagar"",""https://www.justdial.com/Jaipur/SG-Hospital-Behind-Ram-Mandir-Mahavir-Nagar/0141PX141-X141-220423211658-T8V5_BZDET"",""https://www.j"
240,0.5726,semantic_gap_enrichment,"[""wide_rate_confidence_intervals"", ""small_observed_facility_sample"", ""high_critical_supply_gap_rate""]",Uttarakhand,Almora ,mixed_or_monitor,4,0.487724268177526,0.509442679481445,0.5625,0.5146928390927199,0.784,medium,0.663,0.8,0.75,0.3006360524426366,0.9544139373553637,0.75,0.3006360524426366,0.9544139373553637,0.5,0.15003570882017148,0.8499642911798285,0.25,0.045586062644636216,0.6993639475573634,0.25,0.045586062644636216,0.6993639475573634,District Hospital Almora; The Leprosy Mission Hospital & Home; Madhavi Hospital; Achal Dental Clinic And Maxillofacial Trauma Centre,"Located on Mall Road in Chowk Bazar, Paltan Bazar, Dharanaula, Almora, Uttarakhand 263601, the District Hospital Almora serves as a vital healthcare facility for the community. Funded through self-sustaining initiatives, this hospital is dedicated to providing comprehensive medical services, including emergency care and outpatient departments (OPDs). Its modern infrastructure and range of specialized treatments ensure that patients receive quality care tailored to their specific health needs. At the District Hospital Almora, accessibility and patient-centered service are prioritized. The skilled medical staff is committed to addressing a wide variety of health concerns, ensuring personalized treatment for every individual. Whether you require urgent care or routine consultations, the hospital stands ready to support you in achieving optimal health outcomes for you and your family. | [""in","[""https://drgalen.org/emergency-service/district-hospital-791"",""https://almora.nic.in/public-utility/pt-h-g-pant-district-hospitalalmora/"",""https://myhospitalnow.com/hospitals/city/almora/orthopaedic-or-bone-surgery"",""https://almora.nic.in/public-utility/pt-h-g-pant-district-hospitalalmora/"",""https://almora.nic.in/public-utility-category/hospitals/"",""https://www.justdial.com/Almora/Public-Hospitals-in-Deghat/nct-10393816"",null]; [""https://www.justdial.com/Almora/The-Leprosy-Mission-Hospital-Home-Maangoan-Village-Karbala-Satyadi/9999P5962-5962-180606124341-V5C8_BZDET"",""https://hindi.news18.com/news/uttarakhand/almora-leprosy-mission-hospital-was-built-in-british-period-know-history-local18-8919810.html"",""https://en.wikipedia.org/wiki/Leprosy_Mission_of_Almora"",""https://www.facebook.com/356262114792886"",""http://tlmalmora.in/"",""https://tlmalmora.in/"",null]; [""http://www.onefivenine.com/indi"
241,0.5711,semantic_gap_enrichment,"[""wide_rate_confidence_intervals"", ""high_critical_supply_gap_rate""]",Gujarat,Patan ,supply_record_quality_problem,7,0.5453847969782815,0.5195105105185059,0.6285714285714286,0.5018685390885145,0.747,medium,0.5641,0.65,0.8571428571428571,0.48686549668097007,0.9743210440510253,0.5714285714285714,0.2504542304090258,0.8417830777373732,0.42857142857142855,0.15821692226262685,0.7495457695909742,0.2857142857142857,0.0822171657090155,0.6410709098517873,0.42857142857142855,0.15821692226262685,0.7495457695909742,"Care Institute of Medical Sciences, Ahmedabad; Patan Janta Hospital; Harsh Orthopedic Hospital; Shifa Hospital; Nishtha Surgical Hospital and Research Centre; Om Clinic; Shifa Hospital, Siddhpur","Care Institute of Medical Sciences, Ahmedabad, India | [""internalMedicine"",""infectiousDiseases"",""pulmonology"",""pathology"",""generalSurgery"",""criticalCareMedicine"",""internalMedicine"",""internalMedicine"",""internalMedicine"",""internalMedicine"",""cardiology"",""dentistry"",""dermatology"",""otolaryngology"",""gastroenterology"",""generalMedicine"",""generalSurgery"",""plasticSurgery"",""gynecology"",""nephrology"",""neurology"",""medicalOncology"",""ophthalmology"",""orthopedicSurgery"",""paediatrics"",""pathology"",""physiotherapy"",""psychiatry"",""pulmonology"",""radiology"",""rheumatology"",""urology"",""internalMedicine"",""internalMedicine"",""internalMedicine"",""internalMedicine"",""internalMedicine"",""internalMedicine"",""internalMedicine"",""cardiology"",""otolaryngology"",""neurosurgery"",""urology"",""gynecologyAndObstetrics"",""orthopedicSurgery"",""ophthalmology"",""plasticSurgery"",""gastroenterology"",""nephrology"",""surgicalOncology""] | [""Dr Tejas V. Pa","[""https://pmc.ncbi.nlm.nih.gov/articles/PMC5414953/"",""https://pmc.ncbi.nlm.nih.gov/articles/PMC9796192/"",""https://www.justdial.com/Bardoli/Cardiac-Hospitals/nct-11246477"",""https://www.justdial.com/Kadodara/Children-Hospitals/nct-10981006"",""https://ahchospital.org/doctors/dr-tejas-v-patel"",""https://www.medicineindia.org/hospitals-in-state/gujarat"",""https://www.medicineindia.org/hospitals-in-state/gujarat"",""https://www.justdial.com/Halol/General-Physician-Doctors-in-Gayatri-Society/nct-10892680"",""http://www.onefivenine.com/india/villag/Patan/Patan"",""https://www.policyx.com/health-insurance/network-hospitals/niva-bupa-surat-gujarat/"",""https://www.mappls.com/place-life+care+hospital-labh+complex-near+bus+stand-dhansura-aravalli+district-gujarat-383310-Y2VIPN@zdata=MjMuMzUxOTYyKzczLjIxMTA4NysxNytZMlZJUE4rK25yed"",""http://www.onefivenine.com/india/villages/Surat/Kamrej/Navagam"",""https://www.hex"
242,0.5696,uncertainty_band_reduction,"[""high_health_need"", ""higher_uncertainty_level"", ""wide_rate_confidence_intervals"", ""small_observed_facility_sample""]",Jammu & Kashmir,Reasi ,referral_or_capacity_candidate,1,0.6057011331444759,0.560362343877235,0.0,0.711823145450792,0.949,higher,0.7935,0.95,0.0,0.0,0.7934567085261071,0.0,0.0,0.7934567085261071,1.0,0.20654329147389294,1.0,1.0,0.20654329147389294,1.0,0.0,0.0,0.7934567085261071,Shri Mata Vaishno Devi Narayana Superspeciality Hospital,"Shri Mata Vaishno Devi Narayana Superspeciality Hospital is a NABH accredited multispecialty hospital located in Katra, Jammu and Kashmir, India. | [""internalMedicine"",""gastroenterology"",""internalMedicine"",""anesthesiology"",""bariatrics"",""cardiology"",""dentistry"",""dermatology"",""emergencyMedicine"",""endocrinologyAndDiabetesAndMetabolism"",""otolaryngology"",""nephrology"",""neurology"",""neurosurgery"",""internalMedicine"",""cardiology"",""internalMedicine"",""internalMedicine"",""internalMedicine"",""internalMedicine"",""internalMedicine"",""medicalOncology"",""transplantSurgery"",""cardiology"",""neurology"",""cardiology"",""internalMedicine"",""cardiology"",""cardiacSurgery"",""gastroenterology"",""nephrology"",""orthopedicSurgery"",""medicalOncology"",""surgicalOncology"",""criticalCareMedicine"",""internalMedicine"",""internalMedicine"",""anesthesia"",""criticalCareMedicine"",""internalMedicine"",""internalMedicine"",""familyMedicine""] | [""Cardiac ab","[""https://poonch.nic.in/public-utility-category/hospitals/"",""https://www.justdial.com/Rajouri/Gastroenterologists/nct-10226406"",""https://www.myupchar.com/en/hospitals/udhur/shri-mata-vaishno-devi-narayana-superspeciality-hospital-jammu-9081"",""https://www.justdial.com/Udhampur/Cardiologists/nct-10080172"",""https://lifesaversambulance.com/rail-ambulance-service-in-jammu/"",""https://www.facebook.com/116295117306171"",""https://poonch.nic.in/public-utility/6-shri-mata-vaishno-devi-narayana-superspeciality-hospital/"",""https://www.justdial.com/Jammu/Dr-Deepak-Bharti-Shri-Mata-Vaishno-Devi-Narayana-Superspeciality-Hospital-Kakryal-Tehsil-Katra-D-Gandoh/9999PX191-X191-230917061313-K3Q6_BZDET"",""https://www.justdial.com/Jammu/Ascoms-Avighna-Heart-Centre-Sidhra/9999PX191-X191-240730171341-D3M8_BZDET/Jammu/Cardiac-Hospitals/nct-11246477"",""http://www.smvdime.in/aboutus"",""https://mbbscouncil.com/listing/s"
243,0.5694,uncertainty_band_reduction,"[""high_trust_gap"", ""higher_uncertainty_level"", ""wide_rate_confidence_intervals"", ""high_critical_supply_gap_rate""]",Karnataka,Bellary ,mixed_or_monitor,10,0.4406869688385269,0.4458798571526878,0.675,0.4033493637531397,0.688,higher,0.4614,0.5,0.9,0.5958436145024278,0.9821242504842788,0.8,0.49015684672072335,0.9433190520193067,0.4,0.16817758120350967,0.6873304525498135,0.3,0.10778928748621183,0.6032267800204347,0.2,0.056680947980693314,0.5098431532792765,BKS Hospital; Dipali Hospital; Umakant Eye Hospital; Sri Sai Dental Specialities; S. R. MULTI SPECIALITY HOSPITAL; SP Dental and Implant centre; Railway Hospital; St. Marys Hospital,"KS Hospital is the first multi-specialty hospital in Koppal, North Karnataka, offering advanced healthcare services across over 40 specialties with a focus on patient-centered care. Founded in 2019, it features state-of-the-art facilities, including 200 beds and 24/7 emergency services, ensuring high-quality medical interventions. | [""internalMedicine"",""internalMedicine"",""internalMedicine"",""cardiology"",""maternalFetalMedicineOrPerinatology"",""internalMedicine"",""internalMedicine"",""internalMedicine"",""pediatrics"",""pediatricEmergencyMedicine"",""urology"",""dentistry"",""cardiology"",""emergencyMedicine"",""criticalCareMedicine"",""gynecologyAndObstetrics"",""internalMedicine"",""internalMedicine"",""internalMedicine"",""internalMedicine""] | [""Phototherapy"",""Nebulization"",""Vaccination""] | [""Advanced Cathlab"",""Advanced MRI""] | [""Offers general physician consultation services in Bellary."",""24x7 Emergency Care"",""24x","[""https://www.fogsi.org/bellary-society/"",""https://www.zoominfo.com/c/ks-hospital/1335191967"",""https://chotu.com/local/medical-shop-in-koppal-karnataka-india/ct-1666713/"",""https://www.justdial.com/Bellary/Nursing-Homes-in-Basaveshwara-Nagar/nct-10339808"",""https://www.proptiger.com/bangalore/nagarbhavi-51156/hospitals"",""https://www.justdial.com/Bellary/General-Physician-Doctors/nct-10892680"",""https://in.linkedin.com/company/kshospital"",""https://kshospitals.in/"",""https://www.starhealth.in/network-hospitals/star-health-network-hospitals-in-bellary-karnataka/"",""https://www.bharatibiz.com/en/vaatsalya-konnur-hospital-085392-21111"",null,null]; [""https://www.insurancedekho.com/health-insurance/tata-aig/network-hospitals-in-hospet"",""https://www.justdial.com/Hospet/Private-Hospitals-in-Chitwadgi/nct-10390288"",""https://www.scribd.com/document/732691480/Yeshasvini-Network-Hospital-List-March2023"","""
244,0.5678,rate_ci_reduction,"[""wide_rate_confidence_intervals"", ""small_observed_facility_sample""]",Tamil Nadu,Ariyalur ,mixed_or_monitor,3,0.40681067044381497,0.5164921575430186,0.5333333333333333,0.4876050734403016,0.821,medium,0.7309,0.85,0.6666666666666666,0.2076549551264879,0.9385096847238394,0.3333333333333333,0.0614903152761605,0.7923450448735121,0.3333333333333333,0.0614903152761605,0.7923450448735121,0.3333333333333333,0.0614903152761605,0.7923450448735121,0.6666666666666666,0.2076549551264879,0.9385096847238394,Mangalam Hospital; Sreerams Dental Care; ARIYALUR GOLDEN HOSPITAL,"Mangalam Hospital is listed as a Govt Health Center near Ponparappi. | [""internalMedicine"",""internalMedicine"",""gynecologyAndObstetrics"",""pediatrics"",""generalSurgery"",""internalMedicine"",""internalMedicine"",""neurology"",""neurosurgery"",""neuroOphthalmology"",""internalMedicine"",""internalMedicine"",""familyMedicine"",""internalMedicine"",""internalMedicine"",""internalMedicine"",""dermatology"",""gynecologyAndObstetrics"",""internalMedicine"",""pediatrics"",""dentistry"",""pediatrics"",""cardiology"",""otolaryngology"",""orthopedicSurgery"",""gynecologyAndObstetrics"",""internalMedicine"",""internalMedicine"",""gynecologyAndObstetrics"",""gynecologicalOncology"",""orthopedicSurgery"",""internalMedicine"",""dentistry"",""neonatologyPerinatalMedicine"",""pediatrics"",""generalSurgery"",""pediatricSurgery"",""urology"",""internalMedicine"",""neurosurgery"",""spineNeurosurgery"",""epilepsyNeurology"",""spinalCordInjuryMedicine"",""criticalCareMedicine"",""internalM","[""http://www.onefivenine.com/india/villages/Ariyalur/Sendurai/Ponparappi"",""https://www.medicineindia.org/hospitals-in-city/chennai-tamilnadu"",""https://www.justdial.com/Chennai/Mangalam-Hospital-Opposite-Haneefa-Supermarket-Sumithra-Nagar-Layout-Poonamallee/044P4093294_BZDET"",""https://www.justdial.com/Tirunelveli/Mangala-Hospital-Near-St-Anthonys-Church-Palayamkottai/0462PX462-X462-200717220710-L1H1_BZDET"",""https://www.sulekha.com/private-general-hospitals/poonamallee-chennai"",""https://www.mappls.com/3t3ba1"",""https://ovu.com/india/tamil-nadu/chennai/mangalam-hospital/fertility-clinic"",""https://www.policyx.com/health-insurance/network-hospitals/star-health-tiruchirappalli-tamil-nadu/"",""http://mangalamhospitalchennai.com/"",""https://mangalamhospitalchennai.com/our-facilities/"",""https://www.grotal.com/Tirunelveli/Chella-Suriya-Hospital-C222/"",""https://www.justdial.com/Trichy/Mangalaa-Hospital"
245,0.567,semantic_gap_enrichment,"[""wide_rate_confidence_intervals"", ""high_critical_supply_gap_rate""]",Andhra Pradesh,Prakasam ,mixed_or_monitor,6,0.5362370160528801,0.5100619377764525,0.5833333333333334,0.5097382709606879,0.792,medium,0.5979,0.7,0.8333333333333334,0.43649056343635395,0.9699474141282697,0.6666666666666666,0.29998832134152864,0.9032306674407831,0.5,0.18761280689940868,0.8123871931005913,0.3333333333333333,0.09676933255921683,0.7000116786584712,0.5,0.18761280689940868,0.8123871931005913,Aster RameshOngole; Devi Dental Clinic; Amrutha Heart Hospital; Sevita Nursing Home; Community Health Centres; Indu Hospital,"Aster RameshOngole is a branch of the Aster Ramesh Hospitals network. | [""emergencyMedicine"",""cardiology"",""criticalCareMedicine"",""internalMedicine"",""internalMedicine"",""cardiology"",""orthopedicSurgery"",""neurosurgery"",""spineNeurosurgery"",""pediatrics"",""pediatricCardiology"",""pediatricNephrology"",""nephrology"",""urology"",""transplantSurgery"",""hepatopancreatobiliarySurgery"",""gastroenterology"",""interventionalRadiology"",""radiology"",""nuclearMedicine"",""clinicalImaging"",""diagnosticsBloodBank"",""nutritionDietetic"",""minimalAccessRoboticSurgery"",""podiatry"",""dentistry"",""oralAndMaxillofacialSurgery"",""craniomaxillofacialSurgery"",""otolaryngology"",""ophthalmology"",""plasticSurgery"",""neurology"",""infectiousDiseases"",""gynecologyAndObstetrics"",""obstetricsAndMaternityCare"",""endocrinologyAndDiabetesAndMetabolism"",""pediatricSurgery"",""pediatricEmergencyMedicine"",""emergencyMedicine"",""anesthesia"",""criticalCareMedicine"",""pu","[""https://rameshhospitals.com/duhita-dentistry"",""http://www.astermedcity.com/"",""http://www.rameshhospitals.com/"",""http://asterprime.com/doctor/best-orthopedic-surgeon-in-hyderabad/"",""https://astermedcity.com/"",""http://www.asteraadhar.com/"",""https://ovu.com/india/andhra-pradesh/ongole/aster-ramesh-sanghamitra-hospital-ongole/fertility-clinic"",""http://www.motherhospital.com/"",""https://www.asterhospitals.in/hospitals/aster-pmf-kollam/specialities/pathology"",""https://in.linkedin.com/company/ramesh-hospitals"",""https://www.asterhospitals.in/blogs-events-news/aster-whitefield-bangalore/vertigo"",""https://www.asterhospitals.in/doctors/aster-mims-kannur/dr-jaseem-ansari"",""https://www.asterhospitals.in/blogs-events-news/aster-dm-healthcare-rolls-out-indias-first-assisted-reality-enabled-smart-ambulance"",""https://www.asterhospitals.in/hospitals/aster-medcity-kochi/specialities/neurology"",""https://ww"
246,0.5667,semantic_gap_enrichment,"[""wide_rate_confidence_intervals"", ""high_critical_supply_gap_rate""]",Odisha,Baleshwar ,mixed_or_monitor,5,0.4555594900849858,0.49656986529573005,0.6300000000000001,0.47253067260382375,0.711,medium,0.6136,0.75,0.8,0.3755282641185388,0.9637768390302125,0.8,0.3755282641185388,0.9637768390302125,0.4,0.1176182311592533,0.769280067791163,0.2,0.03622316096978745,0.6244717358814613,0.4,0.1176182311592533,0.769280067791163,"Jyothi Hospital; Apollo Clinic, 201, 2nd Floor, The Landmark Sanjay Heights, Nalamganj, Proof Road, Balasore, Odisha, India; Sub Divisional Hospital Banki; Aaroh Speech & Hearing Clinic; Dr Satpathy Dental Implants and Face Esthetics Clinic","Jyothi Hospital reaching out to the poor with care and compassion through Biju Swasthya Kalyan Yojana (BSKY) and Biju Krushak Kalyan Yojana (BKKY). Dialysis Unit 24 Hrs; Ultra Sonography; Endoscopy; Colonoscopy; ERCP; ITU with Ventilators; 24 Hours Causality Service; Blood bank; Intensive Treatment Unit; 2D and Colour Doppler Ultrasound; Cardiac Monitor; Electronic Fetal Monitor; Colonoscope First Time in Northern Odisha; PFT; ECG; Laparoscopic Surgery with Harmonic Scalpel; Digital Cautery; Arthoscope, Hysteroscope. Cystoscope; Cardiac Monitor; Routine Pathological Investigation; Thyroid Test; Defibrillator; Incubator, Radiant Heat Warmer & Phototherapy; C-arm; Pharmacy; Digital X-ray; Dental Unit; Well Equipped O.T; Uroflowmetry; Laboratory with QBC. Culture and Sensitivity. Fully automated analyser etc.; General Ward; Deluxe Room (AC & NON-AC); 24 hrs Emergency care & Pharmacy; Cantee","[""https://www.jyothihospital.org.in/facilities.php"",""http://www.onefivenine.com/india/villages/Baleshwar/Baleshwar/Kuruda"",""https://www.medindia.net/directories/hospitals/simulia-community-health-centre-chc-balasore-odisha-10477.htm"",""https://myhospitalnow.com/hospitals/jyoti-hospital"",""http://www.jyothihospital.org.in/"",""https://myhospitalnow.com/hospitals/city/balasore/pediatrician"",""https://www.justdial.com/Balasore/Jyoti-Hospital-Near-Kuruda-Balasore-Town-Balia/9999PMULKOLSTD10969_BZDET"",""https://www.justdial.com/Sambalpur/Jyothi-Hospital-Ainthapali/9999PX663-X663-100308125908-F2K4DC_BZDET"",""https://www.genericdrugscan.com/hospitals-directory/odisha/sambalpur"",""https://www.justdial.com/Balasore/Private-Hospitals-in-Markona/nct-10390288"",""https://www.globalsistersreport.org/coronavirus/sisters-serve-amid-covid-19-other-hardships"",""https://www.medindia.net/directories/hospitals/gayatri"
247,0.5665,semantic_gap_enrichment,"[""high_health_need"", ""wide_rate_confidence_intervals"", ""high_critical_supply_gap_rate""]",Madhya Pradesh,Rewa ,phantom_desert_or_verification_gap,6,0.6167965061378659,0.5543696573231947,0.44999999999999996,0.5621019395159286,0.828,medium,0.6248,0.7,0.5,0.18761280689940868,0.8123871931005913,0.5,0.18761280689940868,0.8123871931005913,0.5,0.18761280689940868,0.8123871931005913,0.5,0.18761280689940868,0.8123871931005913,0.5,0.18761280689940868,0.8123871931005913,"Shyam Shah Medical College, Rewa; Harsh Dental Care And Implant Centre; Goyal Neuro Psychiatry & ENT Clinic; Kushabhau Thakrey District Hospital Rewa (M.P.); Sumit Hospital; Vihaan Hospital and Research Centre","Shyam Shah Medical College, Rewa, Madhya Pradesh, India. Department of Pathology is mentioned in an article associated with this college. | [""internalMedicine"",""medicalOncology"",""internalMedicine"",""generalSurgery"",""ophthalmology"",""pediatrics"",""anesthesia"",""gynecologyAndObstetrics"",""orthopedicSurgery"",""pathology"",""radiology"",""otolaryngology"",""dermatology"",""internalMedicine"",""pediatrics"",""internalMedicine"",""internalMedicine"",""internalMedicine"",""internalMedicine"",""internalMedicine"",""internalMedicine"",""internalMedicine"",""internalMedicine"",""internalMedicine"",""neuropsychiatry"",""psychiatry"",""addictionPsychiatry"",""communityAndPublicPsychiatry"",""internalMedicine"",""gastroenterology"",""pediatrics"",""pediatricCriticalCareMedicine"",""internalMedicine"",""internalMedicine"",""internalMedicine"",""internalMedicine"",""pediatrics"",""generalSurgery"",""internalMedicine"",""internalMedicine"",""internalMedicine"",""internalM","[""https://pmc.ncbi.nlm.nih.gov/articles/PMC10743911/"",""https://pmc.ncbi.nlm.nih.gov/articles/PMC6225530/"",""https://www.careers360.com/colleges/shyam-shah-medical-college-rewa"",""https://myhospitalnow.com/hospitals/city/rewa/urology"",""https://www.practo.com/rewa/pediatrician"",""https://mbbscouncil.com/listing/shyam-shah-medical-college/"",""https://en.wikipedia.org/wiki/Shyam_Shah_Medical_College"",""https://www.indiamart.com/sethi-pharma-distributors-pvt-ltd/"",""https://www.justdial.com/Rewa/Sanjay-Gandhi-Hospital-Near-Hospital-Chowk-Amaiya-Colony/9999P7662-7662-130213144532-Q7J5_BZDET"",""https://www.scribd.com/doc/153121960/Hospital-List-Rewa"",""https://www.justdial.com/Rehti/Sanjay-Gandhi-Memorial-Hospital-Ameerganj/9999P7562-7562-200101020323-F9P2_BZDET"",""https://www.facebook.com/108376015346971"",""https://www.facebook.com/mayank.jeswani.5/"",""https://qa.acelearninghub.com/"",""https://www.faceboo"
248,0.5659,uncertainty_band_reduction,"[""high_trust_gap"", ""higher_uncertainty_level"", ""wide_rate_confidence_intervals"", ""high_critical_supply_gap_rate""]",Madhya Pradesh,Jabalpur ,supply_record_quality_problem,23,0.5554178470254957,0.5170028751845649,0.817391304347826,0.42584953578924434,0.695,higher,0.2999,0.0,1.0,0.8568788745827374,1.0000000000000002,0.6521739130434783,0.4488997690689164,0.8118894536301776,0.17391304347826086,0.06978540350612772,0.37138054785295666,0.30434782608695654,0.15603828020972454,0.5086612906057261,0.2608695652173913,0.1254844588924897,0.4647039054375056,Marble City Hospital & Reseach Centre; Shalby Hospitals; Sukh Sagar Hospital; Pathkind Labs; Best Super Speciality Hospital Jabalpur; Jan Jyoti Superspeciality Eye Hospital; Naik Multispeciality Hospital; Dr. Mayank Jain's Dental Clinic,"Affiliated in a study on radiotherapy planning for brain cancer comparing IMRT and VMAT; 60 Gy in 30 fractions; Monaco TPS used; 30 patients. | [""internalMedicine"",""internalMedicine"",""internalMedicine"",""internalMedicine"",""internalMedicine"",""neurosurgery"",""internalMedicine"",""internalMedicine"",""gynecologyAndObstetrics"",""internalMedicine"",""pathology"",""internalMedicine"",""medicalOncology"",""internalMedicine"",""internalMedicine"",""internalMedicine"",""internalMedicine"",""internalMedicine"",""medicalOncology"",""internalMedicine"",""internalMedicine"",""internalMedicine"",""internalMedicine"",""internalMedicine"",""internalMedicine"",""internalMedicine"",""internalMedicine"",""craniofacialAndCleftOralMaxillofacialSurgery"",""reproductiveEndocrinologyAndInfertility"",""orthopedicSurgery"",""nephrology"",""cardiology"",""cardiacSurgery"",""criticalCareMedicine"",""gynecologyAndObstetrics"",""reproductiveEndocrinologyAndInfertility"",""endo","[""https://www.mpdoctors.com/doctors/cityhospital.asp"",""https://www.mpdoctors.com/doctors/cityhospital.asp"",""https://phps.mppolice.gov.in/phps/login/ajax_hospList"",""https://phps.mppolice.gov.in/phps/login/ajax_hospList"",""https://pmc.ncbi.nlm.nih.gov/articles/PMC6225530/"",""https://phps.mppolice.gov.in/phps/login/ajax_hospList"",""https://gynoveda.com/pages/gynaecologists/jabalpur/"",""https://datagemba.com/b/v/in/jabalpur/medical-laboratories/ChIJaf2w-gKugTkR7sOOfqKIbtI"",""http://www.healthinsuranceindia.org/cashless_hospital_india/madhya_pradesh.html"",""https://www.pmnrf.gov.in/en/about/private-hospital-lists"",""https://www.apollohospitals.com/doctors/gastroenterologist/ahmedabad/dr-vipul-worah"",""https://www.docindia.org/india/mp/jabalpur/dentist"",""https://www.medicineindia.org/hospitals-in-state/madhya-pradesh"",""https://www.medicineindia.org/hospitals-in-state/madhya-pradesh"",""https://www.medic"
249,0.5645,semantic_gap_enrichment,"[""high_trust_gap"", ""wide_rate_confidence_intervals"", ""high_critical_supply_gap_rate""]",Assam,Dibrugarh ,mixed_or_monitor,9,0.5380075542965063,0.5422997913902939,0.6555555555555557,0.47688102365305296,0.785,medium,0.5166,0.55,0.7777777777777778,0.4525833436728054,0.9367762376877727,0.5555555555555556,0.2666473457440297,0.811224570528086,0.2222222222222222,0.06322376231222723,0.5474166563271946,0.4444444444444444,0.188775429471914,0.7333526542559703,0.3333333333333333,0.12058159868274293,0.6458026525009102,Dibrugarh Assam Medical College; Aditya Diagnostics & Hospitals; Sristi Hospitals & Research Centre; Srimanta Sankardeva Hospital & Research Institute; Ayush Hospital And Diagnostic Center; Swastha Hospital; Archana Trauma & Orthopaedics Hospital & Research Centre; Magpins Multispeciality Hospital,"Government of Assam-run medical college and hospital in Dibrugarh, Assam. | [""internalMedicine"",""paediatricSurgery"",""paediatrics"",""nephrology"",""radiationOncology"",""neonatology"",""cardiology"",""orthopaedics"",""criticalCareMedicine"",""ophthalmology"",""cardiothoracicSurgery"",""neurosurgery"",""neurology"",""medicalOncology"",""generalSurgery"",""obstetricsAndGynaecology"",""burns"",""plasticSurgery"",""surgicalOncology"",""psychiatry"",""otolaryngology"",""generalSurgery"",""orthopedicSurgery"",""pediatricSurgery"",""gynecologyAndObstetrics"",""urology"",""ophthalmology"",""otolaryngology"",""cardiology"",""cardiothoracicSurgery"",""neurosurgery"",""neurology"",""dermatology"",""dentistry"",""pathology"",""radiology"",""nephrology"",""pediatrics"",""internalMedicine"",""internalMedicine"",""generalSurgery"",""internalMedicine"",""generalMedicine"",""cardiology"",""cardiothoracicSurgery"",""orthopedicSurgery"",""ophthalmology"",""otolaryngology"",""gynecologyAndObstetri","[""https://atalamritabhiyan.assam.gov.in/information-services/detail/pmjay-hospitals"",""https://amch-dibrugarh.assam.gov.in/department-highlights-level-three/general-surgery-0/department/college"",""https://amch-dibrugarh.assam.gov.in/events/amch-5"",""https://amch-dibrugarh.assam.gov.in/department-highlights-level-three/cardiology-0/department/college"",""https://amch-dibrugarh.assam.gov.in/department-highlights-level-three/pathology/department/college"",""https://atalamritabhiyan.assam.gov.in/about-us/district-officials"",""https://asacs.assam.gov.in/information-services/detail/list-of-dsrcs-in-assam"",""https://pmc.ncbi.nlm.nih.gov/articles/PMC10155588/"",""https://pmc.ncbi.nlm.nih.gov/articles/PMC10770672/"",""https://pmc.ncbi.nlm.nih.gov/articles/PMC9859971/"",""http://merd.assam.gov.in/about-us"",""https://amch-dibrugarh.assam.gov.in/department-highlights-level-three/radiodiagnosis/department/college"","""
250,0.5644,rate_ci_reduction,"[""wide_rate_confidence_intervals""]",Gujarat,Gir Somnath ,supply_record_quality_problem,5,0.47066808309726155,0.5048795914524817,0.5900000000000001,0.48235125806180296,0.776,medium,0.6263,0.75,0.8,0.3755282641185388,0.9637768390302125,0.4,0.1176182311592533,0.769280067791163,0.4,0.1176182311592533,0.769280067791163,0.2,0.03622316096978745,0.6244717358814613,0.4,0.1176182311592533,0.769280067791163,Madhuram Hospital; Rural Health and Community Health Center Maroli; Ambujanagar Multispeciality Hospital Kodinar; I. G. Memorial Hospital; Relief Ent Hospital,"Madhuram Hospital listed in Rugnathpur, Khambha, Amreli. | [""internalMedicine"",""internalMedicine"",""internalMedicine"",""internalMedicine"",""internalMedicine"",""orthopedicSurgery"",""internalMedicine"",""orthopedicSurgery"",""internalMedicine"",""internalMedicine"",""internalMedicine"",""internalMedicine"",""internalMedicine"",""internalMedicine"",""internalMedicine"",""internalMedicine"",""internalMedicine"",""internalMedicine"",""internalMedicine"",""internalMedicine"",""internalMedicine"",""internalMedicine"",""internalMedicine"",""orthopedicSurgery"",""internalMedicine"",""internalMedicine"",""neurosurgery"",""spineNeurosurgery"",""criticalCareMedicine"",""orthopedicSurgery"",""internalMedicine"",""internalMedicine"",""criticalCareMedicine"",""internalMedicine"",""internalMedicine"",""orthopedicSurgery"",""internalMedicine"",""internalMedicine"",""orthopedicSurgery"",""gynecologyAndObstetrics"",""oculoplasticsAndReconstructiveOrbitalSurgery"",""plasticSurgery","[""https://www.onefivenine.com/india/Places/Taluk/Amreli/Dhari/Hospital"",""https://www.onefivenine.com/india/Places/Taluk/Amreli/Amreli/Hospital"",""http://www.onefivenine.com/india/Places/District/Amreli/Hospital"",""https://www.justdial.com/Jamnagar/General-Physician-Doctors/nct-10892680/page-4"",""https://www.justdial.com/Una-Gujarat/Madhuram-Laboratory-Below-Madhuram-Hospital-Behind-Somnath-Guest-House-Una-Una-Gir-Somnath-Ambaji-Nagar/9999PX285-X285-170927234413-C1Q7_BZDET"",""https://www.doctoriduniya.com/doctor/dr-avinash-kundanlal-maru-orthopedic-surgeon-rajkot"",""https://www.indiamart.com/madhuram-hospital-dr-himanshu-gandhi/"",""https://www.grotal.com/Jamnagar/Multispeciality-Hospitals-C108/"",""https://www.justdial.com/Savarkundla/Madhuram-Hospital-Pipar-Vadi/9999P2792-2792-170927234400-D1E7_BZDET"",""http://www.onefivenine.com/india/Places/District/Rajkot/Hospital"",""http://www.onefivenine.com/"
