row_index,capacity_pred
116,56.31643725801767
117,354.1407947838623
122,55.23057493915149
162,98.02916178379002
164,44.7885484584753
179,61.49228453195226
215,81.84895370578342
255,50.40309033251756
284,141.00001894896374
285,84.13674962008551
296,71.51035687498339
297,42.164023649334034
298,28.32071863890992
300,160.52834161703365
304,38.307436779281666
306,98.87496831626767
318,84.18913868267423
321,87.89698000763643
322,51.39695198155937
323,103.00646342103197
326,89.56185566788758
330,23.668422249056857
333,85.11188147104974
344,335.7722660484056
348,82.72603501838759
349,104.93733448682868
351,61.78751438491984
361,31.688064661838396
362,17.939856650433317
366,204.2985530570058
367,14.869659572494138
377,38.23773774423761
384,88.1049385601491
388,36.30256744532499
390,31.60885971560977
393,92.34314697797134
405,227.98322584516956
406,16.3204652652925
412,38.42787389237691
417,20.701559042856495
418,114.73759339190873
420,55.489837750013464
426,106.30145972481067
428,328.6448710294802
433,30.536656453187387
437,87.90713332233459
443,10.43447931030255
447,52.02139547522149
448,94.01210752204054
452,69.25312155630385
453,36.46166574511591
461,59.877285798691176
470,19.80191046897275
474,24.332318036985324
480,79.88485216640036
481,563.2437086390552
482,36.58254026095838
486,42.88368323099752
499,60.99789405647395
507,114.48078668762638
508,34.00161212204211
511,59.95973565736434
514,169.9582561306405
515,60.31154461304119
523,46.62577658816222
525,271.2439005082039
526,1285.6284233714885
527,69.13305006033379
529,89.53916862065773
532,34.50528465831646
533,99.41995760552288
536,70.28428858150403
538,296.1975746518061
543,200.93690808908818
550,21.0180528376892
552,77.27915611048964
556,75.7949940889417
558,83.90605943122452
560,12.411313007349458
564,29.51602823202301
569,267.84256540940385
570,107.40654126374805
578,46.06889088290962
579,151.5372445200018
581,49.96935260898319
586,48.39061281689793
588,51.413894542621094
589,32.26363926868826
591,162.79809430022806
592,10.796837136952181
593,62.02090157098125
595,28.78217385383162
598,104.08624617749217
602,29.810513870180902
604,42.223875661414645
607,146.47483234137115
613,30.312381840394117
614,49.179318885187335
615,76.96309932117497
617,107.44531727380075
618,110.20929470928876
626,42.674517849851824
628,8.780402700682147
632,24.996539399846252
633,73.4392980115027
635,58.52186957577024
636,129.73031043853243
640,44.795256018507985
642,63.07607649001466
648,66.89083410938134
651,34.965202564203295
659,59.185489789361135
662,165.3797767519369
668,346.36843485214183
670,44.518331431748926
674,60.75646099288216
677,100.20269053395931
679,285.94685344514477
680,625.4301522874911
682,178.6304478681778
686,32.18700697550083
687,107.78329748064759
690,91.09439788497747
692,88.62871639472284
696,58.795640615428056
697,55.203725866446554
699,601.530094056444
701,120.10961071584047
707,21.702335830077107
710,23.784050028453766
714,170.11508350744512
720,68.9455075777003
722,59.104191134881106
728,120.19168982309196
730,62.722389368738035
738,100.37547001161725
744,15.766867342130256
746,89.84385312194905
748,166.38396593724755
750,45.2326844975315
757,76.34882468358899
761,66.61947247001864
766,11.384426784013957
767,19.48313809141297
769,463.96124276187896
771,113.11989457068758
772,57.66571507737491
773,59.77169735366771
774,125.10433312629986
778,64.04213709883209
779,82.44073389670501
783,88.3700538484956
784,32.40432165519133
785,40.64768238202557
787,77.71942964658608
788,39.76239837100738
794,77.29686839201213
798,75.27118420715487
799,11.128050096972093
802,63.93414282309929
817,25.27186449337446
818,53.72989674743653
823,116.18733023143902
825,67.96749162776545
827,50.762273014243235
832,24.862713746841987
836,106.2560892608728
838,46.382550919565276
841,99.32628321052412
842,43.54369933062641
846,40.30440280477799
847,675.03751126491
849,93.224219685207
851,112.52172531404992
859,60.53847163864394
860,27.54678591803141
862,44.13832042469466
863,57.69114460706258
864,22.12718743045541
866,7.5515269090154815
872,110.4818458006902
874,88.00903702479935
876,74.23409629013696
883,110.73958280944363
884,29.626055986860088
885,33.519120032082164
886,36.22975409424166
887,122.59450263762137
890,32.277292784882015
893,47.89591747673131
895,30.946594612308097
896,79.91769458186329
905,27.708282940052193
906,14.559017920705145
909,29.70054591368191
912,26.260939445061204
914,126.69260553021348
916,37.615998201201094
917,29.295288544013147
918,36.07119241224914
920,68.44028311285365
921,354.5149560869111
922,286.5102451888287
925,23.975580660940686
927,14.025234909954225
928,199.60123054247006
930,101.9692568121812
931,7.021109729489544
932,32.493121154136716
934,12.467872618819174
940,19.52464305776121
941,114.25937789146174
942,10.158185623858223
943,74.41541370731967
945,55.85731307779136
947,74.79667161531422
950,30.60314595366607
953,101.78862209054329
954,111.29542883218183
956,40.43272654526464
958,78.78939985722953
960,446.6606516457683
961,17.876346351939265
962,45.5998977958489
965,56.97572622075601
967,55.03088778066729
968,10.114449984841785
970,107.26135020928005
972,26.797828315646985
973,6.334427312581346
975,177.29256079488252
984,114.99343345570573
986,19.655873782634544
988,121.18783691206806
989,39.64337697151271
990,20.854783262615967
991,75.47175524472702
993,91.13260221840122
996,28.42827315696464
997,14.990228613582872
999,94.65597746034106
1003,92.4255068028722
1005,142.85904345935342
1006,61.407124221480146
1007,24.632772986620527
1008,37.46135911826014
1010,22.288121871543876
1012,157.3363120838483
1014,62.733417763986935
1018,121.03369732702252
1019,95.81134728934221
1020,87.38449023696114
1022,17.201045826345958
1024,53.78936189391685
1028,79.54456276468223
1029,41.82675431113294
1030,37.12375828858783
1033,48.37745535506135
1035,57.31001843642855
1037,19.26600045604364
1038,35.17445966400701
1039,13.253287658791985
1041,7.442815364903755
1042,71.69114394654333
1043,62.353454276122214
1048,21.746786068016785
1049,16.01021391306561
1050,47.896605660113856
1054,24.824776103670768
1056,41.04084927072615
1057,150.7155592576572
1059,55.09423131176506
1060,16.246901448822385
1061,44.21781256540793
1067,81.10639923231913
1068,29.02096843953154
1071,38.65227033551605
1072,107.8616892701537
1073,21.596990445914933
1075,423.46169831979574
1076,19.99616499339121
1078,48.897316674823465
1079,53.8838222129323
1080,24.98001389072083
1084,13.746748239178336
1087,125.21052427280759
1095,44.28405098614627
1097,93.8398365357262
1101,117.65403517736368
1102,13.862311156277174
1104,273.546875342093
1105,188.32832872292516
1115,29.37906677254766
1116,65.63524308307345
1117,47.06612518328796
1119,55.45137230852969
1121,19.894534135559798
1122,96.56276834283655
1125,51.18370884035046
1126,18.64425728018927
1128,82.31616685372056
1130,34.64151472394435
1131,46.63101674656305
1134,78.574895143642
1135,312.3178172495312
1136,333.7972617820662
1137,15.648535629666108
1139,69.55555667982703
1142,33.86145347318535
1143,63.069766249538056
1145,51.38793439253468
1146,27.638390039244367
1149,58.13221627516256
1152,56.25713124215459
1153,137.69722566415967
1157,91.07512255670626
1158,143.1296888475534
1159,41.00659808394319
1165,138.90329347868678
1166,95.10861420511264
1168,70.29566191315183
1171,221.351242969992
1172,25.66032609785495
1173,17.638466205091472
1179,30.8776093800687
1180,89.30238186672455
1184,31.77545394213503
1186,353.8904517274912
1187,98.50099733727338
1188,53.57882106457546
1189,193.84841948340545
1190,75.71297743550846
1191,29.127360051662404
1192,65.8687258567403
1193,42.01412987999126
1194,35.77532949991424
1195,55.77636126998869
1196,76.10015463343703
1197,33.30917763163255
1198,89.02471861810169
1199,13.150356566278452
1203,52.870204168575704
1207,61.969939586724216
1212,101.9251519995088
1214,37.04717917166367
1215,17.638891115942887
1216,45.10881133074661
1218,139.67296736532126
1219,17.234858159508782
1220,378.1080330710583
1221,158.44822134242173
1222,17.206164536060836
1223,121.69427087397692
1224,13.156396161646674
1226,70.5587031286514
1227,8.61884119081752
1228,230.16922305565214
1234,50.20109265099214
1237,152.50606889744063
1244,280.7539964195891
1245,113.7794714503158
1247,35.54291132736944
1249,48.55390446496014
1251,35.34830628867371
1253,25.363334720205906
1256,136.16157546030558
1257,314.1191252114041
1258,21.497180329329392
1259,73.68509632189327
1266,113.7285036831635
1274,45.68302305916339
1275,28.165260590676496
1276,35.49828928592547
1277,35.716302631513514
1279,16.183794941710172
1280,51.044700906724515
1282,22.98965894166466
1285,92.10243573640719
1286,47.63408176495603
1292,9.862556688725178
1297,43.91781992860241
1299,57.3775431452938
1300,19.64873145158699
1302,51.734558178874636
1303,24.760408290726467
1304,303.70043172878485
1305,16.921959298457306
1307,62.43942510243215
1315,406.5719407244669
1319,44.69422009650629
1320,40.80366127405284
1321,62.31392057745068
1324,63.11773197617964
1329,61.802674560027214
1331,96.50507300902312
1334,71.21132234408921
1335,82.77776644357525
1337,516.27913983075
1338,48.53594931320677
1339,33.048190334234384
1345,19.74919310413461
1348,77.66578259731502
1349,30.04638945240943
1351,38.06769660976384
1354,17.202794074488047
1355,44.04454499978094
1357,77.96667108509808
1361,249.66334712707925
1362,49.42865161544921
1365,78.2960655395071
1367,28.201127467619152
1368,129.18281874786845
1372,378.5940887401662
1374,48.46075295338334
1376,20.02678261388334
1386,107.97449527882593
1388,51.72411983603006
1390,19.989160229464115
1393,83.8457994082085
1394,31.568699983263222
1395,47.338592085111046
1399,44.159778944843715
1402,56.354956359659276
1404,9.518684225783355
1406,56.03365964676132
1407,15.642280972201338
1408,16.499406797647303
1411,65.20684030075682
1412,13.895029462390784
1413,74.91458794465187
1415,18.12010183151248
1416,27.590486217418697
1417,99.93430589681233
1422,19.721398900837038
1423,19.020830754823066
1424,24.362343983369378
1425,5.76975995896397
1426,118.28084413330288
1427,48.746117836911736
1428,38.94683206984865
1429,16.780164786470394
1430,102.42574408875032
1431,10.13612737845358
1432,17.80247718255918
1434,30.503815571645262
1435,20.1904559881568
1436,85.03907170872623
1442,72.81830563317716
1443,156.03772496611688
1445,35.93034779552419
1446,26.495978222658458
1447,57.78850743114749
1448,47.147179674242736
1449,36.27456744691399
1451,76.81264189808309
1453,19.54970294706095
1458,106.49215810175592
1459,85.89611919150408
1460,14.03483191707067
1461,34.56886068022752
1462,19.852481287606096
1464,91.08106868780547
1467,37.28247217784446
1468,77.49466191915121
1470,826.836624802733
1471,13.905434125273608
1473,92.01380591297881
1474,62.0771962241601
1475,53.974092457038864
1476,63.20378699497966
1477,12.54212917058341
1478,16.426500052972074
1479,17.488525646169606
1481,9.47829463881351
1483,53.84487643892951
1484,51.54533654491179
1486,22.422916403197128
1487,45.63484571268655
1489,50.89122162638367
1490,37.1679914474189
1493,49.51353062664278
1494,59.55753082421805
1499,12.126865353925112
1500,22.387987716756104
1501,11.678626510443971
1504,47.8537227064283
1506,24.78802551899417
1508,133.72447264025
1511,82.42535046157032
1513,25.49512137580744
1514,17.14112362160297
1516,82.87711990646523
1517,6.0983073096724985
1518,119.65223350112463
1520,20.52388245021233
1521,22.46304512639611
1522,56.117940246904915
1523,14.410723921842148
1524,54.82373415625572
1528,58.83904710261609
1529,70.92841696870606
1531,60.63155493040854
1534,24.31076643896922
1535,22.706412629750414
1536,87.70046645612106
1539,180.48891716742207
1540,330.420657386045
1541,41.89877089134801
1542,68.07125781142273
1544,87.54958591883046
1545,80.2071664829814
1546,108.90431781713833
1547,29.647427324447957
1548,65.18931207379167
1550,27.634080304069535
1552,30.253484937863803
1554,108.2778988614186
1556,17.402846381012154
1558,26.204063561875465
1559,14.629526634006547
1560,62.25032591936228
1562,135.0176283967784
1564,33.20631305081872
1566,23.339734411721928
1567,6.17702336009426
1568,72.71753494425617
1570,21.660230754421683
1572,52.763333622665805
1573,32.70153903643244
1575,17.7561319700511
1576,21.391014454456737
1579,108.83366737152716
1580,29.519480671278973
1581,26.517009905511173
1582,37.88025074693148
1583,41.53747320170563
1584,32.22327933991238
1585,13.081120051671189
1587,88.56568553121184
1589,119.96115507591482
1592,7.608925331829316
1593,251.3551364423004
1597,23.869727726115606
1598,9.810058469806203
1599,127.76050243414466
1600,17.485292252382195
1601,75.07517357870071
1602,6.015272871294731
1603,70.95756926260772
1605,1083.6049175298742
1607,5.484391271750499
1609,95.55795518551552
1610,24.27254809044793
1611,42.24747593099106
1612,15.077950405414189
1613,25.23047599828386
1614,67.06253996392464
1615,35.693457491619334
1618,122.59967180517712
1619,25.121420021847584
1620,6.546614376817565
1621,17.727572706943224
1623,48.53543998905999
1625,14.920465524502998
1626,10.784542188460826
1628,53.07541632023887
1629,13.517138672606213
1635,19.44024778229135
1636,35.86881389282719
1638,41.444150231428154
1639,23.297828558768458
1640,34.54313436383569
1643,106.32036808798503
1645,23.72011785220694
1647,105.00585933508255
1648,19.308032471528566
1650,74.13633977820923
1653,68.649570178034
1654,9.318355031691093
1655,13.762279943095473
1656,117.02388168871835
1657,52.17024690257736
1658,9.73393469348166
1659,21.98765638971996
1662,42.45939953447641
1664,64.13860582457714
1665,70.64525456076711
1667,12.041580528531776
1668,21.879047429918707
1669,9.626225707034944
1670,9.288828966618066
1671,29.7174819487436
1674,76.61992931267388
1675,30.491127720547016
1676,67.27907972046808
1678,138.0988016073642
1681,33.6112420490598
1683,33.87173939934198
1684,40.27044428850859
1688,35.81820028273005
1689,62.61591676392349
1694,18.64668296549877
1695,107.82471958255643
1697,72.59530500873296
1698,16.663266751295527
1699,63.934410386375106
1701,40.85811916726628
1702,47.42329781094674
1703,33.89603724703167
1705,51.63207458261148
1706,118.0518790988471
1708,19.667804036864172
1710,139.48541475077366
1711,36.21355178059538
1712,106.77175922743865
1716,11.352086564758569
1717,10.058856965421644
1719,32.635108732707714
1720,10.34896134057982
1721,15.822030018065906
1723,11.432420769245123
1725,40.423023061572174
1726,6.709606704337311
1727,47.638629944726986
1728,94.12277244322979
1733,46.49451684373279
1734,23.88359435063385
1736,243.4988198703648
1737,77.5737762733015
1740,35.79773946662809
1741,59.147196239870645
1742,64.12741127815623
1743,11.43286790093113
1746,113.35369561566789
1749,32.0341451296683
1750,31.921958879425606
1751,10.699565878338493
1753,42.353941229833495
1759,42.51816606140727
1760,39.757585429238055
1762,58.477685414280394
1765,87.4109089179009
1766,120.5851844826293
1768,70.11585033815335
1770,228.2882647654055
1773,16.410250530250874
1774,22.942073935972353
1775,59.47072711334136
1776,7.791988413677226
1777,64.9353411373287
1779,45.024709524895506
1780,19.511162786470383
1781,17.57587811125257
1782,36.79944360815287
1783,236.6284838686448
1784,236.6284838686448
1785,236.6284838686448
1786,236.6284838686448
1787,236.6284838686448
1788,236.6284838686448
1789,236.6284838686448
1790,236.6284838686448
1791,236.6284838686448
1792,236.6284838686448
1793,236.6284838686448
1794,236.6284838686448
1795,236.6284838686448
1796,257.1909956637988
1797,18.314385380489714
1798,39.743263614806146
1799,31.287824691682836
1800,38.13417826254346
1802,95.074210238506
1805,85.80956322402969
1806,91.6919703448838
1807,17.32987631567797
1809,50.75341310216211
1813,14.910953112004513
1814,61.435275410354166
1815,49.31752729254896
1816,7.862587328660161
1817,20.969704259881382
1818,65.88023356495415
1820,14.617309480602527
1821,15.445401130428161
1822,62.063895727345894
1824,21.922609577152578
1825,149.25026635240653
1828,38.42882565211227
1829,22.43385180128611
1830,53.03638004933485
1834,51.26180053527674
1835,28.039486287994634
1836,34.96535215506943
1837,13.412925981398036
1839,18.73982844456029
1840,96.2796671463339
1841,383.35663961235497
1842,26.335306744524136
1844,97.59192967942155
1848,73.72623513384156
1849,93.57816397406583
1850,41.90198369538201
1855,127.37277913218415
1857,70.17052540027437
1858,430.9609247936006
1859,55.85517895482746
1861,56.20792402828797
1863,44.3322029947394
1864,10.541380443971958
1870,41.080697305591706
1872,8.619888655778269
1873,15.69067815384953
1874,19.701473114108182
1875,41.707441216544424
1877,113.28125354610262
1879,108.28299541931518
1880,10.574267609916228
1881,18.50097632741966
1882,25.2319323629431
1883,25.487500040842345
1885,14.059075969031959
1886,23.804454517254737
1888,8.553159848612848
1889,9.376422265685976
1893,21.682543282148746
1894,46.498617619403866
1896,27.811979775949503
1901,392.91930585990104
1902,5.7284953113981105
1903,11.021953373968604
1904,61.649920813670576
1905,52.30507070585927
1907,41.624716478381764
1911,44.692776987974625
1913,79.18720868327534
1914,14.64116512196788
1915,27.213558407624877
1919,12.976397350107396
1921,121.80697311560287
1922,10.399937358673746
1926,78.64707789784124
1928,45.58801837402803
1929,65.56818419159585
1930,178.795188358802
1933,32.1513462727609
1934,5.51541301155335
1935,70.68575430667875
1936,36.740299794066246
1938,21.45364094548047
1941,71.90253767821604
1942,103.22949477067439
1944,38.360682490831415
1945,15.822556969992965
1946,60.27091532319508
1947,318.7246930665977
1948,55.42657080143434
1950,30.2915509768972
1951,20.04635173868202
1954,19.064732723226545
1956,117.01676922566664
1957,82.19878093063797
1958,46.13109862954337
1959,10.904514604065499
1961,86.98847698317353
1964,56.58302539030152
1965,25.031516252100683
1966,12.990917485600026
1969,227.58977608703822
1971,45.956783597070725
1975,4.079370621952206
1980,34.34705243959011
1981,58.806969118910324
1982,99.4911355071295
1983,40.1059689316064
1984,994.2259778236794
1985,18.854503629334253
1987,63.473655294121166
1989,30.036719531108545
1990,13.964039581602554
1992,7.981830092349282
1996,161.91461874590235
1997,19.53631044136471
1998,48.2054048894662
1999,28.49003289268386
2002,53.41502415164877
2004,283.5497700115749
2005,52.269111133377514
2007,14.448882376266555
2008,13.503550135058699
2010,57.93907355677074
2011,21.988658962094856
2012,54.10590193585418
2013,41.37766423984515
2014,19.580597729497025
2015,50.48925148733516
2016,14.744839325788556
2019,4.885079759660614
2022,87.08729651271545
2023,45.34132781775811
2024,16.857824907683977
2027,30.581391634337233
2029,15.65944065706991
2030,13.134780943382362
2034,39.2269504363567
2035,74.43004406535337
2036,55.86313901575931
2039,85.88714859558362
2041,32.203957245742544
2042,28.09528790226087
2043,95.47229091271413
2047,19.008698852227532
2053,183.53356053563675
2055,11.33030794704976
2056,52.53452479179322
2057,116.76150253213629
2058,9.70473696492448
2059,46.94262996109849
2060,11.773856833825082
2062,61.6365207280795
2063,33.014328630289604
2065,35.45586968089312
2066,39.0496911263582
2067,17.84652940324383
2068,20.99335969707223
2069,108.69248885680892
2070,132.74504568812435
2072,8.112470941876945
2073,140.02997076953713
2074,13.682439970838228
2075,53.94778579691062
2077,28.17528204576698
2078,81.80432766435949
2079,28.346446291645787
2080,15.233155182482982
2082,75.02889553293194
2083,8.391399633899459
2086,12.008011570531272
2087,82.41433008477446
2088,221.8825904453887
2089,48.39357281717998
2091,24.24587464058964
2092,86.62707452316889
2096,18.19204735192283
2097,59.985349713674516
2098,24.14471429784964
2099,30.160944949936084
2100,20.058681895720373
2101,50.73046794534742
2102,17.35932097131969
2104,11.027752074787859
2106,32.71213724878385
2107,8.06675991062683
2108,51.909523752990644
2110,19.80634733650881
2114,59.23409364246222
2115,47.77707672696648
2116,14.892355289659768
2117,59.130242903175784
2118,19.903753730491875
2119,118.14189758070843
2121,91.27049421712712
2122,73.48363481433563
2123,39.54944991718533
2124,10.241219808610007
2125,16.96468054856257
2126,91.90504494569524
2128,54.338152092026654
2129,5.692805849221818
2130,37.9209261714228
2132,29.88115099094361
2133,57.59214894767977
2134,30.16157646986585
2135,236.6284838686448
2136,257.1909956637988
2137,236.6284838686448
2138,257.1909956637988
2140,41.12249332409149
2141,4.814933911074756
2142,68.09394005459117
2144,60.41436569317415
2145,97.35941043071679
2146,46.31454173599088
2147,50.21317677466276
2149,19.192248259002856
2150,11.325840933675089
2151,32.45557958530891
2152,17.832155101820433
2153,20.485054528674052
2154,18.713477684801475
2156,15.12786904169434
2158,25.827700037700712
2159,12.544375685037851
2161,49.036310409441235
2163,180.75833888301588
2164,33.75736411037345
2165,70.17212537173202
2166,35.10931340660627
2167,124.8771359262631
2168,17.250241269200053
2170,75.4243425776744
2173,22.28052524429672
2176,63.66995826653116
2177,19.14105693426508
2180,38.99875557095055
2183,14.919050822073102
2185,53.4739183623496
2186,46.088862466358975
2188,26.25476292940866
2189,14.98342417610423
2190,24.27711743687389
2192,13.531662639120123
2193,123.48356891686319
2194,26.005083326562282
2195,11.273098460165244
2196,12.33602483514344
2197,21.873262069375595
2199,115.62012282533018
2201,87.35587739373727
2203,106.08149404474473
2205,59.1699855381501
2206,16.93160054463112
2208,53.33141153139465
2209,14.897645123094089
2210,29.193590173658166
2212,148.82915162590362
2214,19.426950706813955
2215,96.61620103641303
2216,24.384802605331274
2217,65.38828744057913
2218,89.3587910289802
2220,16.099797954491816
2221,19.30354206775916
2224,52.99073897872155
2227,19.40607052891122
2228,55.51430289074709
2229,51.95195576270815
2232,21.40659834964075
2233,71.83259543241194
2235,154.7166074272647
2236,14.565027669955125
2237,10.689891482969438
2238,5.674485610789309
2239,29.334795394346028
2240,17.472541052305722
2242,14.52358937725326
2243,27.682619149002342
2245,32.72650802744518
2246,13.140159832287013
2247,92.51197447162124
2249,21.997814735082823
2250,15.253764279793545
2251,66.25809432101428
2252,82.21065734887765
2254,17.161686054612826
2255,44.491062138436874
2256,10.447660581679594
2257,57.05053423751854
2258,20.409459625607116
2259,19.764727092633304
2260,8.143596198662898
2261,49.38568801628731
2263,17.697266544601238
2264,23.488636705194587
2265,53.99948614731053
2266,10.46630940442783
2269,23.42581491518733
2271,40.50175511225826
2272,23.175906746069558
2274,91.19036353183117
2275,15.194399102639844
2276,175.40316199764897
2277,29.88607532890517
2283,30.264339500524652
2284,41.36857935786888
2287,11.345674299808135
2288,81.3970310636356
2289,29.731877265777957
2291,139.4831858706557
2292,108.97076235461093
2296,153.70861435281532
2297,15.495764474031157
2298,164.31855169183035
2299,38.60210561561717
2302,41.79154209401935
2303,87.2491371192374
2305,15.19566830768148
2306,9.904218104510006
2307,33.7741444755011
2309,11.85178749351101
2310,34.313506260631485
2311,112.98648986480872
2312,75.0803928328374
2318,49.66814338123426
2319,13.252928143419767
2320,91.85031235026304
2321,48.03019746945862
2322,16.96687193437045
2323,145.04127390936313
2324,13.207919779534349
2325,107.07440215242093
2327,20.833361130547647
2328,12.882264808661922
2329,17.47072863371627
2331,4.942977031742208
2332,9.504395108359397
2334,28.313479686423612
2335,10.909402339277564
2336,106.83797434173803
2337,163.26523538796783
2340,17.158218619209915
2342,8.548717572563387
2343,35.051697537545486
2344,9.346863205582276
2346,113.51688009341113
2347,34.60700599710612
2349,37.3564736852348
2350,40.50583170851821
2351,32.39333222682674
2354,25.771419647719057
2355,83.67185117485805
2357,22.446653107054516
2358,23.868187348096203
2360,24.178296954905615
2361,10.48405282484953
2363,44.72571053732054
2364,20.71222389797607
2365,84.90257439454757
2366,17.620714506151927
2367,13.828548491198601
2368,35.944245438818825
2371,20.312777391658077
2372,32.742897402942276
2373,18.473013945646098
2374,15.442060430068254
2375,61.840007236619904
2378,17.66116049848293
2379,53.66190399461825
2380,12.906293645917152
2381,90.06784659237056
2382,80.56266513921187
2383,31.358163862776617
2384,8.686881200649347
2385,22.134840801385685
2388,8.274919640646269
2389,33.91084711987031
2390,91.57009445443026
2391,24.698662298908506
2392,30.073308161949846
2395,37.04643247345682
2396,15.235617443103855
2398,8.499318370067764
2400,34.86507746349409
2403,64.81472303233456
2406,165.46868776877528
2407,39.37030568247676
2408,11.033621795172387
2409,72.02426325452937
2410,19.780309345100292
2413,7.857623963547869
2415,30.832042940478633
2418,23.0326449636328
2419,13.471761453757482
2420,29.58570236901094
2424,71.46997864743854
2425,57.44005070130795
2426,52.00196642548604
2427,236.6284838686448
2428,637.7964713096569
2429,9.695587919883993
2430,39.84125043252606
2433,15.66839631441065
2434,97.17747052132873
2437,68.52967182148922
2438,59.44367539046102
2439,67.06134806032982
2441,71.14577160923075
2445,55.89671966697055
2446,266.3769737227001
2447,31.43380875536592
2448,45.145230300972706
2449,257.1909956637988
2450,51.34345839747344
2452,8.150125307684636
2453,66.83321258330162
2455,8.192771831092196
2456,22.467472079006644
2460,72.81894347095624
2461,16.19736201460094
2462,96.3304160994656
2464,10.455539120826838
2465,49.103233370047384
2466,12.68220814784327
2467,19.448455774983703
2469,20.88911501202577
2471,52.65688543732939
2476,6.49674180521976
2477,34.88404106206241
2478,67.54399351497575
2481,72.77901507513701
2482,55.02703184566508
2485,33.78403337078106
2487,69.69083313729725
2488,14.647637462186479
2489,53.192781269465804
2490,39.433293554219816
2491,39.90516281329841
2493,43.64822300965569
2494,156.4825976173484
2496,178.76342987802744
2497,10.843807649126504
2498,70.69685407468751
2499,77.42433643912072
2500,24.685530825430376
2501,14.894952886011161
2502,88.54461417756595
2503,16.856015725581074
2504,77.94235628240403
2505,21.652646002875883
2507,36.07004221033585
2508,36.75456214110938
2509,85.20714207667605
2510,22.42416233369262
2511,103.83989912364343
2512,33.33540346720573
2513,58.21143524696633
2514,3.3372508429747305
2515,99.64512294928339
2516,99.30454179062538
2518,13.556939146464765
2519,134.97460095852253
2520,13.26575922024431
2522,70.78580563390213
2528,11.513595633514772
2529,58.983192716019374
2532,31.69045786199851
2533,6.290961807490405
2535,46.37413762244115
2536,10.836125908387727
2538,95.64588199608063
2540,47.83893871820862
2541,57.77958917253427
2542,28.96631127511529
2544,50.494339249813365
2548,29.513226272552682
2549,18.37718543427503
2550,85.57761870329848
2552,17.917185563058005
2553,45.45779984989238
2554,16.93067630029949
2555,58.115088089772115
2558,44.25840045818808
2559,16.900046418885935
2560,23.774123747091647
2562,13.088388382853504
2563,108.97992848963851
2564,73.74290722665775
2565,142.9905333320657
2566,14.022104676676333
2567,16.727507967776596
2568,162.42212486733243
2569,30.87707242224956
2570,99.79018421834223
2571,13.33388635554294
2572,74.41863295245317
2573,30.45721621769511
2575,47.99620569746822
2576,107.61119281957104
2578,14.063319599826507
2581,56.24119624600097
2582,48.90293585140971
2586,82.34278979787857
2587,53.73709049646345
2589,16.31376904039263
2590,15.073933437931426
2591,32.762656310688406
2592,8.566847279469087
2593,26.592279208932172
2596,11.164613941264788
2597,18.99945080830121
2600,4.521282671414891
2601,11.641973288826575
2602,29.288080337703445
2603,6.243733450732365
2604,21.47696360147693
2606,45.56653914021613
2607,18.578170627664214
2608,11.859447500259424
2609,7.254658816103316
2610,24.307499505741138
2611,8.637807927125081
2612,16.328143427078096
2614,47.19670777052759
2615,7.229678005906176
2618,91.55375712384027
2619,45.41206676492786
2620,17.452648266988252
2622,11.018161479572447
2623,981.6042173549122
2624,24.054886267609625
2625,105.36962121362895
2628,9.956695581543402
2630,240.0318209286587
2631,22.553474165884683
2634,20.760006834890582
2635,17.358529506907995
2636,23.053032716159134
2637,17.621661935601114
2638,39.71106465717091
2639,62.68081955616161
2641,31.68589951290021
2642,2.839763453843028
2643,106.87912725209077
2644,21.264793097319732
2645,14.757999636562221
2646,54.27511666614051
2647,18.477250886809774
2648,74.37190386861921
2649,21.580042347898605
2651,33.62617061212651
2653,14.343028698642572
2654,52.942307706974
2655,41.595397204887426
2656,17.00086253249703
2658,25.71065223218784
2660,90.66195157850365
2661,57.3140092905606
2662,13.78824438527399
2663,9.249690291490035
2665,13.101170636332164
2666,128.8616191790076
2668,79.88816457439903
2669,17.548552310197614
2670,49.85525815622603
2671,73.42246326441942
2672,236.6284838686448
2673,558.0933299742301
2674,53.5089689964749
2677,105.6257444045399
2678,27.843228752418323
2681,54.702325204128655
2684,19.95146697162321
2686,38.356933417618066
2688,62.67044078610701
2689,87.4104955232442
2692,8.588679130710851
2693,11.143701181131913
2697,35.04874001548966
2699,15.840758401441226
2700,75.34500737859918
2701,46.863261414549925
2704,114.39494521369758
2705,4.499884467892479
2707,12.032483268489347
2709,21.43656004463836
2710,134.2033035875822
2711,23.32372164475241
2713,113.22884318768064
2714,80.52812719630717
2715,31.776680633143375
2716,19.921776737186036
2719,190.0483241987386
2720,25.03178477769536
2721,9.85410644736407
2722,36.003337637033596
2724,64.30901885680213
2725,44.30890974263183
2726,91.93304521164886
2727,10.510751008708588
2729,24.50047514894242
2730,58.70897833281127
2731,25.449622425197145
2732,28.018083793850757
2733,50.01510987188091
2735,52.46850812475178
2736,68.88887617982701
2737,322.97918833805215
2739,68.17845416721794
2740,31.56324125876277
2742,6.305210681869036
2743,19.05979601811582
2744,73.93230483481268
2745,28.98458530418458
2747,16.23915240302467
2749,5.4540275974209855
2751,25.799985654335494
2752,169.55354053430662
2753,7.3512905945973825
2754,38.981306243524806
2756,50.79357770970964
2757,114.43071772529134
2760,114.33764414126222
2761,26.240449192497746
2762,8.555385116871236
2763,17.12034630071519
2766,55.862906926049206
2767,12.183267844789166
2768,30.834465524085868
2769,67.22609334061023
2770,656.8652700327174
2771,78.62849892759469
2776,111.91285968296563
2778,253.1205235951412
2779,15.86886961152
2781,44.30774525394106
2783,32.71010992697983
2784,61.06604201448587
2785,28.82423421771161
2786,32.46351938760721
2787,19.845989312605337
2788,68.55578545144785
2789,48.98262745356385
2790,15.803098298026919
2791,49.533313249805
2792,6.5821933082685975
2793,6.672164583029976
2794,26.930155570900205
2795,27.029820572944242
2796,39.86961223008251
2798,35.75462765487275
2799,38.88777494346
2800,18.649520078765413
2801,39.095340353923156
2802,257.1909956637988
2803,34.85747989336117
2804,9.448140974316045
2805,16.50885655449245
2807,9.941671954397277
2808,325.57154646924056
2809,56.64204812199232
2810,19.823802541366568
2811,65.88422682825973
2813,12.112851621963149
2815,107.08730632469549
2816,19.610756876040995
2817,13.50684910747655
2818,67.19335435445849
2819,49.946709524685204
2820,40.46893507976645
2821,9.29509613543004
2822,8.615440138085786
2823,24.52705751671724
2826,7.73149455581366
2827,30.769142406574048
2828,15.663597093233419
2829,37.54620273714574
2831,66.96162324574291
2832,7.717923028521888
2833,164.07295753604333
2834,22.30358956387422
2835,53.70963694294833
2836,5.1632818207478905
2837,71.80250923560642
2839,133.24868219143627
2840,74.46924288606067
2842,119.27170075054262
2844,25.99575391355228
2845,39.900186329213525
2846,141.67217590166487
2848,24.451166276135627
2849,84.05844989885951
2850,164.26749630653313
2853,18.712089421377915
2856,38.99757318042345
2858,126.419887770079
2859,21.847111152077172
2860,19.927766666309203
2861,35.67897805484833
2862,80.32435766387574
2863,39.84668291612659
2865,34.969817222614395
2866,21.474416395438332
2867,60.805806618779506
2870,25.75868750046369
2873,40.09616926571617
2875,35.83768117721133
2876,23.100868888241408
2878,17.171575316085537
2879,117.35764104064633
2880,19.80335282894327
2882,77.24650411558387
2883,35.50242435359286
2884,61.48380019788901
2886,37.45934872729427
2887,19.526491821712174
2888,52.38149242329851
2890,40.604800336923454
2891,14.888796912828663
2892,42.217803067408425
2894,19.186702910803128
2895,31.152224087693803
2897,22.933624935213377
2898,24.246524220571803
2899,294.75459877797874
2902,6.3069540575726535
2903,114.77376951502673
2905,452.70678878310014
2907,150.83973179112556
2908,17.056664969257774
2909,16.920820618733906
2911,31.618875755249512
2912,10.507754046415693
2913,16.488914060610416
2915,12.216880498853355
2916,118.50718062160952
2917,129.01116765181683
2918,222.50303074098204
2920,35.913318373869146
2921,44.409903003758906
2923,13.994710428181508
2924,8.408971640059967
2925,98.57936672985653
2926,488.94734916679164
2927,773.4757054112414
2929,60.81492130863834
2930,13.565278138044087
2931,122.53078233927897
2932,9.85769043015772
2933,20.866013796144607
2934,74.47378331840864
2935,63.24261015484336
2936,27.323322140019236
2937,33.79711786580177
2940,25.264764411925032
2941,2.699217947229623
2942,7.51291783151917
2944,55.600083303989265
2945,55.199373460463406
2946,39.686964857049304
2947,4.789335767051006
2948,63.74827337564096
2949,17.079347489192134
2950,46.453587060137544
2952,54.71492081322255
2953,62.46509199907129
2954,57.57299395276365
2955,9.073686847364302
2957,10.69470958142804
2958,42.21431353604259
2959,99.29455812062677
2960,9.513904856486034
2961,47.84367872431487
2962,5.528715597235993
2964,19.70439578714042
2965,57.421111954793055
2967,127.32840073423533
2968,14.227871947499956
2969,19.493942876558883
2970,41.79421118472521
2971,14.129197808059955
2972,25.500558557141815
2973,15.317663121626921
2974,49.31709117804075
2975,58.238656676734315
2976,7.245521414422099
2977,14.17922300593404
2979,24.98495759095308
2980,44.13000957862933
2981,23.83660574465358
2982,40.21324009416292
2983,14.00751482501669
2984,78.68796462529318
2985,69.08654652786888
2986,30.884195963838106
2988,18.140165679195345
2989,36.65953888350553
2990,24.70824049258649
2991,6.570189360609427
2992,65.84467169774516
2993,9.66218275179572
2994,22.391646024346297
2995,67.16931579053251
2996,30.46706759291417
2997,4.798260814739302
2999,13.826960763359248
3000,28.266204943916577
3001,49.12247816432397
3002,32.778340712779666
3003,9.106405833941112
3004,9.07554001914389
3005,26.315665122734913
3007,5.248268444174945
3009,61.92425029406944
3010,96.88903223298607
3012,27.146558236242583
3013,39.25343481582611
3015,245.91792047634308
3016,18.768869882498247
3018,61.75106358726751
3019,14.003505325737184
3020,8.635411116276192
3022,8.125808356592872
3023,247.09855334186912
3024,9.657238637774748
3025,54.8508164340597
3026,58.79287353289478
3028,16.66751090605223
3029,119.2835004866117
3030,95.4043290579962
3031,13.673708945503746
3032,6.303360019493968
3033,20.974918322574826
3034,24.360031455370784
3035,15.679369278162524
3036,32.68372868181899
3037,12.433354663215837
3038,15.6475873591656
3039,9.212117672135404
3040,13.383008429086809
3041,17.051767248747122
3042,26.469636913680194
3044,9.951926765818333
3045,111.41975044515945
3047,24.623312292099023
3049,46.60839618915274
3050,23.526961557541657
3051,6.6890513049359095
3052,24.72292721033588
3053,58.47204544615309
3054,13.982928749452277
3055,54.92145787850021
3056,13.189218260862251
3057,13.181547115390709
3058,28.054993111172553
3059,32.288744304605025
3060,112.5747077561013
3061,29.58635510828968
3063,47.16193788208418
3064,17.002451636127578
3066,190.6510480548075
3067,55.60805157177145
3068,9.175609416558137
3069,50.185849657781034
3070,22.216099932190712
3071,28.618252296495232
3073,13.382366979631238
3075,27.418007206623123
3076,10.462451619946174
3078,241.00943744298664
3079,7.128816812676505
3080,14.581685401816383
3081,6.757369537100585
3082,14.669587453007328
3083,39.32914096885465
3084,179.9320705604884
3085,73.1032477795111
3086,6.487164324355363
3087,57.923867447390066
3089,33.40760791225324
3091,58.454057940576945
3092,10.568378741637112
3094,9.012063662824556
3096,7.12513307840019
3099,18.74635550164099
3100,40.15689552080441
3101,62.54039518466867
3103,60.52145760191164
3104,41.82137904997757
3105,25.730774333308144
3107,24.59132576023115
3108,14.314751368971818
3109,126.51145158387219
3110,64.63542144214367
3111,29.555205021457205
3112,53.90991818096491
3113,15.990621203819297
3115,30.629572150608073
3116,53.74377981506896
3117,20.548876305317204
3118,34.49819971439581
3119,32.94050067643628
3120,25.78403424946791
3121,4.5899616645706525
3122,13.139151658801262
3123,17.76774720669001
3125,13.600116960693835
3126,28.72283842475801
3127,26.99783315923799
3128,109.89185945462775
3129,24.8236057873652
3131,103.9786890741615
3132,53.33116751203264
3133,14.317111359224093
3136,9.991053609589608
3137,15.141572883503093
3138,24.55587480862764
3139,27.98027826784671
3140,19.346399359097564
3142,13.500778510445986
3143,29.922028250144198
3144,43.557970237687044
3145,36.37107396249074
3147,7.38195458320575
3148,6.3709680752544795
3150,18.03503513886451
3151,44.01764688655361
3152,3.375516862350125
3153,32.70552720856189
3154,79.73389261247291
3156,39.18384000728631
3157,16.406026676024265
3158,7.48477936752924
3160,29.047461711843187
3161,15.464262083125934
3162,36.27269436632861
3163,6.2004486299422545
3164,115.23645312064008
3166,20.59979512966542
3167,12.110283673534394
3168,58.07272698421844
3169,26.217515469660363
3171,34.27979735479934
3172,19.292148508316455
3174,24.493688229171667
3175,49.47123585043127
3178,5.658327275230035
3179,31.905194129912758
3181,7.565996902139747
3182,12.610791617936442
3183,21.310584756061274
3184,124.17705248566435
3186,37.4901458910649
3187,5.288469908467667
3188,25.330933383184856
3189,33.17995032241132
3191,7.90684585200264
3192,19.955821743370585
3195,17.145681186554203
3196,13.942059948959301
3198,28.280014428167224
3199,69.93812736254037
3200,5.41065606769621
3201,29.36002796559312
3203,27.29145209032689
3204,52.14199133817652
3205,19.989561025111392
3207,20.33338393654406
3208,22.432802357089876
3210,10.995537758457782
3212,13.766071073627371
3214,28.970630148683437
3215,36.22258795306185
3216,28.360219140735776
3217,8.881519305355855
3219,46.6958854008183
3220,100.38531746573459
3221,12.766034763878714
3222,5.584004664430625
3223,22.277681270268836
3224,8.345156969487931
3225,48.00709585083398
3226,34.120230385257194
3227,26.040398524367134
3228,10.222596654581974
3229,46.187470105054956
3232,49.06572078327613
3233,102.69518712861631
3234,47.127369279118106
3235,141.25927229641817
3236,39.06773503953732
3237,24.638899898671454
3239,17.042520109274975
3240,22.866755283808946
3242,36.142650132133035
3243,71.54845535983328
3245,4.937412697821531
3246,6.599757331210621
3247,11.424889024815027
3249,5.200539588569032
3250,45.735931278498505
3252,22.022482401727487
3254,55.769707340767745
3255,13.107277259576204
3256,62.28705099013213
3257,79.69680498477064
3258,13.238227960865778
3259,12.577283033405887
3260,10.160686105438351
3261,24.10323384723259
3262,17.924375216018834
3263,14.71096109007215
3265,47.088500886689836
3266,10.427414116209393
3268,88.39375809413725
3270,10.662520167431326
3271,235.7061447371316
3272,11.998014493027117
3273,38.69111310478046
3274,41.18627555894107
3275,88.43550787711546
3276,8.89428582180158
3278,5.693613936931359
3279,31.845692808427863
3280,22.335850282467312
3281,14.648361551566401
3282,30.68327021452777
3283,6.607738497180206
3284,42.32198848515984
3285,27.535273092497246
3286,17.419876923385477
3287,9.699156561171725
3288,16.266467792628855
3289,100.1771993907003
3291,32.75771526473494
3293,40.561149181495416
3294,28.847129499321714
3299,6.305507022381973
3300,44.53915877768003
3301,24.812782380094728
3302,35.91640787723073
3303,25.188685897788975
3305,52.6257352598404
3306,35.078018947455355
3308,2.405753413114889
3312,120.9366881025981
3313,27.308804316788233
3314,24.32372316180279
3316,20.866509664198617
3319,117.77021658352115
3320,56.90501298716045
3321,27.170819019490523
3322,46.32882221421101
3323,21.634663854553356
3324,210.23246946200368
3325,162.37244278187046
3327,147.9454291785491
3328,18.935211583393894
3330,45.48457355431255
3331,66.0321620068577
3332,13.979667103062214
3333,7.801073506505291
3334,111.51669130500777
3336,99.07434385294918
3337,106.33404103365754
3338,16.311195424101488
3339,11.802830754081556
3340,32.502142753721884
3341,179.42167808241354
3342,20.3985815466655
3344,48.28870254463016
3346,17.99870556473231
3347,27.042726719721067
3350,18.68187512995918
3351,13.759863948231017
3353,81.31894688180556
3354,103.86591224738005
3355,11.49268438390601
3358,25.71642733002417
3359,74.27197409653414
3360,45.408293603411856
3361,17.28779294793021
3362,12.67835687342056
3363,10.091421199089307
3364,7.174246061411243
3365,101.29662247087286
3366,59.47921583275643
3367,15.786810381223374
3368,69.20419159447573
3369,619.5147459284879
3370,14.59640985952588
3372,20.83298888606524
3373,16.403351970539795
3374,13.855553904639232
3375,15.816534672755731
3376,10.497526695191016
3377,39.001535162176715
3378,41.50322309275619
3379,9.345553197585465
3380,50.758355231065124
3384,8.122203076443451
3387,9.908089198274073
3388,62.25153245055143
3389,8.676554670224935
3391,29.541690898849133
3392,66.4564267358175
3393,26.86188494339366
3394,7.346919795851237
3395,69.37117828134105
3396,11.167593067983262
3397,11.603886298453649
3398,26.128817894132663
3399,328.64054662211424
3400,7.383894040087835
3401,7.680159063095739
3402,8.048907747665204
3405,48.77702419744266
3409,73.56679038527558
3410,84.91377129547541
3411,66.7894108095503
3412,12.340871612514253
3414,6.0103484185980545
3415,11.393849457143258
3416,10.409040103740862
3417,60.158654987609914
3418,19.51770471559216
3419,18.362324919947238
3420,60.912400429095314
3421,308.0881157680885
3423,57.60774712374165
3424,26.526216279749402
3425,6.4292776333606865
3426,27.876804588204173
3427,7.956382705716058
3428,6.814025657845684
3429,3.434974574909748
3430,9.282464338096299
3431,58.844325979227506
3433,56.4132444612096
3434,82.96906214430365
3435,112.17128720835025
3436,88.01938250671262
3437,56.26866510453389
3439,26.57996993949604
3440,109.58310048576114
3442,18.171961174107807
3443,11.933310888292066
3444,49.558861550115864
3445,24.50388558274478
3447,4.871437793473249
3448,30.97443172982918
3449,28.041817112618695
3450,292.6103102601726
3451,52.461436189835226
3452,23.90087066552721
3453,5.368822395201671
3454,37.9420696301367
3455,36.84585927852431
3456,6.077785745434505
3457,3.595189813897063
3458,218.32927800043873
3459,27.032799888585416
3460,19.553682011354937
3461,44.47272917454602
3463,19.904694581352683
3465,15.954911685631583
3466,49.59487509818438
3467,25.674904689125704
3468,9.495141526103687
3469,19.700798746783413
3471,17.899112132020633
3472,40.804679830171125
3473,71.13282815377421
3474,29.68027003986906
3475,25.39103377142801
3476,23.17034445722461
3477,14.951323741748485
3478,39.93171041661453
3479,34.745435062919256
3481,7.661428998194969
3482,49.90927273818488
3484,8.85983068304384
3485,42.41230256827079
3486,7.17293381146629
3488,19.536517891448216
3491,89.50010585824575
3492,7.7298448131253386
3494,30.19779331892811
3495,8.770185362084083
3496,26.47580559493723
3497,12.523905926779523
3499,11.608341989830247
3500,32.5960396489608
3502,48.53819515209518
3504,65.74218774772953
3505,558.0933299742301
3506,14.661799064946052
3507,14.44576523679818
3509,3.0814983430842795
3510,79.56008781597936
3511,9.624808395723104
3512,119.3666604243987
3513,372.23222794018034
3515,21.075643732282778
3516,79.46337998383582
3518,8.351623191067878
3519,7.481127138804922
3521,12.45216995223942
3523,5.428776826056971
3524,12.22655736906445
3525,57.74670807884752
3527,81.99317598509758
3528,52.28447337239469
3529,13.035745874696214
3530,37.48885586980033
3531,63.25477931700332
3533,18.57300444554228
3535,29.280014643511276
3538,21.704993463627396
3539,8.047496809114968
3541,165.58684740014453
3543,64.1422920046458
3545,34.14821325787986
3546,10.189167327657843
3547,224.9910079818198
3548,20.529069210338744
3549,56.23179787911592
3550,7.139807465804732
3551,78.70538631898863
3552,45.25436779215942
3553,37.556776375417144
3554,25.283695493866446
3555,41.987627454226676
3556,24.279782625542683
3557,37.14204114438365
3558,65.46368952324087
3559,50.961518154314746
3560,182.45912009897765
3561,46.620803271112216
3562,38.95363830667596
3564,54.99460499509396
3566,52.69337889047435
3567,43.07857553784095
3568,41.69815667380502
3570,9.851598790822447
3571,58.68725279091514
3572,10.128874137883706
3573,11.928017654414068
3574,22.115640467096142
3575,51.64163119717643
3576,25.382632356508847
3579,10.20854150652837
3580,14.67106843844537
3581,46.14335734728115
3582,32.56671390563979
3583,71.81748925788136
3584,107.80660022444715
3585,23.600970707286788
3586,67.92446566828033
3587,70.58369787807504
3588,8.373711638248025
3589,14.957255236884178
3590,33.372388766107875
3591,8.840560497850593
3592,8.463369475335277
3593,15.113972174318402
3594,18.303222344364553
3596,10.837881109843506
3598,21.585866695337376
3599,479.1925298607492
3600,25.772269559994186
3601,195.3815241022138
3603,84.90869722843196
3604,236.6284838686448
3605,236.6284838686448
3606,257.1909956637988
3608,18.097820927542163
3611,47.04580556347376
3612,27.84556208792753
3613,31.564683183381504
3614,33.418708286288805
3615,7.684989207782149
3616,38.33593190004259
3617,59.025398035396385
3618,15.70504756043238
3620,89.76521973196401
3621,22.44788602498171
3622,12.186241476518596
3623,71.05118713406566
3624,24.479390663343175
3625,9.013592164890548
3627,72.08130947664773
3628,19.869599742893886
3629,192.6301576892377
3630,12.214909116566083
3631,33.885470368319744
3633,371.52920825888316
3634,10.843866116603529
3636,38.520108110986634
3637,48.355502099820455
3638,3.2259018473145677
3639,20.216624405106394
3640,59.1083089438119
3643,71.50144602064599
3645,20.303653140089423
3649,60.04118576077649
3650,12.165954177300632
3651,80.08047977529425
3652,10.583752253904995
3654,51.46132424112353
3656,8.41870479988716
3657,52.8866167847543
3658,16.60441225088475
3660,64.16320678969328
3663,35.41527281676621
3664,10.812973177192086
3665,57.94694841189331
3667,34.670732219364126
3668,58.130619975627745
3669,39.378805150208876
3670,69.17697575211267
3671,17.31240622160974
3672,213.6989598357369
3674,167.42142929797004
3675,8.98501034157922
3676,35.197158606301905
3677,96.27860561133262
3678,157.936114017213
3679,13.813398886208702
3681,72.5284234211868
3682,23.12038689256682
3683,7.677643399154759
3684,69.18776578844617
3685,40.69525162670813
3686,70.58135101469205
3687,86.12049985571521
3688,54.354534974799016
3690,11.909997582314531
3691,32.47059226593754
3692,226.6830012790065
3693,78.93490641317021
3695,107.04911062261955
3696,102.15978820939468
3697,16.726469386083348
3700,80.80008164650516
3701,84.97474124134395
3702,50.67858955571063
3703,141.02532781766953
3704,72.98340702985753
3705,6.968508643287002
3706,72.6668888790721
3707,76.15836956022551
3708,12.143560710783353
3709,19.574366157320565
3710,21.901810203818766
3711,31.77726219665197
3712,47.72427936053099
3713,7.567238196552618
3714,27.342140796129073
3716,71.31503417366837
3720,48.575910841488145
3722,38.20102331537078
3724,14.069930413942
3725,71.51517333329726
3726,16.647119379903955
3727,7.076135117910691
3728,13.543042056245426
3729,14.79110133167871
3730,114.4574434331087
3731,330.24325403590404
3733,42.7261065095717
3735,27.37069848262218
3736,9.444912665242672
3737,49.91604087255435
3739,51.135752107716826
3740,76.46284435579295
3742,140.31655368191196
3743,103.88317938255483
3744,236.6284838686448
3745,236.6284838686448
3746,236.6284838686448
3747,236.6284838686448
3748,236.6284838686448
3749,236.6284838686448
3750,236.6284838686448
3751,236.6284838686448
3752,236.6284838686448
3753,236.6284838686448
3754,236.6284838686448
3755,236.6284838686448
3756,236.6284838686448
3757,236.6284838686448
3759,8.408970331970806
3761,43.480562628348835
3762,19.897301887524442
3763,6.005013663015938
3764,33.77122707947167
3766,16.518914261679456
3767,63.72879820185474
3768,16.34747590544803
3769,10.812922284233665
3771,50.4082712699094
3772,11.85060818104314
3773,28.15370425370811
3774,69.48731775994497
3775,26.395123657153942
3777,12.674592529918682
3778,5.715408240551977
3781,215.86231105860918
3783,23.419578524442617
3784,86.75881182954292
3785,134.9956840422006
3786,101.04446568940585
3787,11.921100671900435
3788,6.815610799813426
3789,27.19396629713758
3790,33.1005258233171
3791,8.283015938618197
3792,56.731054815502944
3793,36.81941039015949
3795,50.342122162697464
3796,5.171460679447767
3797,13.209491922466261
3799,25.620455901863476
3800,8.918396116460006
3801,31.80763055666567
3803,9.919936730648413
3804,10.236956730427801
3806,54.948359301106144
3807,94.44405358281166
3811,195.76386934122328
3812,37.4422119702334
3813,7.9333042577629955
3814,407.05205413088163
3815,94.95677040640574
3816,19.683220191151364
3817,54.25124982607713
3818,26.79907711015808
3820,3.260408185164796
3821,65.19357489646956
3822,20.208228635091178
3823,58.13511944473382
3825,94.57595202243779
3826,14.070561162145097
3827,27.406857412763827
3828,72.24097538663551
3829,37.76705514828867
3830,22.007996837514842
3831,62.91647097744031
3832,13.930743485259725
3833,8.474665177393344
3834,23.508016823047576
3835,30.767840576949784
3836,76.45529312589395
3837,27.218375315723225
3838,7.043369845269224
3839,9.541399351149336
3841,52.54713720344189
3842,6.981422091457047
3844,41.39086541572103
3845,30.54407896822185
3847,68.6254295294158
3848,558.0933299742301
3849,34.3125386824743
3850,74.63168125115939
3852,27.921783687977378
3853,27.987373818609285
3854,53.584117956214584
3855,22.746949316597682
3856,9.999016770920218
3857,19.904116319721247
3858,11.176291405515963
3860,67.23855842884001
3862,212.1497947913331
3863,11.759220586462384
3864,39.64235202478752
3865,7.644089001335182
3868,22.851068167321383
3869,140.97817977723724
3870,49.18054994329216
3872,52.25238694848526
3873,9.714076719501575
3874,11.715990126638657
3876,28.296602290792947
3877,17.8411935176357
3878,10.268429230885364
3879,13.348153549987073
3880,22.758049778601716
3882,31.790355678404286
3885,121.58857385396408
3886,11.555492044262389
3888,61.15814117183046
3889,54.81105894726024
3891,19.06447635992573
3892,30.280827478125875
3893,13.65169736104221
3894,120.36059898222277
3895,56.36725083786377
3896,22.64846673791281
3897,12.00847237469224
3898,90.55293196601464
3899,83.93620759415914
3900,62.29951309931203
3901,10.29354969925975
3902,27.544790286022476
3903,29.676826914621838
3904,11.448156652654777
3905,41.39977743298288
3907,16.682191112477938
3908,114.73028863956075
3911,120.64244986588517
3912,15.200308762985852
3914,21.215628175091442
3915,22.2651037745654
3919,5.143415758571891
3920,48.8918192905292
3921,87.38660935372954
3923,62.726172998063
3924,22.171734572527097
3925,97.26182262456031
3926,54.04792302171468
3927,31.01336172119651
3928,46.477451870044014
3930,69.11139121227814
3933,9.558500431221658
3934,25.970698785988127
3935,5.673756365814403
3936,17.245936677898634
3938,11.060226778317167
3939,51.21155831842879
3940,40.686741426518594
3941,12.66387010787732
3942,22.280540513822604
3944,22.997108859578155
3945,25.70116816094191
3946,7.8867857205387795
3948,24.956446106189485
3949,29.49163621214452
3951,60.46560256124373
3952,16.57089137928084
3953,69.82788101233137
3954,17.7185941147442
3955,8.669468596362432
3956,12.707003779603781
3957,11.092530200171446
3958,12.415414188563442
3959,11.723429106702778
3960,60.432997978047695
3961,4.547219475825977
3962,17.276871348757524
3963,48.95419919624413
3964,27.941223020714656
3965,103.83986267746681
3966,10.253339157509881
3967,111.38285004120004
3968,44.10272705611691
3971,19.720658320454806
3972,10.20937993887065
3973,99.21166387198616
3974,12.059428356049965
3975,97.33367630009316
3976,27.244896531606656
3977,67.44985085624168
3978,6.779937505648865
3980,12.88317586547973
3983,34.547012615676586
3984,66.05854305297545
3986,66.13784424187546
3987,77.29507772393211
3988,6.981785747483585
3989,26.21863904492416
3990,32.93498613899317
3991,19.31346200035669
3992,6.354543504494609
3993,74.11624911920256
3994,78.90978273831999
3995,19.47096846224472
3996,50.94727619646799
3998,33.66924527901114
4000,28.22021514389184
4001,31.684236819754343
4002,8.510884584141259
4003,15.501787748723892
4004,5.109827458366229
4007,60.41248049867247
4010,12.859700265409495
4011,126.82458549915117
4012,35.2559574682485
4013,41.14615108058831
4015,47.6560352458927
4016,12.421331279071618
4017,13.023037472993405
4018,45.4442528219214
4019,8.892259710395955
4020,31.530479482754778
4022,19.66777055450203
4023,34.68572340435475
4024,45.96991369951997
4025,14.335087043159216
4026,28.04446261685217
4027,37.58313474489026
4028,2.596872060259892
4030,9.291372375282098
4031,50.50064965987609
4032,21.48762447147623
4033,19.3096132843643
4034,24.285576919165436
4035,25.607654931519303
4036,217.7439225949381
4037,24.514138372710466
4039,313.97954784998643
4040,22.92413804092589
4041,58.99390649755342
4042,33.94685124244348
4045,13.532394345513769
4046,8.539431886910469
4047,70.80375186337133
4048,33.35150066375386
4049,11.429763752003888
4050,53.780566796556634
4051,141.71673610318905
4052,16.56572053810882
4053,22.315895677337803
4054,11.10192737074593
4055,76.11589120084598
4056,15.734988047193806
4057,38.46904108471132
4058,59.446256625377785
4059,20.909509751463524
4060,11.875101146552499
4061,31.007574197190305
4062,12.911069259937136
4064,8.83618107082346
4065,9.670493479538617
4067,23.42799522037028
4068,19.143739527765423
4069,35.90887921298555
4070,9.34040810300645
4071,19.922585209027503
4073,8.818545977414347
4074,74.95485586288015
4075,43.66549407912231
4076,77.80793184023999
4077,45.63993279241809
4078,62.878014630221976
4080,21.182132520778747
4081,29.660989504256914
4082,14.141749268246294
4085,123.50707257377685
4086,71.04331214098534
4087,109.69754793796854
4088,14.300393951250127
4089,3.4058651343066453
4090,11.249526696823576
4091,64.02266684681805
4092,12.278003109929863
4093,9.473631340257695
4095,100.28043064806997
4096,14.293436706627167
4097,31.573420921363432
4098,32.148463020884655
4100,17.66049840615058
4101,64.46755939135623
4103,59.383580744840174
4104,71.93149453663662
4106,55.183400859689286
4107,15.598918870900992
4108,60.03307801980171
4109,18.844352348709418
4110,16.328523456135844
4111,15.65344667258761
4112,12.166000063074264
4113,33.41618215181465
4114,40.31823526936891
4116,8.3543180332088
4118,8.34684534757835
4120,27.226180272677922
4121,50.24574072693203
4122,34.25697887249636
4123,9.450124485913996
4124,10.820372562480411
4125,7.610127045836227
4126,15.40261590330519
4128,31.9426802526752
4129,14.348418483398548
4130,13.39573768176833
4131,110.43412895140483
4133,162.64389542969664
4135,15.195458281259222
4136,82.89307210387886
4137,61.96323330349859
4138,312.0658493618048
4139,41.44068142853207
4140,7.592480998869225
4142,42.50757154310685
4144,10.727348213684524
4145,54.31562776854343
4146,45.8968019131286
4148,60.10394534407645
4149,41.932813116847235
4151,45.36345204287584
4152,14.67599749851293
4153,28.584961829135967
4154,41.42419009515601
4158,26.85961541053128
4159,30.73603408884417
4160,39.255507112397254
4161,16.39127571704025
4163,14.169875734148645
4164,102.36635913760915
4165,48.35792175428156
4166,40.60111831042355
4167,49.628763623163266
4168,45.47509239219882
4169,19.79632886525996
4171,124.83244229918468
4172,83.91861182259836
4173,35.407784327376206
4174,48.107300444781764
4175,34.6187224641059
4176,88.98094041969831
4177,22.198260923601403
4179,9.632295819339543
4180,26.431241130713104
4181,7.854825329514613
4183,97.57637930569771
4184,51.20472557614318
4189,17.19631638299361
4191,26.789143427703905
4192,41.50236429392112
4193,344.1730087211746
4194,30.836334261089796
4195,14.0164989851502
4196,8.480417806369799
4197,20.394580588608534
4198,45.67187860579433
4200,100.00071002764821
4201,4.716175522676628
4202,17.19569746766612
4203,20.06671326453581
4204,26.52610538439283
4205,53.86009490289569
4207,28.496428234904197
4208,24.902046908400507
4209,24.391318179043637
4210,101.47365102517473
4211,58.8298354755552
4212,39.08342770666585
4213,169.52638277936018
4214,25.111303453090795
4216,157.66867105053117
4217,19.654325667972586
4218,52.40799099620687
4219,19.73381443060658
4220,19.433410147220787
4222,77.82547562110838
4223,71.53762434052089
4225,10.42940683720814
4226,18.085350322015596
4227,24.746151119403446
4228,5.894583737008131
4229,25.65955802706591
4231,27.979633769015155
4233,7.698254959682939
4234,8.857691266356754
4238,415.32115013892155
4241,10.018738952092484
4242,8.815509287691743
4243,76.12665980079453
4244,14.754565154723348
4245,59.907528995522995
4247,67.19983607869335
4248,664.6375834477554
4249,25.099613962742588
4250,83.3256223998573
4252,16.652456531509014
4255,25.9727912472574
4256,7.692654654835616
4257,21.007679711390942
4258,67.10681376378467
4259,73.11692727684438
4260,68.7250887599373
4261,32.85363134905163
4262,11.904495372614466
4263,12.595014618684441
4264,12.2360386842466
4265,13.32162140633542
4266,32.03885362166185
4268,10.08273299479468
4269,27.388324299638867
4270,103.28303640460399
4271,72.88536003708899
4272,107.53513360921394
4274,60.04709479619211
4276,21.15230153329864
4278,9.079536745440784
4279,32.57340122579385
4280,36.46340581711156
4282,30.452986367310558
4283,12.25654128950609
4284,54.30314928412689
4285,23.69818148867775
4286,10.446569167953545
4287,85.01703727805078
4288,30.280796215785486
4289,16.522757001534195
4290,16.15559684517926
4291,43.19257714810302
4292,7.181854658307625
4294,68.27676277325067
4295,18.183552601523022
4296,24.523564546146783
4298,86.45344933950365
4299,67.82613960430486
4300,46.95835674924485
4301,67.57314837368311
4302,22.550438009718793
4304,10.834106388611294
4305,32.98664201239883
4306,227.44126346647016
4307,80.3703423980721
4308,22.8067575879376
4309,8.912920334310746
4310,8.865699627185702
4312,78.09192347391199
4313,110.68641379445737
4314,26.529957760076076
4315,47.99181126344888
4316,27.907174824105788
4317,25.06911610413759
4318,26.641227062339066
4319,20.466774554301544
4320,65.1301503548382
4321,63.33658567647749
4322,6.717229946930351
4323,26.863914897566637
4324,29.702864450806707
4325,11.89455445068153
4326,62.59352001869057
4327,68.5813185224486
4328,17.47695125549586
4329,7.554217554565567
4330,16.4322668546438
4331,22.199683118978875
4333,29.23646751118182
4334,19.99313724987234
4335,47.0702523879313
4337,5.445337189839876
4339,7.789928325286408
4340,10.60517323746228
4341,55.28796241175351
4342,19.393520465283938
4343,9.071040480434466
4344,29.38703060042861
4345,8.612546819397368
4346,49.02440535996842
4347,51.587538780309366
4349,16.37664087249618
4351,91.88578482089189
4352,14.129635995592144
4353,8.931206343144028
4354,35.07595788716322
4355,12.579724650326591
4356,29.105826212257625
4357,43.89503012372437
4358,5.305929304868958
4360,63.92758056659812
4361,244.32893690224736
4362,14.439094112839516
4363,101.40922159673539
4364,8.365614812402455
4366,16.87976060499187
4367,23.680690625167554
4368,31.33436399838567
4370,12.52785972098266
4371,64.68947297786082
4372,37.121981480847815
4373,13.177800994917137
4374,55.32643651411575
4375,13.685744628715865
4376,13.012655659467216
4377,27.013019316065662
4378,35.38152509526895
4379,11.410171905180672
4381,30.15276945070804
4382,20.733624250370614
4383,104.30186980346542
4384,33.424536354974244
4385,14.516145147302316
4386,35.12227969306589
4387,13.54481506731101
4388,140.89623797704468
4389,8.041173650659328
4390,27.26314255006171
4391,41.95216041110142
4392,12.02531188270058
4394,85.52144785946751
4395,20.12643501238013
4397,13.789097304896023
4398,7.872072342635098
4399,25.223350700619978
4400,34.45619310304082
4401,17.13336046650545
4402,131.57973900395262
4403,8.401092879288308
4404,77.95461297882972
4405,47.11777470951381
4406,14.533509746107564
4408,58.646188227565425
4410,24.78422835661192
4411,12.061260170211607
4412,18.381704142817764
4413,5.9793334195882535
4414,12.856103407361362
4417,4.2741618911569255
4418,24.38789186571254
4419,22.954851370934904
4420,62.920222385454686
4421,19.5744541552704
4424,9.78469378103802
4425,15.185567670833622
4426,35.6503218997476
4427,19.237188439336883
4428,8.683164537575102
4429,49.87290914887173
4430,46.23621844461763
4431,30.62170539320502
4432,49.74737875087953
4433,191.23198196245696
4434,74.78465999275909
4435,11.57520074830667
4437,31.384020443982045
4438,23.976852712844156
4440,13.943336061537948
4441,41.709065967751215
4442,27.57916768032776
4443,40.25737736130296
4444,68.42417029569083
4445,46.913691744959664
4447,3.340542478559652
4448,13.35957203771289
4449,5.981478405989599
4450,7.889147812114282
4451,23.402173642418674
4453,10.979063124901279
4454,80.8694292680255
4455,12.200133086897452
4456,36.2340658307861
4457,6.521726907032485
4458,14.568591886831253
4460,15.692411932386722
4461,30.698561089513696
4462,24.85695273914326
4463,5.36203541038182
4464,32.369245862843734
4465,20.724686697850007
4468,7.9166388944651755
4470,30.093045434134876
4471,8.003205856745486
4472,26.29781016537991
4473,13.56199902960962
4474,8.689431728138393
4475,11.721690015734085
4476,15.571009537270653
4478,40.40408165040279
4480,8.48716222490217
4481,3.930655929926231
4482,20.092977466656247
4483,32.897964719588956
4484,74.4894290441038
4485,14.483312257354887
4487,24.146361029033304
4488,70.15179125426245
4489,22.52798991065378
4490,5.925672049178459
4491,122.87080885760494
4492,36.20953267570119
4493,137.45149604717162
4494,16.34314712840428
4495,45.94140105156608
4496,51.149551255529055
4497,83.68608901506593
4498,53.00126296271958
4499,18.085391249610904
4501,31.793576164540568
4502,37.07656512830514
4503,34.06538795383424
4504,81.40846456477037
4506,61.07770279924241
4509,88.61168752407761
4511,5.417232269906276
4514,63.079157402545704
4515,21.0835298065888
4517,21.995388082149756
4518,50.55478427633747
4519,183.1815631835401
4520,18.974816363757864
4521,16.470151690319295
4522,6.919424807622905
4523,111.62547559776168
4525,25.44174445429807
4526,60.33690833898258
4527,83.47806426589749
4528,31.209394740649586
4529,14.314619910380433
4530,52.87695572843329
4531,34.45493021458718
4532,7.960548990339631
4533,68.5405666822357
4534,131.27407479643833
4535,10.50016074161802
4536,24.9523262731313
4537,62.71771670749296
4538,17.17695093218277
4539,14.74822778439515
4540,35.48369236126778
4541,6.434325864108679
4542,5.42017674895124
4543,209.46310787996876
4544,12.344533492359409
4546,6.587916671986169
4547,15.39144027119516
4548,14.005298783829428
4549,52.40567336221418
4550,4.603686292643251
4551,28.06476600261883
4552,41.70848920675095
4553,28.63429674144269
4554,168.55434143087442
4555,27.071907212659227
4556,13.065370175267057
4557,20.622706733625055
4558,31.92574712412
4560,34.632326947295745
4561,326.5479765385293
4562,21.54630590460182
4563,8.602944399080906
4565,28.958272701610237
4566,22.085150319989108
4567,16.710684960511895
4568,27.22649935579517
4569,76.51458111496774
4571,5.371080197220557
4572,3.7815752441962136
4573,39.44885117541643
4574,94.89145742767224
4575,6.896221785298806
4576,27.63698251314121
4577,13.958308753257754
4578,5.2476263259401685
4580,26.802172992082376
4581,7.833299977157812
4582,6.245474505558485
4583,73.14042067303396
4584,13.942647763362869
4585,76.45137859432789
4586,55.60311787446925
4587,8.15703363163721
4588,24.114131282442397
4589,11.334471942592122
4590,48.10954718909696
4591,5.964137326991734
4593,10.365464004354603
4594,49.21396732381158
4596,17.10828008504074
4597,50.833087728522734
4598,9.837215759325701
4599,27.761798267200955
4600,16.608933890379593
4602,152.5336798809479
4603,51.636391256704584
4605,15.408718266241275
4606,22.441553642305905
4607,12.600158276965347
4608,24.102165547821116
4609,7.862565360856663
4610,16.25652720670106
4612,77.25987299177936
4613,66.15032938801822
4615,15.689884495151562
4616,21.90998458287348
4617,70.2175276969556
4618,9.81962593302208
4619,115.58227224011155
4620,37.16574359581097
4621,24.75942518101588
4622,56.27438676798022
4625,21.127199698515422
4626,13.990230532054548
4627,22.483521978786552
4628,24.159024690147017
4629,9.237060978468596
4630,41.32088717372809
4631,17.078478798861205
4632,8.36426321215731
4633,17.255035255333215
4634,37.75168808174606
4636,41.98471143023898
4637,7.337725216203196
4638,65.89769795487258
4640,5.455995562892287
4642,12.616226576779955
4643,33.43952938699747
4645,47.08835300234873
4646,22.29114440236115
4647,57.28801791696145
4648,8.854961514072857
4649,13.709610867024102
4650,11.972438568520115
4651,8.470443362738983
4652,84.09729613467461
4654,28.58913861503311
4655,11.546179884330709
4656,8.628142663153014
4657,8.44615878981957
4658,20.035541387274165
4659,4.188436479947296
4661,24.995576747024376
4663,16.917356908171833
4664,12.336028527650347
4665,6.760755108059407
4666,30.11224693515876
4667,41.876397092543414
4668,30.965727256113762
4669,9.274878946236848
4670,38.784477656290726
4671,14.865230301879365
4672,14.428614986739488
4673,28.509507963033116
4675,12.59906723222886
4676,48.169421561658574
4677,7.357389396369267
4678,117.83780273404987
4679,38.25416306578042
4680,45.776092000188235
4681,35.98602555480953
4682,7.720112092905276
4683,13.446010215302726
4684,22.25727345649928
4685,45.649334862425306
4686,17.383222340810647
4687,115.18231919514373
4688,10.450503941497796
4689,30.438015232864558
4690,40.9017474284374
4691,7.828941182853695
4692,76.83910278258124
4695,17.051443163952914
4696,21.977705214626138
4697,9.610211867711167
4698,65.87934140071627
4699,70.56530964161144
4700,27.03440196314973
4702,32.47259737705424
4703,16.911536830863483
4704,18.085335114527677
4705,32.74038422394278
4706,15.492351598837917
4707,33.833258983510206
4708,48.24682788977493
4709,11.23655183536645
4710,65.14898858063498
4711,10.898892825769703
4716,134.35670103486962
4717,27.122590343692014
4718,7.530108859621993
4719,31.220359942299826
4720,54.89301321209964
4721,103.21885167757198
4723,142.75181522563912
4724,26.417451709183226
4725,55.40645625123612
4726,34.625245217958
4727,14.98105588175039
4728,31.894825766490698
4729,11.741018263886039
4730,9.611225854126152
4732,27.510449912415865
4733,10.199230588465468
4736,13.427017351122725
4737,22.34341730276912
4738,34.93668294600844
4739,111.66661376753282
4742,400.17923699727453
4743,44.610824011999156
4744,62.5171223905484
4745,29.246379049993784
4747,62.711920565412726
4748,10.569288744935495
4749,20.38322094800484
4750,23.55822026616295
4751,17.202884947305527
4753,9.650032087693504
4754,5.83035935353905
4755,19.43030927650499
4756,15.443839677514578
4757,8.198397322758854
4758,21.81568204068342
4759,24.677767025663947
4761,66.23433706470023
4762,74.72407574265861
4763,8.423037602337873
4764,20.319717722043798
4765,24.35195269005913
4766,7.362547139678975
4767,103.16501603520571
4768,18.835480070993764
4769,5.777015461111411
4770,60.24689574952166
4771,22.802374469655813
4772,14.53671533427557
4774,9.539756719397113
4775,42.550401797604366
4776,3.876344555934638
4777,206.25018091757622
4778,98.72096110768115
4779,48.23587702164379
4780,199.21882610600937
4781,101.64286124620783
4782,6.277731128850503
4783,44.057703875650134
4784,116.71028646913683
4786,36.776747149398645
4787,65.29959040679425
4788,47.64935514708002
4789,7.683606973102985
4791,11.139075251085456
4792,24.277750958971808
4793,77.75739652332015
4794,35.084127055762046
4795,5.4265974071395915
4796,8.956648029247292
4797,10.422897687772728
4798,14.282340124032
4799,4.422132432262287
4800,35.05000922011688
4801,79.08811913312132
4802,47.96190479569861
4803,70.12496548773684
4804,15.60079918286628
4806,76.92711454397939
4807,41.89948219397857
4809,137.6268832189296
4810,14.5103973040656
4812,23.849610232727198
4813,63.67512590730396
4814,64.7923780822243
4815,55.16946489155673
4816,17.270619310439095
4819,8.651504602189023
4820,7.451087581861638
4822,54.339221659986904
4823,63.91557354074408
4824,26.317036159454556
4825,35.21568626411091
4826,26.89172601748377
4827,71.61570660686122
4828,106.11331255816152
4830,87.58882334635547
4831,38.59241571161954
4832,22.682004127615052
4833,12.402664785862491
4834,13.5098080096823
4835,19.792995349488315
4836,11.91747383685915
4837,10.45495243249827
4838,12.397829142431613
4840,40.757781739406624
4841,53.480843082128835
4842,4.87224745345699
4843,21.430357413263646
4844,27.24750108130114
4846,79.25838591145612
4847,65.7213156442325
4849,19.791699212399006
4850,40.23734134466894
4851,23.17648992329741
4852,39.49472121438583
4853,8.579964767412287
4854,17.999220688867663
4855,15.513576729156872
4856,9.726113568412854
4857,34.13973221053339
4858,3.2084780876790537
4859,15.19731723205394
4860,6.3555050243249385
4861,88.02334898316639
4863,12.74927213926199
4864,72.0386490048023
4866,93.8622650493587
4868,7.192775762352178
4869,55.936371531485406
4870,19.776081554544902
4871,13.471590661309365
4872,13.855622272745801
4873,51.607552999439264
4874,22.807283934035272
4877,13.138476709664385
4878,4.597387344051091
4880,39.09295866482663
4881,9.848962919451074
4882,28.795353589127043
4884,23.629800765306758
4886,4.162215347539642
4887,31.25581935077965
4888,142.91461366208074
4889,43.166982018797945
4890,23.131144941863518
4891,8.04755752185259
4894,10.63177279712951
4896,92.64356704427203
4897,8.861110893241593
4898,11.148264763486038
4899,91.93184575471676
4900,27.627006749623597
4901,85.92207432232078
4903,11.563762974625199
4904,10.619376346952183
4906,146.8980607351727
4907,105.53955482040557
4908,43.048236756791866
4909,61.278476479539194
4911,79.73897912033036
4912,164.5849957495369
4913,48.533809383078065
4914,18.549769175307745
4915,90.35105862189194
4916,19.171286651969872
4917,39.95395070594649
4918,5.609848512241901
4919,9.800362032483102
4920,19.56898055791881
4921,18.906621618149796
4922,24.181429948026967
4923,95.02306446642318
4924,36.25965874003694
4925,9.799589451844898
4927,104.46385992292082
4929,4.678154560803988
4930,48.42380412950478
4931,10.324870484853815
4932,10.078162670503538
4933,27.727796296550938
4934,16.044683451557162
4935,30.40470921902779
4936,7.1890275257319916
4937,11.48027127716952
4938,13.905650132162528
4939,42.54823746577955
4940,5.41150620372249
4941,4.630360583938115
4943,13.716527029831374
4944,31.515124558533067
4945,127.42443528140754
4946,8.027534492884685
4947,45.43009556900605
4948,48.59684342517858
4949,39.1397990790891
4950,25.344161064134205
4951,24.57612306375207
4954,14.51544225896119
4955,56.14633156180378
4956,16.37200327891726
4958,45.03836325948707
4959,52.84076230671938
4961,12.989073251862688
4962,4.609102710588601
4963,23.971805282635472
4964,6.664991976037335
4966,19.670588852799913
4967,18.539525258864575
4968,13.092074967107047
4970,145.2210794861096
4971,44.54447862036733
4972,34.80389035947134
4974,11.630199736770848
4975,11.80747184120861
4976,50.93117634057308
4977,89.57063672860579
4978,40.68336117452072
4980,25.688428846653945
4982,32.54681507000253
4983,130.44460096446707
4984,23.935141783871092
4985,29.787116689676363
4986,17.469013437527828
4987,7.759374730382398
4988,17.93176144240102
4989,15.497914578362115
4990,13.073373853305037
4991,11.92034740239284
4993,59.82389058565845
4995,13.772482722063755
4996,13.536392789333272
4997,22.009900122280825
4998,16.727599674281784
4999,8.409809835370295
5000,52.89296051993453
5002,87.68330161926554
5003,49.12432175511397
5004,129.51371217891247
5005,12.005682305590057
5006,12.091542429263844
5007,86.00600462641917
5008,15.284002317324772
5009,117.98109657559161
5010,31.273314795652905
5011,29.574856741809167
5012,7.472293913070481
5013,26.867939171378158
5014,11.741840063648104
5015,11.637320644059358
5016,34.35445213277924
5017,13.606796459151413
5018,5.968463950077453
5019,53.035021594939494
5020,59.03530941780383
5021,16.404866064444615
5022,33.38332683272144
5024,15.524334123206604
5025,124.92902138916996
5026,14.069893180100951
5027,16.02859444557332
5028,6.249225833073053
5029,12.72992993950381
5030,82.05044044270063
5031,184.90456536111992
5032,29.07164769488693
5033,24.512118342359244
5035,163.02190140590363
5036,9.930071106959712
5037,21.23723487720505
5038,4.021840882503743
5040,30.03223423778979
5041,39.549517993388434
5042,87.51372735163528
5043,27.983003628686763
5044,39.55681874955616
5045,24.19449676605145
5046,20.040824773122505
5049,4.49540486410941
5051,42.622621521281246
5052,15.663860987255283
5054,11.332809793020866
5057,16.306407654649924
5062,16.874841367528653
5063,34.250011395737324
5064,24.528747344944748
5065,46.29984625697862
5066,23.79445573073218
5067,22.447230699867323
5068,15.345781998369317
5069,63.910996180361465
5071,42.57051971559201
5074,19.049696091965295
5075,6.309652478799176
5076,8.88157927910953
5077,29.851507633711734
5078,25.676337230736053
5079,21.055271827166397
5080,33.206013491961635
5081,20.620563177525888
5082,61.72265240190192
5083,4.038855816232841
5084,43.90676981526899
5086,62.52235225388571
5087,558.0933299742301
5089,19.01554266952156
5090,20.66755669509783
5091,10.408069921137178
5092,8.789456342859719
5095,97.04889846248336
5097,36.17228194550351
5098,63.99827733722601
5099,9.421201002642334
5100,47.469260317043265
5102,39.212724828183134
5103,25.41598572596882
5104,23.87282615091652
5105,76.41477713879867
5106,7.032633139868093
5107,138.3412409426692
5108,52.95944163103242
5109,22.714508539550852
5110,62.37456401746125
5111,11.130223859105245
5112,30.110223788778157
5113,72.60391797854571
5114,113.16450007187454
5115,15.341214775734887
5116,19.425842368186622
5117,58.15139184032798
5118,19.730429193079242
5119,74.28843922199607
5120,29.893287977655177
5122,23.193473818513997
5123,7.75842003360325
5125,15.692820345179657
5126,36.24375893956858
5127,203.03779890586532
5128,17.765897245828164
5129,24.829173196470713
5130,50.478801100717206
5131,152.93664205741038
5132,18.869485330594095
5133,29.72969686412273
5134,26.99417924026497
5135,17.607091740400975
5136,21.52247147391215
5137,110.01947036929145
5138,27.651817128442538
5139,49.48874764919279
5140,113.69449961995478
5141,22.920171379234283
5143,69.55981801458167
5144,181.46980820886725
5145,10.408143091480833
5146,28.74525977009112
5147,67.76226074931208
5148,9.898290359275233
5149,72.61989149670107
5150,75.99966863157496
5151,17.519913640284773
5152,26.397256330697324
5153,42.03917426250947
5154,19.731666165266216
5156,8.279966133214453
5157,18.807414247015373
5159,39.764590863614266
5160,149.21152130339212
5161,9.97780518629782
5162,16.89517863391428
5163,7.596190994018214
5165,16.861079280927793
5166,100.73733558585205
5167,4.183524220056829
5168,34.354292169221125
5169,36.305928777977684
5171,14.952144180636187
5172,30.73486384637471
5173,55.97746653001677
5174,8.952100124327782
5175,42.89723503620802
5177,239.8060139736328
5178,12.338617531833917
5179,10.17589026116424
5180,41.24760748914144
5181,32.569846995116315
5182,14.811986603511572
5184,22.46841996870079
5186,34.92101818904691
5187,7.612555399908804
5188,21.388004585216372
5189,5.648607835298525
5190,11.68089785136726
5191,17.00641357709316
5192,5.651111042229554
5193,18.92897128639979
5194,13.267256058881616
5195,31.147935317064764
5197,13.302076471051656
5198,26.771087734354857
5199,20.83171559884284
5200,33.71873479503898
5201,73.10304399497025
5202,24.258596474064085
5203,25.42458293333696
5204,26.941557666383133
5205,31.92830152661112
5206,4.984250291712131
5207,76.1465439596575
5208,69.5297618872918
5209,55.06639768966019
5211,18.277534596256082
5212,5.895961870358682
5213,21.627949432734816
5215,24.286270990913582
5216,14.015825444581253
5217,30.033916316624207
5218,25.872549208438418
5219,7.852756597029976
5221,12.566199909039211
5223,24.643156864345638
5224,13.018934325221219
5226,16.020466666296848
5227,175.45275836431037
5228,46.82628450572318
5229,405.8695968474727
5230,16.876493332021827
5231,55.82030776738629
5233,33.32619796260459
5234,46.079676033616096
5235,15.358435391375808
5236,7.41319076533787
5237,29.33774597543938
5238,64.1144423299023
5239,221.45602982065063
5240,116.95401222638229
5241,7.129454725184053
5242,18.661778610795608
5243,47.42446241741073
5244,33.771555553730785
5245,60.09924974611177
5246,9.749448030836223
5247,16.680762345489416
5248,3.22757581496597
5249,4.552116017242663
5250,182.61308426397196
5251,39.7734159534588
5252,27.68501035493698
5254,12.738167623902612
5255,37.20820251289463
5256,23.60192251853948
5257,19.721129860128904
5258,96.92441742743405
5259,12.169777076131355
5261,9.041347230364288
5262,24.036366194584424
5263,16.972162890175618
5264,8.569751879274822
5265,12.72501370787142
5266,36.98421218273296
5267,27.022064168513666
5268,30.599996645355954
5269,2.072662705053103
5270,16.941763232483
5271,29.02198595533207
5272,42.622608365196314
5274,15.761371282901022
5276,28.277337081741436
5277,214.92895063303118
5278,44.231702730023784
5279,14.805719224143413
5280,67.73103393082259
5282,51.14734485864472
5283,14.110741077483757
5284,44.82932171457595
5285,59.75070709809911
5286,20.248952978190978
5287,10.132730377228137
5288,11.055152796748805
5289,16.745126049588904
5291,536.238174571846
5293,8.217424282189384
5295,14.720729211094804
5296,60.94617743123183
5297,7.7260228196634095
5299,32.505939281938744
5300,21.974999476644225
5301,7.833106468829492
5302,51.79474629433723
5303,24.73944053707808
5305,13.59929205871608
5307,4.9899282401016265
5308,53.69920577677842
5309,72.22163285499852
5310,20.341064267721805
5311,17.12451842520195
5312,58.502224740778104
5313,21.995133474329965
5314,17.10953176473666
5315,49.81332631758788
5316,13.970528203440889
5317,13.772437496914444
5319,32.374625858776895
5320,7.308447086766857
5321,18.665240466250502
5322,41.43739495190312
5323,13.506106801648787
5324,5.135602356600209
5326,14.906479197521655
5327,4.301451607705107
5328,18.59974611084
5329,8.596883582232255
5330,4.530637329324073
5331,27.800628955907342
5332,8.91918356525187
5333,12.432451255450118
5334,20.543708986694508
5335,7.807460010108322
5336,23.786474045547305
5337,13.406358293819993
5338,20.05664119307885
5340,13.774855078220375
5341,28.777268750262845
5342,12.708490472745819
5343,49.53036835554988
5344,23.177282412126992
5345,10.7496500151119
5346,19.188512215216463
5347,10.703107257623836
5348,20.65851577642983
5349,13.622587814240559
5350,7.0053390517190905
5351,40.729548135823876
5352,14.211058724289725
5354,4.654542261326214
5355,56.912938451841356
5356,19.344522793565716
5359,18.128155824308557
5360,10.819928611920064
5361,29.285420005561555
5362,52.66434508823708
5363,42.06924618877104
5364,27.203839683380536
5365,16.274063367053078
5367,14.784575581613227
5368,27.513221320535177
5372,11.7595683096393
5373,13.047604512480683
5374,42.01219276513222
5375,44.68966014068716
5376,7.302510857867737
5379,187.11224330592023
5380,52.14507400578077
5381,27.07664702171855
5382,15.598108261937405
5383,36.160023465993774
5384,25.786117579335723
5385,101.08201391755888
5386,58.29979234777009
5387,10.099321850280152
5388,66.15511912875427
5389,69.36886315473025
5391,57.9904555886345
5392,18.270790404069626
5393,22.07029395996268
5394,20.147718830628552
5395,58.11337834422283
5396,8.915302046264031
5397,19.837414980854014
5401,18.381995449948647
5402,13.834521840139182
5403,14.97167709887414
5404,6.482945724573764
5405,32.6119101375878
5406,88.39906976936348
5408,26.84950657390735
5409,67.37943334475246
5410,182.41899842896763
5411,10.841999995095092
5413,18.53102856837273
5414,73.88744712651881
5415,44.66124613210151
5416,71.53106403134288
5417,37.10612021143446
5419,122.33033509174972
5420,39.44491787132397
5421,19.19581648507555
5422,11.026083060843707
5423,14.52143194385792
5424,14.811597931604336
5426,56.78275385533002
5427,11.119031872285001
5428,31.293686782383308
5429,30.03566229799893
5430,16.794368430118414
5431,10.19772292710646
5433,62.24071639433888
5434,12.113811211746109
5435,30.397587139779937
5436,11.791306791430753
5437,46.12718885814156
5438,14.107375389737093
5439,3.7694633367104364
5440,11.992204543171214
5442,5.402291788164454
5443,20.640363580369108
5444,61.67460805912894
5445,16.25845520704775
5446,14.668373055553849
5447,24.182572741143673
5448,33.47373737946285
5449,37.49031513383266
5450,261.2109450685642
5453,60.184402709202665
5454,34.6712611066735
5455,8.291907940496916
5456,17.788009184140943
5457,48.55145441868587
5459,86.5414287478047
5461,7.80919079323946
5462,4.489453413464029
5463,39.121425588450975
5464,28.746982015461924
5466,20.877108186050897
5467,8.285099844972553
5468,7.4416878702873435
5469,34.67093938389437
5470,7.652358260490618
5471,34.073186981678994
5472,5.588090448576353
5473,3.7323528394686236
5474,14.006779350066614
5475,33.673478333803956
5476,44.824259024239545
5477,37.33626405645148
5478,85.94861467871065
5479,6.923733146413889
5481,7.108974985119753
5482,23.307878677491495
5483,9.398385500605434
5484,33.418251074398576
5485,257.1909956637988
5486,45.975252315649605
5489,95.0332707031169
5490,49.48871101235231
5491,14.961417246579856
5492,5.054034286692754
5493,5.768268004284034
5494,7.141278440947771
5495,33.7254934925499
5496,13.709678977447776
5498,111.95137539791178
5499,10.536650770001753
5500,16.053606779683907
5502,15.225089072438008
5503,17.311274415264343
5504,12.922190038160542
5505,12.326584788324684
5506,18.7765986675679
5507,61.29210328099114
5508,9.566417340509553
5509,16.364146378261903
5510,8.376509852765725
5511,66.20016590888021
5514,25.539632674175504
5516,121.13460549217672
5517,21.498822506718238
5518,87.43177628838872
5519,28.621367685939553
5520,3.562261518297715
5521,203.40728811276855
5524,26.551078145794026
5525,15.198294172839411
5526,39.50000971114626
5527,14.529947591238374
5528,156.83790371731791
5529,83.30460221014995
5530,39.69746456498828
5531,3.7352483136045334
5532,5.889122829840331
5534,13.752526274720012
5535,6.846877266048782
5536,12.693797971418324
5538,13.8284448738726
5539,22.554247347331312
5540,11.033440866657772
5541,17.80758366298846
5542,78.03513199655598
5543,95.12705403790275
5544,3.788880384781074
5545,16.3896760152868
5546,22.968117852565676
5547,90.46361376509086
5550,20.16568888223992
5552,20.090300748026884
5553,12.379328563355337
5554,23.902973666381058
5555,43.42240160067874
5557,9.545777332257888
5558,16.252540132528317
5559,24.66237597856475
5560,10.447719009593582
5561,35.19878952074004
5562,14.116738496652532
5563,127.38916356042775
5564,123.13025771476309
5565,16.11206646803148
5566,8.270907592524456
5567,12.031947327026364
5568,29.49153328715557
5569,56.706156067340984
5570,29.004748723312108
5571,6.590015061061535
5572,14.318563572098412
5573,61.604297681219286
5574,74.14108902170638
5575,64.8406233516299
5576,12.157010916548149
5577,59.12576265425757
5578,18.4669818889654
5581,12.899581856010517
5582,82.50005727388155
5583,31.68612168202674
5584,4.63203052612349
5585,22.90409084645717
5586,2.0011509919370862
5587,9.266973187208372
5588,64.60911615301787
5589,19.48284276916717
5590,10.701818939976986
5591,66.23255457683258
5592,21.61547538734277
5593,98.45016421957612
5594,14.664231347838255
5596,8.970825321918948
5598,7.404018053387947
5599,571.6617162114551
5600,29.529442462345187
5602,56.865336509084415
5604,21.398515744576695
5605,31.71663447940633
5606,24.49093601059411
5607,18.684705133311716
5608,20.140619446092526
5609,23.163380559914295
5610,12.35809000503598
5611,21.67794028746155
5612,72.64430030448702
5613,13.115674582601027
5614,16.20683710089914
5615,41.83094147648099
5617,37.87444374215497
5618,8.617371540742873
5619,8.746777089899785
5620,15.575848368587378
5622,28.548977243727574
5623,7.338553243228191
5624,119.97818936230178
5625,31.951689612493958
5626,27.599202305867923
5627,194.17569407015105
5629,69.78378628730285
5630,29.865692870327102
5632,17.048544823536066
5633,10.752279490183927
5634,43.28238893003467
5635,221.6464888939812
5636,11.240568327238133
5637,309.1959067272325
5638,72.81917039892413
5640,9.714805520695062
5643,12.40147013830094
5644,4.557068326459453
5648,15.788303207577073
5651,23.86978521230988
5652,36.3306012850731
5653,13.765527785915125
5654,13.59471689030454
5655,9.504334963190386
5656,131.19944384254183
5657,49.20438899768032
5658,33.96821375301344
5659,12.157935265232277
5660,6.1487063042830705
5661,8.499953763111673
5662,11.380579382800875
5663,34.952811036111356
5664,10.045986284054905
5665,45.66640438534383
5666,19.944828390460977
5667,172.73414464921004
5668,26.73132813902353
5669,63.83313578924771
5670,112.00019981228584
5672,22.439963612162487
5673,5.980391063305364
5674,31.135115041466264
5675,87.84211803045694
5676,15.154853234203735
5677,5.31801564610044
5678,8.884954532626931
5679,31.982704029977057
5680,10.66978174780793
5681,24.27598264595751
5682,17.230371434968593
5683,31.96294981134096
5684,40.785579411251554
5685,13.131605114632281
5686,29.05058282090602
5687,56.47993420350065
5688,15.56533341589038
5689,36.979215168927745
5691,78.65103874390115
5692,40.063806831586184
5693,22.56897221540835
5694,29.60245065763341
5695,20.94337738019088
5696,43.42841756585081
5697,10.163915537716862
5698,9.35310065626008
5699,32.033675695073065
5700,34.26816624172546
5701,131.63064876525016
5702,18.95315153438603
5704,12.43336832107384
5705,117.97410850195072
5706,101.24627841632531
5707,44.23365469833492
5708,42.476067661444546
5710,12.73146741225446
5711,4.799066952454674
5712,12.24537810876517
5713,34.21928665239953
5714,12.86592004310544
5715,274.2461300360289
5716,12.49492109004205
5717,36.830467724155014
5718,27.63627185743885
5719,15.915718777875467
5721,41.23073384073681
5723,11.464920327690237
5724,25.659466037353866
5725,15.211247982709194
5726,67.221690771821
5727,11.437554983210124
5729,22.5725061476426
5730,6.880600129069149
5731,35.29487424678167
5733,32.74559528449596
5734,6.435281930490241
5735,15.019273171610573
5736,17.603934766395554
5737,48.84718470779992
5738,22.46200697395198
5740,35.2900015281291
5743,12.24060584564045
5744,16.010266623802263
5745,25.207598522650617
5746,10.988576532288656
5747,7.360601311076074
5748,86.88850228121298
5749,12.984840706974987
5750,30.90680327871925
5751,14.553896869262093
5752,23.20789390330746
5753,10.498604344447543
5754,24.338752867234927
5755,22.420607597332825
5757,5.864217022160519
5758,55.35549335455562
5759,26.44399129293528
5761,13.960605650967791
5762,10.748631343948443
5763,91.34899719832013
5765,108.54438144671285
5766,11.111962830465162
5768,83.7280746427073
5770,18.211165974260616
5771,127.59473931028263
5772,9.374875851821349
5773,53.76004837597211
5774,9.20997930494402
5775,24.808043721840328
5777,27.758227775459652
5778,27.614434620610712
5779,18.354086493194256
5780,10.562367082018337
5782,10.782445672909008
5783,40.17761726345521
5784,69.17024746563379
5785,62.194979568073705
5786,13.28816137586713
5787,83.55211048923667
5788,11.360157719453563
5789,257.3805467992575
5790,60.096976519783084
5791,113.49164383872493
5792,47.93214940030843
5793,51.223689902317666
5794,10.734010379591119
5795,14.562829553186868
5797,41.43452890851036
5801,24.792191064021274
5802,66.00710988855114
5803,24.68961997534418
5804,11.572759759781661
5805,4.123267141767287
5806,87.07185015472282
5808,33.28312415634201
5809,4.543766563045116
5810,30.026933424092906
5811,33.50890331884305
5812,33.17562359048693
5813,18.821524561398036
5815,10.664369457473075
5816,25.83035033141343
5817,42.27379170044578
5818,12.598582196776917
5819,339.85820090435044
5821,34.26576474357197
5822,11.19872843632916
5823,39.63770503508288
5824,15.95426248103627
5825,19.146130646453805
5826,15.32922623683141
5827,41.9265570209043
5829,35.78450817526308
5831,338.7242124881949
5832,12.332722503227462
5834,73.24475884629655
5835,59.13149540275922
5837,21.272118590068377
5838,6.020967216367728
5839,11.034600670087524
5840,18.52107259628546
5841,62.552428715267844
5842,125.18541707425561
5843,88.38037287912016
5844,101.6054799758718
5845,63.640259311634466
5846,3.6220059886576372
5847,50.999355576312055
5848,24.625000034948233
5849,76.40313434465129
5850,40.02101804409953
5851,60.044244843031514
5852,36.589294304944346
5853,102.37574482098583
5854,12.79015981814554
5855,164.20922324681257
5856,16.455263315476714
5857,56.29615547024277
5858,10.608415784892069
5859,28.58166324369369
5860,23.454920365442945
5862,19.74867756651601
5863,16.215199782480656
5865,46.98062737946006
5866,31.752854958967497
5867,16.114035110702062
5868,267.9871368865228
5869,27.634401936645975
5870,4.725948117773078
5871,120.94126298143021
5872,7.446179736558609
5873,6.955963012380228
5874,11.94466546715604
5875,3.5777604590529903
5876,18.322799365034104
5877,104.67622934422715
5878,17.97221010493933
5879,12.343443769573668
5881,27.50121936002529
5882,4.372033096476446
5883,24.78662174096058
5884,18.96423338582205
5885,40.65471113931171
5886,20.47989860706746
5887,15.271021959861592
5888,15.903093267858868
5889,36.22845121086876
5890,10.31856518263504
5891,29.673406669772692
5892,13.90529502062737
5893,14.27527908411625
5894,22.752838994066366
5895,7.132000574675227
5896,8.872360289863316
5897,15.326736908817354
5898,30.173052849356726
5899,7.496369045030363
5900,6.901917725987359
5901,31.43990317680902
5902,14.109775484547828
5903,74.7592387697826
5904,192.360256339942
5906,35.35357357605101
5907,37.20777517998469
5908,33.23754981712456
5909,20.54465229094282
5910,34.18393548343721
5911,16.21039487953885
5912,8.84887607743735
5913,18.50799282648819
5914,13.017984425842375
5915,26.363082897530436
5917,49.72554661755046
5918,11.058208601196162
5919,104.37971139284514
5920,86.17812758901198
5921,37.316503979117236
5922,21.95101017357307
5924,33.31712333264211
5925,22.710144419544335
5927,8.356486970396114
5928,73.85177682054805
5930,11.808753267812996
5931,52.12260026250871
5932,14.391088570389847
5933,13.576724921999645
5934,28.136026155085602
5935,57.950445303229394
5936,39.69092239356325
5937,56.425352371742676
5938,6.6801033734335435
5939,16.74760396932383
5941,11.65722303079051
5942,62.347054537556474
5943,11.870040129209052
5946,15.882167307547745
5948,160.50270887531366
5949,4.512915914714019
5951,21.155771510569476
5952,45.383463415669375
5953,45.22421730207673
5954,98.98483741716802
5955,5.614253254727379
5956,51.19437418512676
5957,6.096071047450781
5958,10.959304717974133
5959,12.920240895356752
5960,112.33014636250942
5962,45.56357817235753
5963,3.741620662700445
5965,16.5694785847612
5966,24.50110046655468
5967,13.285851608463865
5968,14.900595447852549
5969,48.97994538600703
5970,134.2032800820013
5972,17.878296778975752
5973,49.1746507809619
5974,37.70493244067373
5975,13.83260173847153
5978,138.40515814535763
5979,12.589110581436415
5980,39.618315420699034
5982,8.194279429266219
5983,72.92462144587363
5984,33.6428970179132
5985,51.62084515368258
5986,159.33518280782474
5987,26.551903283316186
5988,27.164422630744127
5989,45.51386896677774
5990,9.183277165055108
5991,38.136321435836656
5992,31.12779164253981
5993,5.515114779681209
5994,5.4765581170489614
5995,12.44991561610688
5996,9.779833611582745
5997,17.307305441401667
5999,21.809257936425766
6000,56.75346885063061
6001,33.173350467942186
6002,77.22197890230461
6003,13.833362407576946
6005,53.60365247613214
6006,15.952691472567375
6009,8.286340500801922
6010,14.405252112225373
6011,21.66406225181689
6013,66.43519320470547
6014,236.6284838686448
6015,236.6284838686448
6016,236.6284838686448
6017,236.6284838686448
6018,236.6284838686448
6019,236.6284838686448
6020,236.6284838686448
6021,236.6284838686448
6022,236.6284838686448
6023,257.1909956637988
6024,73.47366931296996
6025,8.88399435879564
6026,84.88790380966833
6027,21.591506602980633
6028,13.44622023996871
6029,10.110999755663853
6030,8.52903369343774
6031,10.608149854648918
6032,8.686130304236395
6033,37.958072939379804
6034,28.69951200228434
6035,23.943413191188654
6036,23.707989953239004
6037,7.489482967121394
6038,44.86073349163569
6039,16.294668101671714
6040,51.36420430042737
6042,11.136716681402921
6044,51.25175233128747
6045,13.343392223914105
6048,7.395399395389358
6050,46.55169227342355
6051,6.886069419729243
6052,15.305106563104825
6053,10.93728265285344
6054,51.62190022596733
6055,29.204666436383334
6056,8.075780836714124
6057,8.202633509178014
6058,34.71190520401624
6059,241.72138879516402
6060,6.352430944257031
6061,16.157378555589528
6062,33.89245230099295
6063,29.035651499122626
6064,74.41356422913609
6066,23.41847002925406
6069,26.998737366283336
6070,15.182407997594131
6071,12.096819273114873
6072,18.706921512024653
6074,52.826702877472954
6075,59.03685683571499
6076,18.508634769443084
6077,9.264122149312204
6078,124.67070333709019
6079,9.844504341453094
6080,17.390386853224374
6081,15.943134686396492
6082,16.983237581317773
6083,27.1410878925672
6084,16.974717403353594
6085,7.446842244470984
6086,31.868913152769267
6087,6.7085353663621525
6088,21.78229299379986
6089,35.5629411971576
6090,13.961284356106644
6091,34.036773993338834
6092,49.705711259461445
6093,34.90193239034803
6094,14.630693495588524
6095,3.3227900344228156
6096,48.723579635448395
6097,10.054075092462805
6098,4.675253469644673
6099,14.600812602255695
6100,37.85059150034308
6101,17.081342946905455
6102,28.825079416064227
6103,12.604155168354565
6105,35.05395680957324
6106,12.963027960875856
6107,237.37842190314012
6108,40.72244036395892
6109,45.02798185571049
6111,14.327670182907422
6112,10.932971958936134
6114,35.4807418718273
6115,23.783217225673727
6116,52.81305069255263
6117,25.17733670001094
6119,33.64393726844803
6120,22.06543146544513
6121,15.153237859212815
6122,22.40581273978789
6123,14.419553476937603
6124,16.365764289122012
6125,10.126783779528735
6126,10.941824024039917
6127,13.052004847998383
6128,31.647979635881406
6129,47.43881437982729
6130,33.021771709194645
6131,69.59201594905433
6132,18.27017458772428
6133,47.252162242653824
6134,15.222312967345326
6135,9.135280016306057
6137,47.70204315270969
6138,34.05712272386308
6139,17.357647210557197
6140,23.565372422462232
6141,11.827839809354174
6142,5.966562483512646
6143,80.24543515768868
6144,38.33157063793142
6145,13.539848029818991
6146,10.53246936291631
6147,15.239341053704486
6148,26.718456891890234
6150,36.75756673590708
6151,43.45439448838144
6152,51.150416998432355
6153,23.183795010214876
6154,17.64283829168493
6155,10.722415924988603
6156,22.80608946222914
6157,24.55633773330123
6158,73.75887183711781
6159,112.14364169665832
6160,11.6618646164684
6161,3.952537102334912
6162,87.82723465888715
6163,18.138631421264474
6164,18.68446147271868
6165,11.630516365559123
6166,7.315807513231322
6167,19.082097887434628
6169,61.422024019786384
6170,35.887032893626234
6171,74.51427625889322
6172,29.68309805040109
6173,32.02289153620684
6174,13.65627194685258
6176,43.48633815849421
6177,14.968128907888886
6178,94.99508109076035
6179,33.17252142242996
6180,9.527809737924711
6181,52.68417021370303
6182,41.99421480404809
6183,74.63220843679217
6184,88.83676221234785
6185,28.673863719856925
6186,51.948082540197895
6187,9.407375525814077
6188,14.688877092434364
6190,160.35020925095137
6191,9.693641873569602
6192,34.17940549340152
6193,13.14919827707721
6194,15.666048670989806
6195,78.70256620984568
6197,12.055051035854271
6198,52.269523603040504
6199,22.959261015105806
6200,25.201218961087637
6201,54.637850964128276
6202,28.80653856278532
6203,37.322758756447136
6204,14.408554574801169
6205,11.702509800859074
6206,24.391566992028885
6207,7.668274888965038
6208,12.441021263066194
6210,7.333862446255408
6212,8.963262118885506
6214,28.84267337185177
6216,11.28398544342364
6217,9.492214876386027
6218,30.1206059452257
6219,27.567955339214166
6220,81.24203444385854
6221,10.704036699862765
6222,18.826810459218684
6223,25.15754169922
6224,6.8643387346529074
6225,6.269588534264394
6226,56.06594421610263
6227,24.78784667445225
6229,72.19085650681625
6231,6.322246828163876
6232,6.764547764376786
6233,7.832408131258106
6234,93.05918939930449
6235,17.992622535928064
6236,6.806450109187389
6237,12.464370994421577
6238,9.609836495397271
6239,52.989510177886054
6240,9.122001693725304
6242,7.984006270194738
6243,40.060295263361034
6244,14.363243534911957
6245,17.7536941076603
6246,21.351907984084807
6247,27.134500450217576
6249,28.166284481306917
6250,86.09738427102427
6251,59.47633504829496
6252,43.02101285424379
6253,7.289911003295732
6254,19.927458018607886
6255,68.56607925096928
6256,27.46733514084549
6257,8.023107336165513
6259,9.581508094337224
6260,42.79427120204566
6261,76.60436199120208
6262,29.228317350605252
6263,69.71758276350015
6264,27.32818574406814
6265,22.002610593553452
6266,38.19625071832667
6267,16.241009049427696
6268,10.728112330400613
6269,273.81257172117967
6270,20.638640242538155
6271,20.569196329637336
6272,13.121942798969844
6273,15.96433288641944
6274,53.07967511629593
6275,34.359816936103115
6276,28.665219777131334
6277,12.988348703712951
6279,26.252592151212575
6280,156.5331047833619
6281,31.027970937938687
6282,25.02693111829847
6283,208.73864369733144
6284,39.4059715098583
6285,53.666171859978654
6286,17.54149133394307
6288,6.658794604490053
6289,57.22034117815856
6290,45.481972741774975
6291,46.287774495820784
6292,18.81932560931025
6293,35.17513091826238
6294,351.1643065211616
6295,69.55650425877734
6296,80.87381953538343
6297,43.12556309897292
6298,16.435240207396376
6299,53.27820556405878
6300,30.702332888371824
6301,198.01107371427875
6302,24.46993794177702
6303,10.0229319100099
6304,11.49537277947542
6306,7.981640560586925
6308,28.87825746465714
6310,24.787610857892414
6311,10.10358125491093
6312,53.62866101219469
6313,5.159326040271781
6314,10.690241762260207
6315,22.762157842141377
6316,38.686730347253565
6317,4.889571099151235
6318,2.2076319322140336
6319,36.73458990799499
6320,11.903101172284291
6321,25.647715384468395
6322,7.468531895889509
6324,67.7102291362312
6325,8.632862705939763
6326,16.383117552650948
6327,19.211225473695198
6328,59.40022483818187
6329,26.990954195150653
6330,8.630209431982465
6331,46.450569306930774
6332,16.70713447516065
6333,42.425597892672755
6335,232.5863389346068
6336,17.508792255871047
6337,31.457533219037952
6339,30.35388376819748
6340,12.686403747756373
6341,14.05990008866583
6342,21.57337723178328
6343,14.013349830770254
6344,164.60522667047582
6345,42.8602188605538
6346,29.557415595756712
6347,22.54466689361704
6348,26.63935348859612
6349,8.133967977295276
6350,8.059322900143599
6351,31.161384893499847
6352,80.80942277389997
6354,29.15791616250354
6355,27.916329148851307
6356,60.54636079868235
6357,10.0044695431246
6358,18.482067399230566
6359,95.99714159640989
6360,37.551331819720765
6361,12.510172929209306
6362,12.07710073466228
6363,8.41830183726364
6364,6.942833145258375
6366,15.884921890929407
6367,16.61864149330545
6368,6.740229335172867
6369,51.04665365346859
6370,22.076360674131635
6371,25.795972965246992
6372,9.956668671352446
6373,15.225345814371899
6374,25.64258441597773
6375,20.374237703963825
6376,12.905369709457121
6377,17.00792232648708
6378,22.520178599252166
6379,23.178817813628033
6380,42.55648422638686
6381,10.210273494320791
6382,46.96917665197478
6383,18.199779845092994
6384,8.561429493628998
6386,40.40731821111578
6387,35.280911171557875
6389,61.57271285895558
6390,47.71003292555602
6391,8.383581246185111
6392,102.47943135700415
6393,11.067177379290131
6394,6.059151131047065
6395,32.20616253524536
6396,50.83396884200619
6397,17.500435939483705
6398,8.909929036360303
6399,49.0419809363163
6400,20.52667422133343
6401,24.123522951086578
6402,51.110022406931186
6403,15.166134498252237
6405,5.904749784039693
6406,43.21554351164851
6407,28.956598928468793
6408,32.84132376743337
6409,62.218017198677394
6410,8.622350976154294
6411,17.612815549515584
6412,43.14721618542513
6413,9.171950230720006
6414,87.87277069305725
6415,46.08421614753273
6416,26.857762798695152
6417,7.162054092630676
6418,39.61891666077162
6419,10.016199896873156
6420,29.850187841350508
6421,43.61855978985565
6422,19.05705069180843
6423,41.643076889588784
6424,7.167398320669374
6425,26.537349291636495
6426,22.472260589686012
6427,42.727025336286744
6428,10.306452724796166
6429,10.463681064781674
6430,19.441859286456122
6431,10.88052544342255
6432,6.2183178559636865
6433,8.437589268876238
6434,73.84360535743068
6435,10.547303414531891
6436,17.620171046046284
6437,8.259995552305423
6438,10.994459893257375
6439,46.822243342409664
6440,38.767511389485165
6441,9.401825517761425
6442,111.82325513721385
6443,65.42198098924429
6444,21.35523494506557
6445,7.633011219251174
6446,21.89568302114765
6447,19.71443383595077
6448,13.329668264200562
6449,109.46235139277707
6450,22.829552172159968
6452,31.946759430975288
6453,20.327128885921535
6454,20.73208043735593
6455,50.387101824427454
6456,7.543306141277318
6459,79.25097634945615
6460,36.08003709881267
6461,44.4218774645104
6462,19.2801737288635
6463,59.55606398015189
6464,20.01120903301294
6466,13.365468090498208
6467,46.29214897642216
6469,9.931963072806099
6470,29.81344172847437
6471,21.823132682162946
6472,26.349311676209865
6473,15.793706072120726
6475,98.16143122537518
6476,30.799458672073424
6477,14.759857073070751
6478,23.33072871562811
6481,4.114646646020011
6482,43.49024475105003
6483,20.161168167535475
6484,31.38295107898002
6485,25.11108506903585
6486,24.136835711049805
6487,6.136684683156284
6488,10.431981342845662
6489,16.98324724208175
6490,15.23842896306346
6491,6.813422555577772
6492,170.00433353203206
6493,20.257576442448716
6494,26.948239021211343
6495,5.844220496029242
6496,8.648585664713659
6497,6.348264523610097
6498,15.320192562287373
6499,20.649582808518197
6500,19.47468517002204
6501,23.220941582630346
6502,35.67442895186897
6503,2.988161890468603
6504,7.746708487289152
6506,56.63748188704215
6507,38.89419417026183
6508,17.502634363453872
6509,17.249128051034102
6510,24.129270813301833
6511,16.957366725188525
6512,28.361807813975226
6513,53.52543928969206
6514,17.677257543165492
6515,24.756512070974335
6516,5.724902338357985
6517,22.279136940298265
6518,12.63192486730482
6519,19.79214132817966
6520,15.1781865637237
6521,6.567322362619097
6523,12.704139912546545
6525,12.490208925421134
6526,42.718535325896724
6527,19.392982279474648
6529,12.128277177254237
6530,55.87086749709047
6531,5.0843161121237985
6534,7.004548169288912
6535,14.345039131524832
6537,8.182933769616344
6538,8.44601059310836
6539,125.81200630956279
6540,10.442911065056887
6542,12.397844652900393
6543,12.431716931222091
6544,5.730290162261993
6545,7.656692443685486
6546,120.11942037618762
6547,10.074629315399495
6548,16.037656609813087
6549,9.318069519700733
6550,27.25541175526303
6551,14.349848200951028
6552,9.017245505882514
6553,15.982729471133487
6554,31.08234832810613
6555,53.55300642132053
6557,55.23048294041104
6558,27.11811194668282
6559,16.659501912604995
6560,28.814239093111464
6561,4.084841016420714
6562,64.81283230825738
6563,13.781550487219999
6564,59.28730552168167
6565,23.201882315535432
6567,8.00102115128677
6569,63.09548602101735
6570,10.272390518996865
6571,6.232196159711599
6572,15.409767805686556
6573,6.121792836707926
6574,27.527701033214502
6575,21.92469204789268
6576,13.748564984409155
6577,14.885201916081732
6579,14.929310079721764
6580,8.899977054233716
6581,34.63765911358915
6583,19.38030497292748
6584,45.160297691660716
6585,10.08285285259326
6587,32.79413247696614
6588,10.147297412315059
6589,133.67485516199864
6590,405.5364192557645
6591,25.01493152864964
6592,19.01274612522356
6593,23.57168211639436
6594,13.754258488682865
6595,23.867721729204934
6596,26.376411806240245
6597,24.72733460406453
6598,41.96942159044688
6599,13.889845783974017
6602,116.63056418609649
6603,79.57661446687524
6604,79.34746290390072
6605,34.045564080221574
6606,19.481758364235056
6607,13.852611212846535
6608,13.373878586917943
6609,67.70065527204835
6610,104.10913141747439
6611,16.219164682492867
6612,19.219056981259634
6613,54.05806723282873
6614,558.0933299742301
6615,45.05101435980266
6616,11.506358489239771
6617,10.32884493465949
6618,31.241661850897707
6619,6.892737799942896
6621,20.64191548518148
6622,18.065436644016295
6624,66.82910625589473
6625,140.73002977125566
6626,11.352523611524772
6627,4.760227244946283
6629,24.528749261530344
6630,25.18152900799543
6632,38.146296112135325
6633,131.70654182745977
6634,72.61859519016849
6635,14.090603835125606
6638,11.323402061345488
6639,71.2454175826858
6640,24.060317922402152
6641,17.942375593329793
6643,17.111431716046173
6644,77.38038730524121
6645,38.90673076835351
6646,31.52762033167779
6647,23.382869229406527
6648,40.227080921881445
6649,19.10508305700615
6650,18.32681149714881
6651,9.567946202634284
6652,10.45667585490307
6653,52.5242946393703
6654,105.91185464206845
6655,40.69108534434397
6656,58.953339381491816
6657,104.62104924531602
6658,54.84323139413788
6659,10.03805535251356
6660,37.41327636358219
6661,90.82545332691433
6662,11.969851126994547
6663,7.272525644092065
6664,12.378679117875958
6665,131.73514301909174
6666,15.368227735924785
6667,72.82842508763811
6668,6.709871030500224
6669,53.92658043534735
6670,27.84247164430609
6671,15.261285174581309
6672,11.597020608261818
6673,88.61025196600012
6674,15.790275215276178
6675,47.30801182490377
6676,8.115033568446975
6677,29.35871021824264
6678,52.61878381601963
6680,23.399320656273066
6681,24.299797153672632
6682,12.097338696075475
6683,72.3407798796576
6684,102.32020346213083
6685,102.54760518746626
6686,19.425093092760026
6687,3.02888651384523
6688,87.98177321432038
6689,10.461284203769758
6690,18.415223297748657
6692,5.495836983877116
6693,26.80523594003365
6694,60.72372303572771
6695,6.452671726694251
6696,25.57044495687245
6698,54.56654075456267
6699,6.855412993998022
6700,13.391798893477123
6701,15.070753222845646
6702,37.38495924649938
6703,31.899188590232022
6704,19.99030164893623
6705,22.909315888900743
6706,16.49189128416263
6707,19.217204348334405
6708,58.90632240673521
6711,4.806222266278885
6712,62.69838262271474
6713,21.260631467202757
6714,8.428579114015678
6715,8.49633611624172
6717,43.888747305702445
6718,17.902556878165786
6719,33.55230835652353
6720,13.744310416271782
6721,224.6649587219286
6722,3.706448592094092
6723,83.29092596789627
6724,13.631682728915061
6725,3.9950255032558246
6727,55.74360543796752
6728,92.99391737846666
6731,84.8650244861271
6732,55.28767335257193
6734,4.612695179666975
6735,12.210312683374537
6736,14.792369950654018
6737,8.460002012429383
6738,8.901965380440682
6739,50.62379806700135
6740,72.6265275016535
6742,24.757207970791864
6744,30.451652918408865
6745,59.916236000674004
6746,13.693375797796472
6747,21.84950051567534
6748,196.7584777185222
6749,18.012674158150467
6750,17.176478597996105
6752,27.214799520203034
6753,17.17130412091326
6754,25.629944783156315
6755,47.26441497728629
6756,5.336268558916791
6757,47.01711747360533
6758,57.65398093907383
6760,29.17747206791518
6761,13.488530624602971
6762,41.39766969173296
6763,17.38669778219602
6764,14.858932809190689
6765,49.42195709234362
6766,20.761272821968138
6767,17.91545320813879
6768,18.109259962586417
6769,52.657427362772
6770,35.929013429511805
6771,31.733696548370826
6773,29.565234573847334
6774,17.749010710926434
6775,21.344027173159738
6776,11.679636633849743
6777,15.402797704143866
6778,10.83286137052996
6779,61.85879349758746
6780,27.95630326304007
6781,239.49018510597762
6782,17.133675131391477
6783,44.34093412810101
6784,29.61895105367454
6785,121.50934838735945
6786,81.74032336158203
6787,162.9955045621723
6788,24.848084083000664
6789,78.65734634090667
6790,12.132544123032604
6791,24.63621941692912
6792,11.90589787269837
6793,8.132239017425292
6794,5.455691232427897
6795,50.06336123616223
6796,36.98110431820189
6799,69.29584264686619
6800,22.302457397576386
6802,123.88190783510485
6803,6.619893829358169
6804,74.83376251672689
6806,10.84689155280377
6807,54.62270865783259
6809,36.35401982208919
6810,15.81499232134228
6811,46.57883831761553
6812,10.329418497615594
6813,5.323915327661245
6814,38.03060670409889
6815,24.249768778083524
6816,28.33122683100775
6818,56.99335166102229
6819,16.951071020628998
6820,4.850317047323852
6822,13.952674094399116
6823,31.49310847341455
6824,71.12683158751045
6825,29.3553725578064
6826,10.40020396951962
6827,6.985390855826457
6828,18.297159815502063
6829,18.39627167135362
6830,49.22399767097652
6831,46.29785019412331
6832,31.545698428500533
6834,20.34009675675454
6835,6.34831559521018
6837,8.716964400942599
6838,5.087557662203034
6839,5.113153188029148
6840,3.8222461219195987
6841,4.5952543645031
6842,6.783362034624568
6843,122.36293978856092
6846,27.990061118538268
6847,10.963326938576927
6848,13.837552967645637
6849,37.48229767501099
6850,27.60237927137227
6852,3.942999381285648
6853,86.0338966603098
6854,13.776736337207822
6855,16.97449437252174
6857,11.000407799409485
6858,40.430447110341284
6859,45.54322919009494
6860,20.899878443076425
6861,60.01932386614152
6862,16.2611438788037
6863,49.30276502944144
6864,11.789853922180379
6865,5.336363405105291
6866,84.98175817667786
6867,15.952755011215892
6868,41.43329386130404
6869,11.996039409736337
6871,85.8746150056215
6872,15.607102543902828
6873,17.95823741294908
6874,23.972456460376414
6875,19.244112738534643
6876,27.613742967851177
6877,60.28880357359344
6878,5.778101184787693
6879,4.5190301374715025
6880,64.83738490481888
6881,69.66147880691594
6882,4.88581169336295
6883,13.97454513055958
6884,25.31590832469066
6885,20.413074685674758
6887,11.521272646863766
6888,23.896741589504686
6889,5.001395978517549
6890,31.9961739071019
6891,18.483666269452517
6893,25.94765267198043
6894,11.401355314458216
6895,8.54399248003862
6896,84.58699492528154
6897,93.3860829460182
6898,71.02698864516837
6899,95.50082256437382
6900,116.81754608826836
6901,24.338339134796623
6902,38.54728410895528
6903,15.873278486582404
6904,16.80235609147684
6905,42.793326459201765
6906,39.37997106913971
6907,50.67086219807698
6908,183.76116157112605
6909,24.22695891107318
6911,8.945696913082761
6912,18.39141208083155
6913,64.32232021969982
6914,36.035202611634155
6915,27.764973170001642
6916,17.326805426545683
6917,27.103428203897355
6918,20.6846869120405
6920,123.51388304747967
6922,64.98281582282202
6923,36.5087250894143
6924,148.76771194389372
6925,10.428531837363183
6927,30.726727970493098
6929,8.053760645110755
6931,62.00519381999603
6932,11.112578450276116
6933,4.616226120205979
6934,8.585650687012365
6935,29.13567730536782
6936,71.64891846068025
6937,30.12106509112445
6938,66.3572757430409
6939,6.1536860513972655
6940,43.270830028942406
6941,54.302766903605445
6943,38.88061566179479
6944,97.63693874207877
6945,26.60459916608057
6946,11.79465130532896
6947,88.390324562628
6949,14.869990855391194
6950,38.10574231993065
6951,69.65259890983302
6952,8.411526343204212
6953,70.13962818796855
6954,44.42809079111484
6955,101.90965975129136
6956,11.20644636106884
6957,26.011618021610232
6958,88.2561241527635
6959,8.839884852511496
6960,78.89540399280213
6961,20.331423139824107
6962,28.84577825422268
6963,23.254097614299173
6964,99.1316298709759
6965,7.421828499145257
6966,49.779530500209454
6967,7.826235144838663
6968,8.615807478104248
6969,61.52791558352489
6970,8.178011350737394
6973,35.95896712254464
6974,8.684228437690571
6975,33.62717611299266
6976,37.817760562217934
6977,21.98591878923788
6978,16.077185076366113
6979,23.884186557979366
6980,9.741615057724777
6981,15.550729983635497
6982,19.11887890053043
6983,13.65690072576833
6984,73.70950836443645
6985,17.93671288337306
6986,16.447106857259577
6987,45.044037394959325
6988,8.861393084317164
6990,29.465130763639813
6991,6.3169479563990745
6992,32.4105818556489
6993,62.340010250936025
6994,9.430521631452695
6995,29.646504705306704
6996,64.07608540901282
6997,26.178086632553907
6999,83.12260171917985
7000,13.633587946945104
7001,28.024702528743124
7002,65.76056709159536
7003,101.34752737721342
7004,57.94935184903542
7005,9.09819837814916
7006,11.235964904826783
7007,25.64097584085109
7008,36.653148521378654
7009,9.607691049527295
7010,150.68033012945892
7011,13.658763082727578
7013,25.189455929537964
7015,7.778267123447406
7016,43.38222053070961
7017,25.837598876854994
7018,19.26604275253838
7020,17.626568881835944
7021,49.53496479888119
7022,27.549463303828034
7023,51.729246022170386
7025,46.789067777527805
7026,12.030915835050411
7027,6.715416962109926
7028,25.490543788374854
7029,24.919774158724955
7030,11.57322525346155
7031,46.504419349227284
7032,27.311548699623142
7033,33.58927365121679
7034,15.405144163931235
7035,8.903433773390278
7036,79.51762353722165
7037,40.360435431122994
7038,35.79629767457553
7039,17.504372171074333
7040,9.913879028825216
7041,95.47477759492779
7042,5.143204455716461
7043,25.90820838944028
7044,47.09157806759143
7045,277.9384576442254
7046,51.158987472843485
7047,29.02441226792887
7048,19.84415670353276
7049,53.60849729242136
7050,3.6027323329683782
7051,8.762042645345549
7052,25.741768160377255
7054,8.537473122099248
7055,14.304727919992716
7057,76.37481886404186
7058,19.314045878539343
7059,6.647392655376043
7061,25.016927699245393
7062,50.27909923814498
7063,17.270011054502376
7064,3.1139951254814773
7065,15.543822298983992
7066,7.252313140042408
7067,92.78600571805842
7069,20.17023405120227
7070,20.047585399506048
7071,12.413845996973777
7073,8.348779770509845
7074,14.082919936027595
7075,108.50577241130334
7076,13.881643766541707
7077,35.951062402693765
7079,9.356821337965135
7080,45.80539164108548
7081,16.05916644281855
7082,10.497637360050179
7083,3.861201830228009
7084,14.72086652675713
7086,54.62726120098637
7088,34.220680601599646
7089,10.74345906402269
7090,36.6637272440452
7091,13.442821648840797
7092,46.82509940429589
7093,24.22621456265752
7094,31.24104420529967
7095,47.86045215833661
7096,3.03498928272341
7097,6.981103963845159
7098,54.09103193152631
7099,12.32113063711707
7100,12.23658617976887
7101,6.0791022404398545
7102,9.389272277402553
7103,15.243356939844682
7104,95.38505010156474
7105,196.81272841373612
7106,6.570668987087704
7107,55.24119612718411
7109,33.64558257763619
7110,195.93235478419953
7111,25.753970997603044
7112,11.240625536661947
7113,49.14649454185546
7115,48.90274396920902
7116,25.357067006182675
7117,10.708053545817432
7118,10.969552953602618
7119,18.69861572759429
7120,16.05256204051125
7122,10.939076396099855
7123,27.16729291215451
7124,12.556742293330565
7125,44.625477734502795
7126,52.60294970369877
7127,26.408919501483975
7128,31.260786728469466
7129,14.87452519693518
7130,11.711932004681232
7131,16.302977230132065
7132,9.40298124317576
7133,25.602681135584206
7135,10.827523505916842
7136,30.672494091015935
7138,22.33283624373128
7140,35.052586977093206
7141,22.095440594554486
7142,34.66204639173
7144,20.35531977367699
7145,24.53530991926903
7146,39.379865132063955
7147,89.28382259386557
7148,32.01119701581369
7149,85.04127671589707
7150,142.73437259751017
7151,59.73594635389588
7152,10.565972895860618
7153,10.76777300564032
7155,32.07924731440152
7156,30.442391937716014
7157,28.227852008062168
7158,19.566913450102906
7159,68.9323638021903
7160,20.61600904204438
7161,32.92284649292674
7162,97.79319141866995
7163,45.870683414791856
7164,13.455046325766604
7165,11.321029797411143
7166,20.672200888508176
7167,40.76738730293811
7168,12.193992024056907
7169,13.22591957531897
7170,24.14411481887917
7171,19.57311630811275
7172,20.340602806030954
7173,10.385193609071091
7174,33.450002013968636
7176,9.060737509987879
7177,16.2681742639066
7179,54.43019659663101
7180,4.171634632431122
7181,24.767420282851607
7182,6.536138175253596
7183,106.96296285550724
7184,24.08730918910282
7185,6.725207053440458
7186,13.745132935572167
7187,16.39295320010701
7188,41.77331436492308
7190,25.04427129611071
7192,124.30588802945755
7193,7.6544972823349875
7194,13.537515844670652
7195,45.73694640817675
7196,8.94353436226059
7197,5.519076778049677
7198,16.464957355215894
7200,20.3766158552891
7201,10.667991183299733
7202,27.86874538135376
7203,52.84046136872722
7204,50.31126293237402
7205,22.37663252407075
7206,10.53054561874013
7207,14.846576424387855
7208,12.632467490607564
7209,69.1250333962876
7210,37.25048308665567
7211,61.90231219831052
7212,16.159519543924514
7213,11.412223382264118
7214,20.611839861338424
7215,242.15897054252855
7216,12.822179898280591
7217,21.246663411663466
7218,54.28974836910943
7219,8.178941751854914
7221,69.47034853636384
7222,7.998703365949552
7223,9.8546673157479
7224,13.568179227274607
7225,15.197651119173454
7226,42.592456365298936
7227,18.366233435147283
7228,13.01495547243058
7230,15.206293551798296
7231,19.977187680880395
7233,11.401468358049021
7234,53.50694894449995
7235,53.44148780855201
7237,22.27337020079111
7238,84.32359266059342
7239,62.15236757747827
7240,10.208233506864941
7241,80.05558856652448
7242,35.02463081890965
7243,34.68549549073604
7245,94.53794461804269
7246,22.08119394502277
7247,31.495501853360427
7248,37.44869567675964
7249,79.06009491168929
7250,13.548687934179146
7251,31.96897950089252
7252,56.59562027815907
7253,11.495238180988974
7254,5.633422162784075
7255,3.36099182370858
7257,9.116351621677362
7258,44.08839104518111
7260,14.068885018692127
7261,68.1472072045678
7262,26.356779000105185
7263,91.42805824841902
7264,10.206775840523475
7265,89.71396785782902
7267,27.63323585669572
7268,59.93371881170035
7269,30.79838419588073
7270,8.03221539128626
7271,23.31681210013207
7272,8.567959350348959
7273,63.43401222714734
7274,15.037139098322523
7276,40.318401945123085
7278,91.35913199478782
7279,9.695928589731654
7280,22.77409815307493
7281,9.74522753514862
7283,13.546911397801274
7284,20.45233922389124
7285,16.959398214219373
7286,40.9188617870206
7287,55.53894837780011
7288,248.03134449150414
7290,20.835481437498597
7291,12.05752308693539
7292,19.31078021696646
7293,33.43634899680081
7294,11.396734429570422
7295,19.15407653450998
7296,18.0010318690231
7298,12.65630573895558
7299,20.155350519350407
7300,8.887530137292533
7301,12.605592310398253
7302,36.04814934025455
7303,5.936955040966007
7304,15.888743633503005
7306,57.11801377706586
7308,18.460418579390883
7309,15.79959416897658
7311,16.190897179996885
7312,9.444026154337221
7313,38.71932115845266
7314,9.999806959875283
7316,20.388517930922113
7317,20.914308240260883
7318,16.567693103512074
7319,20.599119984051594
7320,17.31891597335446
7322,72.12054474476558
7323,14.491294031382782
7324,24.312334336770224
7326,25.59704550059555
7327,25.70557866845478
7328,20.602970846751305
7329,29.719393985856367
7330,189.03540382826472
7333,9.822042584293147
7334,38.689276128162675
7335,6.024561458448662
7336,17.029557904151805
7337,15.745186790005219
7338,50.58601655050745
7339,12.880465059377443
7340,74.53045498099921
7341,8.630364971973314
7342,75.84500846615387
7343,236.6284838686448
7344,236.6284838686448
7345,236.6284838686448
7346,236.6284838686448
7347,257.1909956637988
7348,31.321073083596698
7349,29.21595311440561
7350,41.76981725809449
7351,15.416088295815253
7352,11.934655518228016
7353,6.942442112063638
7354,41.40129186674068
7355,29.50966160594163
7356,287.60785262166434
7357,22.677177644665807
7358,7.026798600195366
7359,15.71863902795115
7360,28.894801374703725
7361,12.7263418435496
7362,7.4996098438215215
7363,77.82968852737298
7365,14.63927245767166
7366,15.032928587070685
7368,6.110482667836173
7369,95.96407085429834
7370,40.208499604175536
7371,65.08322932821474
7372,29.74894604949544
7373,27.68045536819936
7374,4.994937045212412
7375,25.813776536877736
7377,153.7976111604069
7378,93.52164154865146
7379,17.222444943410768
7380,19.109879929499353
7381,294.84050925273004
7382,40.811241429019454
7383,36.36947934120575
7384,53.10687222328752
7385,45.6334269854548
7386,20.078301890555714
7387,14.678742394614762
7388,3.8647816884614725
7389,33.122705343467864
7390,39.97010259445122
7391,7.991064922451377
7392,52.66396004109955
7393,26.780404624876304
7394,22.982018996849437
7395,64.51441839367598
7396,53.45367786004448
7397,5.960002988057006
7398,9.989300634703014
7399,19.049874950118042
7400,39.806083010803796
7401,22.59110739276082
7402,28.500430042364805
7403,47.402748675494955
7404,34.363198137089846
7406,45.297323959748
7407,26.643160233884785
7408,84.30307507939673
7409,38.703671690681915
7410,8.854460507947808
7411,6.782298081629971
7412,14.838419333588517
7413,4.409672892115408
7414,68.3992288511394
7415,43.9028295847095
7416,89.11059199316415
7417,14.19329004362374
7419,18.101230286878575
7420,26.976005813759144
7421,7.688869922131434
7422,7.107656270991627
7423,43.8881054295145
7424,9.089840686957755
7425,88.83720865113287
7426,37.74289521282992
7427,29.644209709149404
7428,5.695964599028548
7429,7.914651027728647
7430,35.752452981904625
7431,20.681047356489657
7433,7.4646992800234235
7434,4.394524620421843
7435,22.59475456687654
7436,32.93374525427609
7437,19.98387486984794
7438,12.966138238898147
7439,143.8809527012886
7440,7.026647621662538
7442,10.94635291596883
7443,33.229192996571044
7444,8.659595302078909
7445,10.946153503295266
7446,16.938169256904736
7447,22.47430019085142
7448,27.61250397880261
7449,16.90066779670328
7450,12.844723249108052
7451,92.66941001243984
7452,10.441002240834354
7454,155.02830692135646
7455,77.65544566048719
7456,21.420164478654353
7457,35.768085141268855
7458,39.585055865555745
7460,21.118892600312297
7461,81.0783646080773
7462,11.106719094109767
7464,52.62998892816241
7465,8.711921563490204
7466,6.663773055877415
7467,6.949341873103003
7468,19.579230411432437
7470,16.6073868729315
7471,172.78213542509826
7472,31.12230997543909
7473,14.495565678417586
7474,8.46545307227501
7475,59.947366782869196
7477,89.0715914117105
7478,15.26775332557146
7479,93.76908961071847
7480,69.68370019702077
7482,66.88226523602506
7483,2.9606156256590044
7484,109.70666431805675
7485,41.84915108355188
7487,28.44813317916372
7488,11.676436965029843
7489,5.693106288946191
7490,9.57193043215208
7491,28.836781642961
7492,83.86372077540534
7493,9.7182753418593
7494,87.30405219935744
7495,55.12102071186229
7496,45.297695381387534
7497,93.63590077381872
7498,74.61440062636527
7499,257.1909956637988
7500,17.43159989759417
7501,8.839254115422372
7503,13.423254533418435
7504,30.24864685056507
7505,33.893422511627925
7506,4.08162356704202
7507,14.941413449771991
7508,19.65930732511359
7509,10.618073856233966
7510,29.06453148322069
7511,7.197870774526635
7512,185.24462098756152
7513,14.85891163705372
7514,147.0594913356114
7517,76.27322451751313
7518,75.02947587362168
7519,25.4350670892343
7520,50.38535524598023
7521,18.939443186295563
7522,32.92196431890956
7523,48.85637535797014
7524,15.661567097818745
7525,15.50050033485526
7526,7.9711010795354
7527,22.649329247392433
7528,8.775154413552771
7529,43.86112602872706
7530,12.997614651398413
7531,29.8628716586974
7532,15.761673416515128
7533,14.683239548748617
7535,17.287648430937253
7536,311.5071356939144
7537,25.7220874728193
7538,240.65006874305155
7539,18.09156538785418
7540,41.218622436105996
7541,40.404559010239154
7542,15.446885717424063
7543,44.94631325814844
7544,90.83547529832995
7545,26.15422524114491
7547,110.24195961327304
7550,62.608527498084634
7551,4.4497782403976665
7552,7.776477206559274
7553,6.590516928287183
7554,160.37826218150144
7555,12.168946539534565
7556,24.905181676004158
7557,15.895633453713446
7558,13.803619920849322
7559,35.15647135725995
7560,14.715667545789062
7561,21.33051944869297
7562,17.476405301578843
7563,37.734879560517165
7564,18.235513996441508
7565,5.855215758545785
7566,6.763907432745403
7567,17.56255603151117
7568,58.79480509412332
7569,15.982112240868014
7571,10.232827940471678
7575,11.33520906377545
7576,73.70394297307112
7578,12.907454652981917
7579,100.76869677062314
7580,27.27565830628692
7581,38.615692539194896
7582,43.62282610050415
7584,30.71289693996664
7585,171.84572711972604
7586,36.92656379597839
7587,35.709842315973894
7589,16.694387966349215
7590,6.3690039109200285
7591,7.754382389634359
7592,35.329105890134464
7594,30.2662656908865
7596,29.900172723067417
7599,9.821384273093171
7600,7.343037035905243
7601,12.957342476174938
7602,9.239261754260923
7603,11.757344998948009
7604,22.330271920594488
7605,16.313015381384364
7606,12.437902178218756
7607,24.86889346338389
7608,2.9126196016955532
7609,10.485009794436913
7610,9.000388799992978
7611,9.549819514929307
7612,11.912406662287207
7613,151.48247512870273
7614,69.72812817591475
7615,7.764757775942893
7616,6.830170929431846
7617,9.83241438853745
7619,15.355598936554028
7621,318.1486813636682
7622,10.326607782946194
7623,23.635304110416687
7624,19.868454633536157
7625,21.687814846955977
7626,4.333347610270591
7628,33.10714395711882
7629,46.18402262077048
7630,50.893482704461036
7631,26.397815956293556
7632,9.87715915163359
7633,52.80447708456848
7634,23.01181705470247
7636,24.5335059333913
7637,36.920392828067286
7638,23.412818105923336
7639,29.071830919832717
7641,98.43216475370753
7642,11.396983228596794
7643,20.820708012444197
7644,4.732725170928742
7645,26.521017953081028
7646,65.53471252074867
7647,7.296589714388292
7648,34.06220172790195
7649,14.369969529009888
7650,75.98174215967025
7651,14.948460128298164
7653,29.69855478880918
7654,18.876994329066882
7655,35.00032925089274
7657,6.420663811920052
7659,8.083369788524857
7660,10.02034256970086
7661,24.068661440297877
7663,7.916022654537625
7664,7.833291251975946
7666,13.117471641864682
7668,24.852607901246223
7669,22.6558470694964
7670,17.82608861028974
7671,10.300702055827843
7672,20.313481785324928
7673,230.7761474312045
7674,6.99315955227881
7675,16.741186697344475
7677,15.582282799651416
7679,30.220097537674143
7680,27.232787183792603
7682,106.30677418597269
7683,17.68520191185043
7684,14.567246677075145
7685,18.49850274197516
7686,43.5784043788025
7687,5.518408539354261
7688,68.29835753972452
7689,48.24439615209493
7690,12.857047110670788
7691,25.500788742824383
7692,34.11348997464595
7693,18.615055078242722
7694,36.33303288891397
7695,19.55691601170149
7696,267.82462625170797
7697,23.177768887652206
7698,189.0307492970925
7699,5.045355450282395
7700,25.443166423128222
7701,10.596133761009042
7702,9.07581746917605
7703,13.699548312711181
7704,39.4896459154256
7705,74.62559547947077
7706,83.55141766376737
7707,92.9534216799362
7708,9.210605126515562
7709,41.87161190962189
7711,15.072925468459358
7712,35.04291717964024
7714,19.936304100016383
7715,88.98623344108574
7716,11.379221716876424
7717,12.037539281184044
7718,9.71691943078795
7719,50.95494222928189
7720,12.85024341746242
7722,37.36299537098133
7723,76.26207460313567
7724,11.071168852582332
7726,52.510968741679335
7727,8.609607214421082
7728,16.898205908340127
7729,20.345618013714862
7730,15.196624363559346
7731,13.33531193251407
7732,8.385795917112894
7733,24.01545995456308
7734,24.390185223737717
7735,30.167794682022073
7736,28.212696548865438
7737,210.3715198750498
7738,10.16544244511747
7739,22.649618784465545
7740,5.675705688338569
7742,8.525134522674824
7743,10.832790093799472
7744,8.0336204495543
7746,199.94847115840872
7747,51.4098479771471
7748,30.88003425587423
7749,25.623817133933883
7750,20.130859619696274
7751,13.260734509962381
7752,18.280048707662896
7753,29.81339116282766
7754,29.768935305180875
7755,27.686772159893902
7756,16.2148367542474
7757,36.6643619234944
7759,35.46438939855347
7760,22.51207945231251
7761,123.36994336047165
7762,7.557113870457067
7763,28.731156589169732
7765,5.7392240754056605
7766,37.1626339474836
7767,7.140320422447197
7768,18.32480342122608
7769,21.101584310241076
7770,84.27850858982966
7771,9.813145904367934
7773,20.367487899919205
7774,73.81366893362062
7775,26.754415715578002
7776,10.154717642200888
7777,29.193631882165445
7778,18.382035715237723
7779,43.26840852470544
7780,6.747033860450147
7781,21.990679775667292
7782,12.33685371489513
7783,47.00762251020829
7784,15.30225739405914
7785,12.721165201636202
7786,18.90383604030245
7788,30.190886782478458
7789,20.12346115580972
7790,12.13872419597497
7791,65.73251946469182
7792,15.183669712890714
7793,72.07536473504099
7794,51.46207606460321
7795,18.246398684494014
7796,82.3905926732056
7797,20.25148111577467
7798,21.59539214007997
7800,14.734345520217131
7801,2.621398496946289
7802,14.970169818274426
7803,30.426654330225578
7804,54.77341356211689
7805,189.4981481713721
7806,14.451904359718379
7807,8.64481353638102
7808,361.49262291253547
7809,24.724553273406546
7810,13.751291629880571
7811,3.16954816357924
7812,70.39395639156439
7813,9.291524654886796
7814,103.47766897531493
7815,229.9600832254151
7816,57.135525090833475
7817,72.48300021002687
7818,37.822256527432614
7819,259.5474112476262
7821,5.784330153985442
7822,14.09604946384849
7824,23.632701133009405
7825,41.54198449078152
7826,5.8166000983759005
7827,28.89356582022869
7829,89.57530747205683
7830,9.645295949982545
7831,26.4391357445627
7832,19.921149742028202
7833,21.6903670808466
7834,104.18730814042976
7835,9.659611060186204
7836,26.31811578578595
7837,29.938373632115137
7838,32.34212058296751
7839,22.091048522801778
7840,34.11845895273384
7841,7.946467751437024
7842,14.628257825166155
7843,40.702104820710844
7844,31.069087042130537
7845,25.660763096296396
7847,130.0281028968532
7849,19.467857668961138
7850,9.56139698387909
7851,34.159727911078306
7852,14.17541977730864
7853,13.488507310958152
7855,38.19768897213466
7856,62.33801678233075
7857,70.04253016802993
7858,19.10088630068652
7859,32.10232981729057
7860,40.97655599831946
7861,6.831043654865514
7862,63.15719352646251
7863,15.49132983116115
7864,34.02843439657545
7865,16.072617016316606
7866,34.009495776468476
7867,59.34835632051553
7868,62.36083218248248
7869,29.93759070573714
7870,32.545761121670765
7871,29.29575015314
7872,57.5602253613588
7873,20.953600220375662
7874,61.89642533045192
7875,25.563905716744976
7876,58.39369910068299
7879,24.843304347376684
7880,54.09391558458086
7882,127.28161667329519
7883,8.120078629182268
7884,74.80727024718256
7885,145.62737651546126
7886,19.189679232254353
7887,7.487360466897364
7888,18.014306081757628
7889,12.954257694036352
7890,33.12235422903989
7892,3.9364450107979985
7893,28.08855435867797
7894,43.85317131199158
7895,11.252328336426663
7896,8.497253292921444
7897,6.119214142156977
7898,6.913526892163344
7899,66.01335965288968
7900,22.54153091465568
7901,42.52551722430784
7902,42.272430837235184
7903,52.07583046849563
7904,257.1909956637988
7905,38.65549015011621
7906,38.44191573364092
7907,13.215962820281296
7908,53.68892528231971
7909,6.5539439875441925
7910,8.302739235524971
7911,34.51377317576765
7912,7.673607765036321
7913,14.512284662893537
7914,44.729858115669025
7915,7.505023826827186
7917,5.458981346642296
7918,13.493393359882965
7919,21.732621594071446
7920,20.549498157154407
7921,20.373355487871695
7922,24.681022644494707
7923,21.56044928103542
7924,6.145776610048927
7925,33.59970037898452
7926,19.044294647487554
7927,55.966265079882376
7928,9.631816572616673
7929,27.23686807007414
7931,408.0518949180082
7932,9.287034582564587
7933,74.28488342306095
7934,33.99879219592425
7935,23.21124998377283
7936,11.22919882792287
7937,13.190572936178052
7938,23.092465495415155
7939,9.482860200968247
7940,64.85957454046327
7941,52.93441247003004
7943,8.043512790353297
7944,11.598364059409906
7945,21.28783419223793
7946,20.62487280306165
7947,31.100707571090698
7948,27.1319131160855
7949,13.09629922667208
7950,10.99323232671544
7951,8.894524729663361
7952,29.9342442751606
7953,14.929689228903202
7955,107.93264914271855
7956,91.56381404107806
7957,43.255769376452065
7958,7.298592886319244
7959,11.04658996156003
7960,88.46172289537688
7961,38.93362866610314
7962,11.865399233240039
7963,23.9455200523098
7964,36.62100758102248
7965,8.87979103989135
7966,41.31438742291978
7967,15.086523099651425
7968,6.09776250638183
7969,14.432431864625466
7970,19.70595836264116
7971,7.157155325308133
7972,29.98555276995786
7973,32.21793882926985
7974,41.3816430583501
7975,190.97429983675943
7976,42.61204674098003
7978,11.279909906147841
7979,17.203576843414723
7980,49.05575950098006
7981,15.093201232048559
7982,41.30882819548651
7983,12.770393097727286
7984,18.922925464244972
7985,11.920173783436635
7986,6.436050365479251
7987,14.550444422464574
7988,11.79267086094049
7989,40.923302410003075
7991,46.17173783915988
7992,12.60408246991701
7995,25.77781603688191
7996,133.30947099075513
7997,31.95432063097636
7998,65.00224645246773
7999,25.079870776090743
8000,42.321891730895054
8001,9.690091371107606
8002,25.10825860956872
8004,23.283272141472228
8005,16.41371067671071
8006,91.75828124240817
8007,13.597733194238392
8008,154.26189770411017
8009,51.80867771018213
8011,66.70837696351789
8012,55.49319034931699
8013,34.544171464584544
8014,63.15222232454933
8015,33.748636829411105
8017,21.286969192362427
8018,9.549928754454236
8019,47.506213285213995
8020,17.920859859717105
8021,16.355111208912025
8022,12.398903895249932
8023,22.012459375882965
8024,6.1209284931713555
8025,67.0612736522463
8026,17.38122884167138
8027,106.08385193810953
8028,28.15351193080647
8029,28.922104899579946
8030,9.189690744635877
8031,4.129559726899491
8032,50.46919097551188
8033,35.48322461433927
8034,57.970288650698386
8035,8.867727311837976
8036,46.307449188681026
8037,25.23850087667101
8040,6.057383819322729
8041,4.29186942314961
8042,15.22109096323337
8043,45.873903873466176
8044,15.858619443086171
8045,3.714561661426197
8047,14.14275270918515
8048,21.887451835852254
8049,65.296530576487
8050,52.541822328006845
8053,23.638789856924866
8054,12.043563459618582
8055,31.96062858884921
8057,55.28651375026608
8058,29.551552928670866
8059,31.85949069770863
8060,260.4408780523166
8061,112.46200473203854
8062,14.83846007943513
8063,6.6947730432887305
8064,5.930091061976585
8066,8.762749542882402
8067,9.588143150906271
8069,125.85541105980921
8071,21.656487224698676
8072,20.730351817986964
8073,35.79409999355484
8074,98.2931381269743
8076,15.29741415727218
8077,39.64371095471898
8078,9.057114004162306
8079,45.33667366044469
8080,81.37181734731347
8081,35.480939051878494
8082,22.53637406886143
8084,25.405306447168783
8085,8.857147992013255
8087,23.66502943822198
8088,2.6440164397343557
8089,14.105607768262068
8090,24.047974265860304
8091,65.38697727017464
8092,88.053642272225
8093,22.08495852287851
8095,29.132904584702388
8096,24.512012230596433
8097,27.610660489008602
8098,9.785048783126092
8099,23.674782880734977
8100,10.724440242821792
8101,95.08620996006252
8102,10.803371401725833
8104,47.078953464905645
8105,18.776500740284856
8106,19.40711647214639
8108,12.078262618286093
8110,42.233790637323544
8111,100.72939361016586
8112,18.48695781957304
8113,35.356800839433134
8114,9.956054325218263
8115,31.056773972622747
8116,14.471052845956073
8117,3.6590780363085234
8120,96.88281128414081
8121,30.767220222776604
8122,21.078051729701446
8123,6.034322057029246
8125,22.71838271180888
8126,8.001696915119167
8127,74.7715658358764
8128,25.38833697425217
8129,164.9485009555004
8130,36.31168242405357
8131,13.09681222504384
8132,5.900030731976315
8133,18.676201250483302
8135,8.94634350870834
8136,15.48670276606675
8139,20.392456729766902
8140,129.68547590674555
8141,34.748013784226295
8142,9.348779268985757
8143,8.216229152657393
8144,41.67670148931905
8145,236.6284838686448
8146,236.6284838686448
8147,257.1909956637988
8148,7.099588867756201
8149,49.8372973834944
8150,30.264136461656424
8151,20.58499198535955
8152,102.34867579533847
8153,74.98063105480892
8154,17.962770845691466
8156,18.670378223182055
8157,79.1583565051644
8158,11.029664959939982
8159,20.12017127631481
8160,22.248344714992804
8161,28.77702418274792
8163,73.43300560459564
8164,236.6284838686448
8165,558.0933299742301
8166,11.285076301506074
8167,10.259860180216881
8168,25.81730145706181
8169,19.050506039731285
8171,24.804127644433954
8172,31.431260474344896
8173,30.151244008509174
8174,21.090276981044155
8175,22.250973767233525
8176,30.758408093081684
8177,38.87945144756012
8178,6.472188436978207
8179,38.46173437018789
8180,6.913772935032152
8181,28.309339139696046
8182,3.809479134699996
8183,7.5763757397736144
8185,21.891308513279753
8186,13.187703600455013
8187,18.849656472574903
8188,4.124451335014901
8189,7.204156468198134
8190,10.831499180267217
8191,41.13791217545473
8192,118.52082399978501
8193,57.251589749511304
8194,50.18055347227609
8195,6.932947341376945
8196,36.45863372767432
8197,21.50877983406413
8199,21.916813916366074
8200,34.41033171776049
8201,14.34859464745286
8204,34.11304631990723
8205,19.55313943743179
8206,37.76663437213381
8207,14.440911101842998
8208,16.994531014419557
8209,56.19005843923618
8210,21.51237704930097
8211,16.036516130596812
8212,17.606944864642344
8213,41.75121331856551
8214,13.422852943878649
8215,12.861706680962557
8216,7.646982631967818
8217,17.260102236211043
8218,33.171653077593234
8219,42.067099667510696
8220,20.279007754967804
8221,20.98006773306861
8222,35.16317851806171
8223,14.530325553774635
8224,32.28322133533547
8225,20.51982612414278
8226,10.30657117657335
8227,5.766403220809492
8228,26.00887817625369
8229,58.4618692523077
8230,15.74257117836302
8231,12.456033940585133
8233,21.391887606679138
8234,3.0271133781906903
8235,60.89497590566776
8236,37.636755128144564
8237,26.915793438099936
8238,16.727333853269243
8239,28.572398857651784
8240,20.98965274679259
8241,11.749844707776976
8242,234.84318080470766
8243,7.072433527427069
8244,95.33623405156864
8245,61.51813373263514
8247,7.3094973285861435
8248,14.618691610021378
8249,17.174926560438838
8250,192.0854295490109
8251,60.96754542158399
8252,75.24155096719102
8253,15.230477046834126
8254,5.96076711748577
8255,8.3635153200036
8256,3.438140686817987
8257,29.982526472670106
8259,25.708457516390524
8260,39.27442844914009
8261,22.05348315019714
8262,45.742173028370615
8265,24.192855941464718
8266,27.997853492005866
8267,61.10953349390063
8268,41.38817081477295
8269,11.52199922909373
8270,26.356199699765586
8271,60.83882720287015
8273,85.36940713938748
8274,31.008856453847525
8275,54.15089880763825
8276,18.44570663991171
8277,86.97106310027667
8278,8.490296352651978
8279,3.668279790915904
8280,55.65752159078414
8281,27.763228002022462
8282,27.719528386669356
8283,75.24550906898503
8284,235.75892727822668
8285,23.718002754592902
8286,45.502297946603804
8287,58.86102336433737
8289,7.575234062673394
8290,36.97755093072849
8291,29.502296203427743
8292,15.654743953566705
8293,13.270003196103994
8294,24.63654759347085
8295,27.430613408258242
8296,25.2741693208595
8297,10.822153725281789
8298,59.978468412881774
8300,13.918987846199897
8301,42.50566800303954
8302,14.159435202397479
8303,25.601393121344767
8305,55.5247112822075
8306,13.796770504990665
8307,32.41479667910139
8308,68.66520454566667
8309,9.409087221653918
8310,13.379652675835356
8312,11.923398742033253
8313,16.265466356289735
8314,21.45336984106511
8315,20.886575798387824
8316,26.61486066233803
8318,5.042311151104205
8319,55.97711049341761
8320,38.428285729656416
8321,52.572034523980356
8322,39.735617912999736
8323,6.741764662134038
8324,40.306678559135975
8325,11.138458525777445
8326,8.4275858711896
8327,70.3736547828331
8328,7.370079922869026
8329,2.86508764578092
8330,60.48849016027207
8333,26.34985009941731
8334,10.814787549875346
8335,5.835198712834744
8337,19.53988554222526
8338,10.313730286830378
8339,3.728039693323265
8340,48.414543230991676
8341,16.673982837213888
8342,6.382328555154413
8343,9.252197546762876
8344,5.5921730934075065
8345,11.468392891205452
8346,8.96898265893175
8347,25.387999953518502
8348,25.551527666879775
8349,148.70311223409917
8350,12.200447231712785
8351,10.895622064216814
8352,19.61037765811558
8353,7.32940217093872
8354,10.191989539330352
8355,25.083065126875802
8356,53.27970945444276
8357,23.22672443076718
8358,6.993156308521224
8359,11.756430738014132
8360,34.65441355738411
8361,30.456545056593928
8362,40.792957799758774
8363,21.06023280097616
8364,25.96950060536006
8366,15.407866443100401
8367,8.12806028531793
8371,8.727915661393553
8372,17.274756586329982
8373,4.110746476819885
8374,10.49584331906374
8376,34.421429534148615
8377,25.97368002111541
8378,34.34775536761336
8379,37.97864381322123
8380,10.443702697417065
8381,8.311345615004074
8382,29.537573522534597
8383,31.038779138171698
8384,52.41938970227441
8385,6.1072579998117345
8386,9.654078080182705
8387,9.340137892746025
8388,15.461893356882468
8390,11.895409705933643
8391,5.8453338690185594
8392,47.77475955627951
8393,66.82392747444763
8394,71.30482040182397
8395,6.281209452455687
8396,34.28544230010329
8397,23.035798229766687
8398,32.972296881561974
8399,44.50685499199746
8400,30.090489956993462
8401,9.138655691535323
8402,16.916155314455654
8403,6.596791406023178
8404,17.38069626275673
8405,15.63268490986752
8406,40.22582208287851
8407,34.685395474272696
8408,65.9351965040615
8409,12.481721531590248
8410,9.576456525460495
8411,81.31120266055409
8412,13.35275783099853
8413,21.818478137535724
8414,32.12497152662824
8415,16.798705777838286
8416,5.562020149554959
8418,32.122090869798356
8419,49.06625326865042
8420,62.62368869819185
8422,5.553808611863014
8423,33.59442268480449
8424,4.9914852685142685
8425,90.94503558086348
8426,12.624838337847041
8427,53.75372282205006
8428,35.73575658050154
8429,23.716271762636126
8430,9.8666403351441
8432,35.22286479047742
8433,22.42331889702175
8434,18.488894392041217
8435,35.25684868136453
8436,56.42197605755623
8437,25.748618117034148
8438,11.411321296707817
8439,11.044680457930482
8440,8.311667635266305
8441,9.920805911562063
8442,16.5326837340561
8443,17.162869141971232
8444,46.681404639854
8445,46.46284430376389
8446,4.772678351745352
8448,64.85350094427744
8449,57.354991008542356
8450,41.56726162024759
8451,38.2044959722928
8452,43.53033981068638
8453,7.560052159375815
8454,51.41785744032898
8455,6.791643755065356
8456,9.673120513592693
8457,36.54180923953381
8458,30.71052733181168
8459,59.21466814584616
8460,4.616093868092979
8461,14.560107763478396
8462,15.482725691306747
8463,44.15762057763177
8464,25.187401361895663
8465,81.87007940518777
8466,27.746300979669538
8467,12.608678499013973
8468,42.481836567637664
8469,89.5942396810784
8470,16.57458464261256
8471,12.44450058642083
8472,27.686250971599616
8473,5.181971818838124
8474,41.50167327885841
8475,21.84199965245735
8476,55.29178749785202
8477,17.37048870535975
8478,9.071534456073465
8480,33.54655052844533
8481,28.539351962148338
8482,12.879226944382438
8483,7.489370836387526
8484,34.62259855351544
8485,19.484990365877543
8486,11.493432291635008
8487,12.317336716650644
8488,6.865178341358567
8489,33.879703559521374
8490,83.82129078763349
8491,28.879838082911924
8492,37.036235360107035
8493,42.247486404126676
8494,14.003829816807489
8495,21.567836937381358
8496,8.989382889474735
8497,63.55172919841192
8498,20.425884375353082
8499,74.40924929673972
8500,11.325841093960081
8501,18.666442471272525
8502,18.097333652884515
8503,70.16128479484996
8504,74.43173203484073
8505,90.72286656458705
8506,116.51366994982591
8507,8.015396904516924
8508,42.10443557185813
8509,108.02297120386692
8510,29.552754755934135
8511,29.960785499360856
8512,16.794772145744112
8513,22.97341088589052
8515,36.23067562598485
8516,63.66711957198657
8517,30.79152639794952
8518,24.93823382143099
8520,119.75040646463215
8521,84.88979260389918
8522,43.1955493022179
8523,6.478107441975492
8524,82.32081749226431
8525,77.22852989746752
8526,14.462502598767799
8527,18.834472365045723
8528,4.674762538755957
8529,24.951706229072183
8530,83.59923560071945
8531,48.770970157561734
8532,23.504283232585564
8533,53.020984606873924
8534,68.36032250964871
8535,26.15322139389359
8536,21.910130056713133
8537,16.15593975249293
8538,26.18089143538423
8539,3.7131108624896467
8540,12.612557933840941
8541,19.796184200472425
8542,12.91525461271432
8543,64.17681677453486
8544,30.16082036942553
8545,10.015260089853964
8546,18.888851659422464
8547,19.8826289174014
8548,24.80197819651748
8549,67.87288457218742
8550,31.456344089128567
8551,19.747260392821953
8552,31.51333115497624
8553,112.58654526761748
8554,18.504233390159047
8555,11.99716725551125
8556,9.260638133835393
8557,15.669888739660118
8558,17.302779089891658
8559,58.605609499222965
8560,3.999599037344848
8561,113.64682216437566
8562,9.856241536403651
8563,19.145242500465084
8564,6.322550980933506
8565,31.601946845500922
8566,53.82851977852763
8567,19.847862307136456
8568,25.67824715967742
8569,12.465778544691874
8570,23.598126868240307
8571,59.021833841590286
8573,13.879411508551943
8574,28.408525291861725
8575,3.6092094022295824
8576,17.195122244756153
8578,29.990129111267358
8579,12.70841959349964
8580,26.89311464920257
8581,17.37473037142228
8582,9.952867136083013
8583,115.9988325370052
8584,16.324710678224196
8585,25.347264670830302
8586,26.511489671637264
8588,10.830714768409965
8589,4.645103313202553
8590,7.565725888035575
8591,30.61086393811399
8592,13.048814539953401
8593,11.663696980388226
8594,31.617066070389193
8595,19.19855939523522
8596,9.265240583509135
8597,19.764682456110016
8598,39.05946272240232
8599,6.321945847240246
8600,7.087844479404528
8601,35.622318360195464
8602,53.897657071774304
8603,11.723734739486027
8604,28.096574673917985
8605,27.148353925992797
8606,764.2947756877398
8607,9.150703823022326
8608,52.26578050214717
8609,27.82909989146467
8610,44.450666713859
8611,47.21611052076446
8612,28.59116819613523
8613,35.08707168997585
8614,9.847375945753232
8615,15.572306400142772
8616,19.949825750269806
8617,38.02692607838505
8618,28.5187752173501
8619,43.883515027019754
8620,24.609180196865683
8621,10.447823365090095
8623,34.44081377182103
8624,14.889938158109238
8625,9.087361755966075
8626,24.226800024533752
8627,45.98157795404904
8628,25.92234259802329
8629,175.54258248460994
8630,25.919159649645184
8631,190.46857139549127
8632,50.026508938282745
8633,110.48886799611931
8634,16.714735992825556
8635,37.616956890546014
8636,145.49409812684928
8637,17.07578491144491
8638,13.976504803737793
8639,8.24271419455906
8640,16.28532314477948
8641,32.438959672830464
8642,11.656574135728615
8643,13.818000353962791
8644,23.85218266737898
8645,34.040834030783685
8647,12.203526466408139
8648,53.335763119068275
8649,14.06682373029985
8650,13.70039488720535
8651,44.61969367067993
8653,7.410492964753326
8654,28.687428133859658
8655,8.244346338030816
8656,16.617241136882566
8657,29.168247854032856
8658,111.46409832046726
8659,18.660572897265077
8660,56.16790458170902
8661,16.8297569764096
8662,23.266616850357654
8663,23.884294168700496
8664,25.775985563828588
8665,38.81454647613716
8666,120.57877743150674
8667,76.27676211756074
8668,14.265433254458273
8669,136.0039766293841
8670,8.771907243895694
8671,27.978768444742897
8672,55.2763025036073
8673,27.507052902885274
8674,11.934522372012973
8675,7.590302764146198
8676,47.717870397154826
8677,42.38846192089243
8678,22.266985935102664
8679,17.389422353146735
8680,14.836211407597443
8681,8.389845515850213
8682,26.99327747814958
8683,22.052221967107723
8684,34.42521196042986
8685,56.59884624030683
8686,38.00208586104171
8687,51.57738250773994
8688,22.56987650203967
8689,8.580295989713017
8690,29.384373247401758
8691,61.41704053907329
8692,15.242228385486937
8693,9.404982953584453
8695,13.976011068470653
8696,10.160992307365548
8699,7.75026173750092
8700,8.832050385989293
8701,24.361093921719753
8702,38.136069564132214
8703,24.138980128991854
8704,6.085952723346304
8705,19.36018098134978
8706,7.4226372590440945
8708,160.66032789938185
8709,19.568939538105884
8710,67.12756116812415
8711,56.49024247346315
8712,20.053429635664504
8713,22.502223958605764
8714,23.883531753184545
8715,8.518374926981181
8717,2.768478657184574
8718,21.949061824174624
8719,50.27415234158457
8720,52.80225858127759
8721,32.77390744072816
8722,5.380425814932908
8723,10.592088784091933
8724,28.916814928135043
8726,39.712223391215964
8728,72.91088284109333
8729,4.567746369288284
8730,28.017536327386956
8731,12.155203222613236
8732,23.233716393947827
8733,7.079689310889744
8736,12.105848103636365
8737,36.672727431158975
8738,15.920964710931418
8739,9.56137071773397
8740,15.20967515554446
8742,67.85945611280344
8744,26.67459317276845
8745,14.410467992148154
8746,10.750557293159815
8747,40.8310036718139
8749,10.02405735944373
8750,4.378546554456012
8751,19.351549948739965
8752,15.3450317407082
8753,16.73623253106584
8754,12.742269586653789
8755,45.89153385062885
8756,13.444231761038536
8757,6.596118223279374
8758,4.556899494008584
8759,15.20037248973131
8760,19.297831056664464
8761,20.23224932785677
8762,6.431512513580537
8763,179.30194352648235
8764,49.34732743671065
8765,15.767643960492377
8766,87.47904882938055
8767,19.54532139207059
8768,42.398074528480265
8769,21.159099830514037
8770,46.37569303534761
8771,176.49879843183749
8772,5.69480951513478
8773,8.698007291690724
8774,19.610207721531022
8775,46.86300229446544
8776,19.071653686256692
8777,9.584182741153121
8778,34.43370091887822
8779,27.359846411045513
8780,46.16067237436814
8781,5.964727422216994
8782,14.43549633308953
8783,16.489490914693906
8784,34.47298710806698
8785,103.54554710864468
8786,45.38847108458282
8787,17.757118566825994
8788,10.425914003613743
8789,62.594699088913174
8790,15.470677833258959
8791,18.60236299533712
8792,31.249076194762665
8794,35.69915338737897
8795,15.778265178158362
8796,54.151406232627906
8797,127.17735861642818
8798,18.23310189903637
8799,21.25563682090003
8801,9.805761530639048
8802,61.48390668415462
8803,13.782705443214446
8804,21.22488668365837
8805,20.406133686884427
8806,142.02357013415522
8807,17.556808894075072
8808,5.490749908540988
8809,6.842677692800532
8810,6.721789522902309
8811,82.82317271192844
8812,9.164230547237402
8813,30.693240027161195
8814,34.875192296751976
8815,7.8184970899247945
8816,15.555710232812375
8817,43.03745557512225
8818,43.62976348721433
8819,8.853845973822365
8820,6.969190767002718
8821,23.193883847103965
8822,11.690803167750701
8824,27.34650854519101
8825,34.14042088803603
8826,9.806939141165355
8827,150.26173707003227
8828,19.71769567460215
8829,31.64684607316686
8830,34.607953195716085
8831,46.269767596496386
8832,25.563767898048553
8833,53.116873932492986
8834,84.94485061934083
8835,236.6284838686448
8836,236.6284838686448
8837,236.6284838686448
8838,236.6284838686448
8839,257.1909956637988
8840,46.21904601910616
8841,22.466852773301586
8842,16.269222544757483
8843,35.20721886187998
8844,12.653313303111306
8845,14.890817008823598
8846,20.25236917028533
8847,58.41964077534828
8848,11.775027117127493
8849,62.839072769618376
8850,6.352329519806435
8851,74.7418949462142
8852,10.145239684561599
8854,197.53462306029633
8855,30.99944932692514
8857,68.0058639523947
8858,11.369020130475908
8859,178.74592448345243
8860,125.36805134857238
8861,64.44993727657148
8862,117.75457230315321
8863,30.31357846593076
8864,15.954705163286393
8866,19.181551401262215
8867,3.983838230761356
8868,22.000526296263352
8869,37.63786562374682
8870,9.621378778094806
8871,18.370998595795047
8872,12.348282454866883
8873,52.08325626158517
8874,34.90219187112069
8875,29.704325066923587
8876,69.23172993345744
8877,22.69274440616694
8878,14.982737417543488
8880,114.4484486139199
8881,5.911124828449676
8882,25.999089420152004
8884,36.23660220921057
8885,14.940884794304479
8886,20.63853125151108
8887,19.718802212517055
8888,10.4488258863984
8889,27.02554680141616
8890,18.108823044569863
8891,10.04939860630032
8892,11.40508546466533
8894,45.652948104672944
8896,5.866087229521164
8897,42.13826358189096
8898,50.11709132771548
8899,48.81690050531444
8900,66.24393824290803
8901,34.08404137584344
8902,7.522036084970248
8903,10.690154336006989
8904,49.454266456481854
8905,39.15392557607688
8906,27.743849352206453
8907,34.200797163868906
8908,6.350351056683885
8909,32.448327726480414
8910,43.29099014696987
8911,7.914564045261779
8912,15.640935125356291
8913,399.1964398094959
8914,25.60605011360625
8915,84.1587939489013
8916,31.165049890351735
8917,12.90785330607519
8918,48.96346210481944
8919,23.378592287858076
8920,50.282001389692425
8921,43.00931296425722
8922,20.803765969080807
8923,27.59468926240672
8924,21.177998517044724
8925,53.53227620408634
8926,3.566134909571831
8927,17.799961080014707
8928,20.9761013493684
8929,48.019073665004065
8930,83.5250845045797
8931,28.98821631408251
8932,17.39048901625431
8933,7.294906400449523
8935,77.65516547615897
8936,28.136390494234284
8938,25.213731449368343
8939,20.275168378950475
8940,43.66108674011943
8941,10.494719884589276
8943,33.9172851599433
8944,24.29385239485087
8945,72.34337295890313
8946,30.92234406014482
8947,16.454460321882706
8948,8.04804162780224
8949,25.593930104060217
8950,17.50837679075747
8951,26.05472366531703
8952,62.46804798781252
8953,62.36613443674969
8954,56.745242056658306
8955,10.040880842324817
8958,14.749825034526127
8959,16.328676486418114
8960,13.893272401675473
8961,84.91511045970424
8962,5.123611942857797
8963,26.666936267211394
8964,7.316726628886124
8965,7.31727705255468
8966,36.836730684333325
8967,24.920443936609658
8968,18.075784842052823
8969,49.424471552045425
8970,6.251639646775199
8971,88.71876006337021
8972,32.98134344539941
8973,6.328949022371482
8974,8.032613476962533
8975,8.849210926620918
8976,6.243291525491909
8977,50.8300721221061
8978,97.72572261943982
8979,77.9762396213331
8980,24.260323928887374
8981,10.440775067778494
8982,7.864447812513254
8983,70.02226066493876
8984,52.26419648398144
8985,58.53037768155486
8986,6.1545188112758415
8987,20.359337425142574
8988,114.77403459910181
8989,8.98473369339407
8990,13.0301075798188
8991,87.30741595196206
8992,10.271825649213731
8993,23.715988985558358
8995,6.366923114166215
8996,2.3201619051777826
8997,164.24878875094123
8998,18.43153146617519
8999,27.457748270057763
9000,27.234150501956762
9001,18.375688955416692
9002,10.750848478197184
9003,102.00268266720623
9004,59.09611816251855
9005,26.235506196260676
9006,14.316856849069802
9007,6.60627751275657
9008,21.476266085558315
9009,47.62077757207957
9010,7.457272526712651
9011,75.70725855961165
9012,26.82661328945323
9013,36.256006874386706
9014,29.72391030971339
9016,33.375802830021044
9017,12.701677398250085
9018,54.33198879899333
9019,19.748989280202053
9020,21.819135713855307
9021,231.34880292955125
9022,80.48768586213696
9023,25.877482063507443
9024,8.175869751240198
9025,25.769765819249105
9026,11.054399618213884
9027,52.18306320679533
9028,68.13810690429791
9029,59.58723120531707
9030,5.944105827111657
9031,19.9263003798409
9032,9.189781703546927
9033,48.19798305097601
9034,27.728057803658903
9035,4.243508142322082
9036,9.45649827612498
9037,36.10035575760725
9038,95.95818898359491
9039,8.025194243061502
9040,22.228454885443597
9041,20.87216088271004
9042,42.50025977805432
9044,40.16652718962962
9046,19.422570569726208
9047,8.803273777043383
9048,18.619889629661788
9049,10.113587836795984
9050,34.35181012845324
9051,8.855244761062833
9052,67.2847310492345
9053,87.08209557078936
9054,4.597739045794147
9055,55.720178819502486
9056,27.129978018661724
9057,27.830259452326224
9058,6.135091495116715
9059,30.187578291916743
9060,23.75357608753353
9061,545.2419649819252
9062,17.902284206195098
9063,11.273722890052683
9064,3.8491773632853388
9065,105.18220250167404
9066,10.998845137749528
9067,9.502324216454822
9068,3.288567865116472
9069,9.118524291763805
9070,33.23078214530275
9071,45.53596338928662
9072,26.5139995914928
9073,22.118306615974557
9074,183.05720796604552
9076,21.52087421360464
9077,28.679286885297483
9078,23.474854964679256
9080,41.96280513584402
9081,10.85934829965277
9082,68.09060421817158
9083,10.02569026477304
9084,13.98511859572309
9085,31.808338843921494
9086,37.181749989295895
9087,36.38722931611307
9088,17.014035427104947
9089,7.035665614370291
9090,8.758967377557473
9091,18.190862179609347
9092,32.98822770557586
9093,20.22989292275307
9094,122.15263191537217
9097,12.671295514890069
9098,16.018710496162388
9099,4.95064451231844
9100,9.597485055123654
9102,12.60806334873845
9103,7.998946405303382
9104,45.42418739832608
9105,4.5160053886731655
9106,6.217580926731701
9107,49.83725019132074
9108,26.090076248780242
9109,5.896197232097884
9111,19.653436689398696
9112,17.153408472430915
9113,22.698817436534068
9114,12.694301273316734
9115,17.594131002365934
9116,14.023854206510688
9117,78.60184764172587
9118,558.0933299742301
9119,24.773709386316927
9120,17.650179771875955
9121,28.573630225549
9122,49.79606085559338
9123,20.517393368430774
9124,17.771659145331203
9125,9.401942722316871
9126,19.81781823090803
9127,28.891782188838167
9128,102.21975679972665
9129,12.70347869284093
9130,28.01518781983275
9131,12.425168314366276
9132,47.349937814917695
9133,80.56207913984989
9134,31.05389183989941
9135,22.81914380189081
9136,7.075799356717266
9137,12.296363346532786
9138,11.9954762864235
9139,48.30421825556767
9140,49.107251132952975
9142,22.26405209872688
9143,18.814046631168807
9144,14.313055224608734
9145,26.388703507440447
9146,170.98829756286514
9147,195.4823632549885
9148,9.031970966958584
9149,14.659642960321401
9150,15.481569512271141
9151,12.602425383485782
9152,19.789359709950823
9153,5.531314165581938
9154,26.523776363442895
9155,8.382513327910587
9156,74.74763056651683
9157,57.672759619499246
9158,16.292766752735925
9159,11.099941296479729
9160,43.97214038216911
9161,29.266179355875597
9162,15.172454308800772
9163,21.965590544014688
9164,13.511053496278926
9165,141.34939949466246
9166,13.804600024878331
9167,25.99413906871527
9168,42.47440526977814
9169,17.005815776792073
9170,16.13821856680624
9171,5.727495151934349
9172,25.196830398262207
9173,30.6447420687714
9174,115.16019437770495
9175,6.664781804455251
9176,31.47064381623833
9177,14.616985428679623
9178,15.747993755947236
9179,36.631078229061764
9181,18.703171201776225
9182,60.58092188167545
9183,8.035617544440623
9184,6.794291612932739
9186,11.920892062974916
9187,5.563032721686451
9188,7.955966868862774
9189,19.143414968153984
9190,12.660911749880407
9191,15.530380603222897
9192,13.980153532091299
9193,26.71829574730094
9194,31.23961816290526
9195,119.14387323379673
9196,47.50954896037245
9197,18.323909748146576
9198,11.746593140261918
9199,15.400282696989857
9200,80.65372547868566
9201,18.5105201862968
9202,54.71168241991173
9203,8.305291455268074
9204,13.81359354706688
9205,39.693392922648236
9207,17.639819977331822
9208,10.334247975688859
9209,10.606136787505765
9210,15.249452596628162
9211,26.232074976436227
9212,17.379681791052406
9213,28.02344745954172
9215,20.525289414285567
9216,24.48850428621055
9217,12.859427732599992
9218,14.322175137518462
9219,20.447798368659353
9222,5.834495239300363
9223,10.832942454598006
9224,78.48946655680555
9225,15.844137875383876
9226,6.772107211908885
9227,29.126100722136304
9228,40.831266462148335
9229,124.93696472725104
9230,35.772932401987724
9231,6.564142390030827
9232,22.36068051690006
9233,141.78095846759197
9234,26.018998208929595
9235,8.806059109533175
9237,15.989302729899828
9238,12.733952659080579
9239,8.166687003209752
9240,60.168549251158886
9241,33.10101518029803
9243,21.57059038591372
9244,29.37064380418915
9245,32.048268569052055
9246,48.91577644577832
9247,110.09549908561057
9248,12.785931636108215
9249,9.954947197034263
9250,33.126379853789715
9251,23.427659140297518
9252,17.5768947932029
9253,104.28935024910575
9254,7.883215115929869
9255,6.234509443291393
9256,9.786116629985678
9257,63.500932732212085
9258,382.55922773260295
9259,30.699886524752227
9260,34.77406020368375
9261,100.39098838505356
9262,23.750917741605267
9263,11.949888374629248
9264,21.752874845813533
9266,85.65435591194196
9267,17.653846288556974
9268,8.615375249346085
9269,20.413022753763194
9270,26.923051658838553
9271,10.809472831374535
9272,9.57568998639343
9273,53.66111036380677
9274,26.286890691796017
9276,19.81513726251702
9277,16.42652398470539
9278,26.61320255409346
9280,14.71785569694111
9281,13.434444066479289
9282,6.227738816716058
9283,23.7191949659935
9284,8.810571582416987
9285,35.82452821349344
9286,22.886061979997127
9287,55.989664272061965
9288,47.792356057574764
9289,23.963542696401998
9290,42.159655542693045
9291,3.807482373908062
9292,8.071280063429645
9293,7.701605513926973
9294,67.68716928083968
9295,28.12236354568798
9296,20.00265304794471
9297,7.727688710429003
9298,47.28361333736796
9299,7.987218101474682
9300,24.470494352820673
9301,31.517625539896393
9302,14.186648825917214
9303,8.758620608657708
9304,88.8988621871615
9305,67.83705094203104
9306,120.67805221988739
9308,8.555702744754447
9309,76.20995907574347
9310,25.92926425498021
9311,11.87616755394118
9312,17.11997954091076
9314,14.132428526996001
9315,18.35940947447975
9316,42.80719493268687
9317,56.646581863394836
9318,10.111544130505761
9320,34.23545038677401
9321,11.670273528955512
9322,44.31204335706546
9323,71.94493949164789
9324,21.77315250129143
9325,25.27108047086726
9326,10.105385623100918
9327,10.985514364961416
9328,12.300589767043443
9329,20.874139004137948
9330,17.0940667738999
9331,11.770358904030642
9332,19.29768737597882
9333,24.68930407240776
9334,29.613826519071047
9335,28.319546234565795
9336,27.28147884290475
9337,9.934952341803056
9338,11.891759833354593
9339,38.16796793119376
9340,5.2655411018146605
9341,14.197605530364124
9342,45.958699752614606
9344,56.92823333668296
9345,44.363339301140144
9346,10.323680574514237
9347,165.40927718773514
9348,21.078507304886408
9349,8.441635541997968
9350,28.593395637355428
9351,77.93846004135149
9352,17.411414320789657
9353,8.148946002158691
9354,16.25412741297629
9355,6.270931157572464
9356,90.37560396258272
9357,26.62372538470641
9358,26.453891260102072
9359,19.181802066911498
9361,70.7673360646441
9362,11.89711426519894
9363,27.588771463254524
9364,17.18762608699137
9365,22.147105721460516
9366,13.397592728124982
9367,35.61780043829289
9368,22.4476513496095
9369,59.534361633396486
9370,71.07619491462873
9371,13.208232169466983
9372,37.709910681630134
9374,61.804594809593524
9375,28.618790458601847
9376,10.619981613608147
9377,30.765775612448756
9378,15.12583086054511
9379,10.930998974186188
9380,61.37494832358554
9381,58.71122454044137
9382,9.82645292073595
9383,9.816611617123908
9384,46.806440238008705
9385,12.302607239422512
9386,33.51998493146733
9387,79.18862722554572
9388,10.514109376607436
9389,137.60775914726804
9390,14.09532239456283
9391,18.173337831202137
9392,97.17349354898404
9393,5.384518527683087
9394,13.007557722935303
9395,57.87941473849216
9396,21.99651125611939
9397,59.56424856214771
9398,35.169979902680176
9399,13.536784092905702
9400,32.41270818805559
9401,7.399684582812329
9402,18.155595686051903
9403,18.837479838736662
9404,49.561704455448826
9405,25.309601096519003
9406,51.33243394398432
9407,38.635656331681666
9408,15.013330969188459
9409,15.015614766528095
9410,49.101534953473944
9411,17.58272774718821
9412,63.34778434596142
9413,12.762621748512792
9414,34.23488017023923
9415,20.941089263903105
9417,6.960353950608478
9418,11.082780221128882
9419,8.80691406887616
9421,8.834949015032263
9422,14.114537606024765
9423,19.22629328964751
9424,10.238613846525421
9425,108.05680765060292
9426,7.358863009238106
9427,47.75577712239726
9428,6.635863315269223
9429,51.810443691075406
9430,22.055016255920872
9432,17.424502155357978
9433,31.22110789034025
9435,9.728483798271641
9436,10.217734835999856
9437,21.840155078937673
9438,44.099536313794474
9439,13.663851064534464
9440,18.71163751157849
9441,3.425308640491417
9442,5.947363784763168
9444,90.01540456909505
9445,42.27012474749404
9447,94.7712627976025
9448,25.99898852292181
9449,10.233285676222906
9450,19.704533367439232
9451,18.99187651978976
9452,13.915115071042246
9453,8.289742191791008
9454,24.197316520024913
9455,13.205865077501857
9456,56.43150187425617
9457,11.368939470085843
9458,55.99308395714755
9459,10.547775047349024
9460,14.494609658649269
9461,95.24504759592004
9462,44.85084692276621
9463,5.123116023688032
9464,63.2026373694115
9465,96.97870587263095
9466,36.617134488351994
9467,15.73212501904291
9468,17.35701048502198
9469,23.772622495980524
9470,14.258281343759746
9471,9.717823816957669
9472,140.91893919148583
9473,47.62584119366744
9474,10.730681957139726
9475,14.908555819615549
9476,18.55308666578393
9477,51.14045996715513
9478,14.445660070087419
9479,17.68252103452219
9480,65.60075669342942
9481,33.846054213889424
9482,49.25330295934639
9483,67.9770534818446
9484,52.73697746873961
9485,46.97491862960612
9487,38.16870725726317
9488,8.557166092917768
9489,33.059688096239796
9490,10.608926443188567
9491,23.723702537217473
9492,26.777146353730146
9493,7.750514835956773
9494,12.95129344332901
9496,10.502536302843728
9497,7.528008700007732
9498,53.4549176245457
9499,5.904863599102498
9500,15.587506857596924
9501,238.42478815517757
9502,6.06076838927398
9503,18.81972711643693
9504,59.430152102646794
9507,9.503717456399999
9508,30.151523455706435
9509,68.49225157220995
9510,36.768997274140624
9511,58.60877867599461
9512,70.25285099499385
9513,14.703273481124725
9514,22.126691428594505
9515,46.052213240566076
9516,5.032564680674274
9517,33.42401425180586
9518,45.44973946394268
9519,37.1596898051942
9520,60.287275525276115
9521,43.782570243805345
9522,257.1909956637988
9523,17.710148291908688
9524,30.048158674289127
9525,19.057088695259385
9526,81.67503436640587
9527,30.322008118196443
9528,31.922981078535102
9529,37.13936759441445
9530,2.5442481903399714
9531,7.347241201869534
9532,11.124204295760087
9533,5.87627427143163
9535,27.32405573300223
9536,45.73194420365136
9537,317.8310464839773
9538,25.848021712903197
9539,4.042751090739455
9540,73.69311023350431
9541,27.159784110422816
9542,55.66850189433415
9543,113.65767764057398
9544,22.89694293695633
9545,17.336349981866984
9546,41.80433758216104
9547,22.480144770236603
9548,39.50459640557353
9549,18.58170366372261
9550,9.89183880163743
9551,15.583175041506196
9552,16.37513832743643
9553,32.28840330000735
9554,7.6418410785357676
9555,7.539166228657923
9556,36.96236759266139
9557,20.83859075180493
9558,15.97705680946495
9559,75.036347257513
9560,12.69372951931574
9561,70.0524126814098
9562,42.73994842280592
9563,42.888756860550885
9564,54.79310915964423
9565,11.74297608074647
9566,14.029752180159198
9567,43.92718262160226
9568,140.52503359031448
9569,161.20342261643012
9570,34.83596439722599
9571,140.7562831926833
9572,55.39072812121591
9573,22.03355412602767
9574,20.30236685543694
9575,24.938593871003352
9576,11.157327087020304
9577,28.70306436240984
9578,13.969912630968345
9579,37.77913406852913
9581,75.38972283470011
9582,13.209666594552449
9583,9.283005369675495
9584,14.341364236646822
9585,55.59612516453443
9586,26.953726940385682
9587,41.150676917924905
9588,53.5148160411867
9590,17.00737115351359
9591,29.44352579104921
9592,60.738569313063465
9593,2.8928300680191668
9595,9.555007330791042
9596,44.20696717724162
9597,69.50643963290584
9599,13.061073954438653
9600,13.929622076048746
9601,24.497757556129113
9602,8.47026482047663
9603,20.278495897820573
9605,13.254495151026516
9606,36.669665108909015
9607,53.41735489105513
9608,14.988398647927735
9609,5.294290119243127
9610,21.667769848281072
9611,35.782976944602424
9612,11.608643662274538
9613,25.048957316264346
9615,9.131125433969054
9616,27.105780790968442
9617,21.178171909192653
9618,13.273032622252472
9619,15.69740200357462
9620,113.60997478711423
9622,17.813554353522672
9623,13.90137376081487
9624,45.50532123616017
9625,66.3525129951453
9626,15.27090108551772
9628,27.077875391000866
9629,15.654775770174618
9630,7.1768956787081555
9631,45.94643946922492
9632,6.977924139633285
9633,28.823672391692032
9634,115.23085108734605
9635,49.037322240729495
9636,11.84496211150714
9637,25.47632937603218
9638,15.598672597779737
9640,79.37942306014453
9642,82.18848497886
9643,15.261894525258763
9644,9.562640602637144
9646,6.4394746755627805
9647,35.538155572015825
9648,32.57447608368436
9649,6.976635591376031
9652,11.981994321690461
9653,69.34644446591919
9654,257.1909956637988
9655,23.097985275090355
9656,16.917837103165805
9657,17.524738921231656
9658,6.986939813606424
9659,54.46947007700992
9660,7.640936530628852
9661,2.6230612572784535
9662,20.71928979258224
9663,5.6283570844467725
9664,41.342715323587036
9665,47.82207916055286
9666,129.8221504128041
9667,8.26125171841279
9668,33.86260144896588
9669,19.458117929037698
9670,32.59522850149194
9671,8.487142216469925
9672,64.09255577801513
9673,26.103112964280157
9674,23.883493198233097
9675,18.26884605261383
9676,284.770168440366
9677,70.64817796860865
9678,41.29776528007056
9679,17.27484175419686
9680,25.54294523617881
9681,33.82304288992825
9683,41.71773888799229
9684,13.206985703741516
9685,7.76945740487108
9687,13.435282217736587
9688,20.88903176387472
9689,6.571123388544786
9690,20.325717199500772
9691,11.728075863861433
9692,54.80331834719911
9693,10.856606283878339
9694,20.886361314495282
9695,12.603508174477431
9696,16.203704511534912
9697,75.886682591768
9698,53.89607220044626
9699,80.35054237354493
9700,13.581416301170808
9701,144.7822109347969
9702,41.41037448436267
9704,23.413289310224336
9706,9.532793456552186
9707,13.008940714986014
9708,5.624596373148624
9709,15.356438964769275
9710,35.95325614442674
9711,8.31111770030606
9712,17.643684606693636
9714,4.144953261659572
9715,80.50701652877903
9716,79.36935970699699
9717,19.520715891437888
9718,37.76636832863572
9719,17.77431680376027
9720,33.69116252210826
9721,25.68025705659684
9723,56.353588364677634
9724,12.795401984213054
9725,16.201702223337595
9726,50.49726280798561
9727,12.294076760031324
9728,60.81472577916239
9729,33.60413285544147
9730,27.662480862297507
9731,6.907499178115229
9732,25.36599227584932
9733,16.482587326731146
9734,19.1699005621904
9735,7.330963065856691
9736,25.3273574496645
9737,6.316582547118405
9738,11.115708856253859
9739,50.21784624370859
9740,40.92238985545596
9741,10.694901132966592
9742,20.432782323575893
9743,41.46004333775192
9744,12.549454839903708
9745,13.743142791564626
9746,7.117937539761238
9747,29.589096321454537
9748,4.889877608193176
9749,65.40636272904203
9750,20.926609983084422
9751,10.122217504775884
9752,18.37422095057371
9753,133.40793768235832
9754,52.595763493074514
9755,6.405872554155503
9756,12.472339938405849
9757,38.02066781992019
9758,19.19265498766958
9759,41.67714886811494
9760,9.234803219447414
9761,21.432548087542173
9762,7.8817290732277
9763,215.25108372352574
9764,102.9873904894821
9765,175.37358186385708
9767,105.75892301425128
9769,12.052731392523595
9770,16.178105162173583
9771,16.42401585516521
9773,75.32479365017363
9774,68.23580400019587
9775,20.320527774474996
9776,23.353527587349017
9777,8.64655931961447
9778,43.45369880641648
9779,18.803558198953617
9780,15.009438056782226
9781,42.678924648948765
9782,25.127069418452187
9783,72.43527935977977
9784,160.9269391869981
9785,19.03719209496798
9787,94.13687716122942
9788,107.41512738851412
9789,20.37233333320694
9790,10.073330079306896
9791,34.84469387497052
9792,51.8415937925649
9793,34.23332096632417
9794,5.279450596613209
9795,11.965502210368225
9796,52.4184521147545
9797,27.879224531528404
9798,14.571817187188794
9799,54.54948996089137
9800,39.280585138308886
9801,115.48205076592933
9802,12.307363264948732
9803,14.926175191435814
9804,56.284698810934294
9805,236.6284838686448
9806,236.6284838686448
9807,257.1909956637988
9808,18.230283060270857
9809,17.661325873585227
9810,11.502223696015925
9811,9.522864906238704
9812,31.024739297215806
9813,39.7899766402078
9814,11.962152068493562
9815,5.835674317500297
9816,64.4692717243142
9817,34.09777305159037
9818,4.712112623001947
9819,119.75269995367559
9820,9.454439249590804
9821,62.713710952207286
9822,58.023653162855304
9823,31.55120963478411
9824,57.21003224539018
9825,69.66498376598766
9826,9.803891639622279
9827,13.153592595950936
9829,45.3777524134847
9830,23.10817287015193
9831,9.595930467556375
9833,13.082048672900092
9834,39.49228706315856
9835,26.197217643689775
9836,22.732739848453576
9837,27.064036640715972
9838,24.699375077493265
9839,99.33663133232898
9840,186.48225253408762
9842,7.392443902740974
9843,11.178129097193473
9844,16.28985283297017
9845,9.21088376073444
9846,7.53172439006111
9847,15.10436749714163
9848,11.660702539884255
9849,15.334807254673997
9850,65.34504028561773
9851,84.6156861417721
9852,236.6284838686448
9853,236.6284838686448
9854,656.8652700327174
9855,34.61129365850425
9856,8.765966313132852
9857,33.0960985895341
9861,18.27827991325526
9862,22.099836994430685
9863,15.664271780630271
9864,7.456905738944209
9865,151.56671932997128
9866,30.62071135967205
9867,5.549553892915609
9868,15.648234659699824
9871,50.70117444753318
9872,23.374752363102257
9874,62.869499979781864
9875,30.53673459995268
9876,35.726435673923255
9877,14.571500534325978
9878,17.694102136352583
9879,67.8365043273989
9880,121.39659343495802
9881,34.58561261533206
9883,21.965633691678352
9884,92.2055718342146
9885,65.30809811632442
9886,16.873328164349452
9887,40.91552744692958
9889,7.8407564682485225
9890,68.70647603578205
9891,39.243014623164825
9893,21.328149876476246
9894,71.13451597808393
9895,13.076898637615061
9896,17.444104553295066
9897,57.01809799997829
9898,23.487511060652537
9899,13.746643146128571
9900,9.80380715950022
9901,19.746228883176133
9902,16.046151693071728
9903,12.620815002345324
9904,39.04579393497799
9905,44.25860804765591
9906,42.68360950189989
9907,63.20288893192527
9909,8.497869760749822
9910,8.648685687763578
9911,44.13279294028071
9912,186.57378928169925
9915,27.506517432750496
9916,25.013359706783206
9917,63.32960234287523
9918,33.69442979618189
9919,26.313932206942617
9920,10.048406993630904
9921,9.924717598275217
9922,67.19573494035745
9924,8.74101479615002
9925,14.38457491596503
9927,116.0463927801962
9929,39.55004743068087
9930,31.113404385007737
9931,479.6568201848809
9932,120.16997604605304
9933,24.64134218697059
9934,6.2845624082938745
9935,56.496570261371865
9936,111.1385603340452
9937,40.37442079187488
9938,6.0757911232964625
9939,33.1812620134288
9940,20.993122610243855
9941,32.13302135468694
9942,79.78676244055444
9943,5.223025765227775
9944,21.64780489346225
9945,9.921185065448938
9946,36.34629064985956
9947,11.231188612492865
9948,75.41941041491154
9949,37.35055899903911
9950,11.260019195499627
9951,26.438416607481116
9952,12.810585885812184
9953,28.769108222413212
9954,3.4018720486094387
9955,70.81637197248922
9956,7.6645247102927945
9957,57.999011062413196
9958,29.695990894231826
9959,15.672438086111901
9960,18.863036725765088
9961,21.455692501998985
9962,39.474369552441594
9963,22.617721455850205
9964,156.64305065857042
9965,68.50761806108855
9966,15.966756662232564
9967,54.03973771283178
9968,27.75443983446272
9969,8.991639639298254
9970,12.393800663292915
9971,160.9187091415383
9972,9.850224714874479
9973,50.09935381881627
9974,123.37638981447103
9975,28.380145179477573
9976,35.788739278816415
9977,36.54453758957965
9978,56.95018503858611
9979,63.46235836580426
9980,59.28440749671187
9981,26.581714545648516
9982,23.816114773900235
9983,8.686204696085829
9984,5.475902159825348
9986,77.03737642532097
9987,13.138323392765134
9988,13.633539942211273
9989,31.439243608241984
9990,13.298935827275141
9991,46.31184594147131
9992,42.747979884260886
9993,8.153324730250251
9994,117.46967037942521
9995,45.27049058453508
9996,6.25083455997749
9997,10.960509956163273
9998,25.245643732701787
9999,23.72607989478481
10000,27.515297182702703
10001,11.970968598209936
10002,21.044240747496264
10003,45.81086216519447
10004,68.75917086302078
10005,18.88206488138886
10006,10.340592291645892
10007,27.898604322260372
10008,37.07036394618519
10009,90.42368549109342
10010,13.611876394366105
10011,20.338314511165926
10012,8.477144113364828
10013,23.66056408951971
10014,21.59508244297674
10015,39.87008951290122
10016,81.83902381742213
10017,99.86389925929602
10018,23.777361170413222
10019,99.31112017399333
10020,32.0918721769286
10021,8.67229761274626
10022,39.26273901975247
10023,26.713111899551098
10024,17.53591984749699
10025,16.517357763456044
10026,22.864404933293923
10027,16.22449295220774
10028,8.19437006493635
10029,36.39422572640059
10030,19.555735998570956
10032,5.252861860537259
10033,41.728267802424696
10034,9.1012379126105
10035,26.79027661973654
10036,18.87149957534938
10037,73.54929886536836
10038,7.111735114641235
10039,65.39723004120232
10040,22.824934861843012
10041,28.51648763943436
10042,6.888022299740036
10043,33.08633083723132
10044,5.8806192571212055
10045,21.432040449744655
10046,26.732929259355966
10047,35.76881220655252
10048,4.75638135298229
10049,10.452781536431843
10050,14.146908734980466
10051,152.00297408163652
10052,45.03437913035373
10053,11.093807964715172
10054,19.625216228046586
10055,55.762966383028356
10056,13.657749418016774
10057,18.471537232543756
10058,11.064903814975812
10059,28.3683642041062
10060,57.41374144538741
10061,40.033573693991976
10062,4.420034734692242
10063,19.186322286973063
10065,9.892891591593555
10066,65.16594504882995
10068,28.221221432360764
10069,47.3003342823588
10070,74.97428463241211
10071,69.1649374546153
10072,6.230879500285622
10073,28.280207597072998
10074,7.10164572794081
10075,8.451853722113198
10076,49.76976712694133
