row_index,doctors_pred
21,19.541195052747153
27,10.851754996934961
30,21.548143448442463
36,10.201507036597363
49,17.581515387978175
51,20.413521951317367
105,26.621436653161513
106,47.978932442403455
116,6.132127112838168
117,7.285116101894099
129,43.77308197359947
131,32.50804430055764
133,103.44538411199868
135,62.35917130414925
141,11.73108494370122
142,13.710291546081216
147,7.24361213123813
157,16.44787033637923
163,5.941850798569147
181,16.77007247029621
208,13.273077496561537
209,7.422462986721046
212,32.2751418468856
224,5.316036955358242
235,13.165901312130906
241,10.406621927834571
244,16.485569792206153
253,6.425929410264744
268,8.765265295596405
276,13.655555531969057
277,28.292047246221905
281,32.13819249873919
301,23.474445946681204
303,44.319391553251386
311,4.214595156400489
312,68.52350119237526
317,29.719493887723168
320,5.034310990579649
327,12.799673912880762
328,9.804534402125356
337,16.358718531445856
354,16.071103130761276
356,4.170991013917189
363,15.197396695818592
372,18.548940751030713
373,10.929910521238869
379,2.969373181236721
381,6.947584827148211
383,4.598773666592626
385,18.10217501181493
387,22.30438062262007
395,35.975864245727216
403,43.80710184047525
414,6.046211433078903
421,8.537204493704008
425,28.401761958569587
444,8.737336857888954
446,15.792495911773937
451,112.17667056599902
452,3.1441212489479597
458,14.674678600138526
460,10.28194257101075
473,10.794059217980362
483,8.121439697953562
484,11.819097976179945
487,26.430090052685724
488,16.71249473828388
490,3.5021467573414666
494,18.896020123871423
503,24.230702076507235
506,18.360173800653843
516,60.90795992202526
518,26.480077970526732
520,70.45566767064783
521,79.29727950030899
526,24.614441242153568
528,8.91579100179601
535,32.20210014829623
540,3.8249059441457227
541,10.897592731433395
544,11.61857621514771
563,23.743333503750346
571,49.47629906461689
573,11.072396468774224
579,13.99179203921548
582,11.707622854328514
583,18.593363936227746
585,12.810350249691057
588,4.228150434696876
590,13.00136492288387
591,7.426354835169463
592,1.4841097911387977
593,7.088214707303371
596,64.17751676949413
599,12.023457967410833
600,13.35473775313672
606,14.752313710482545
610,11.654781067523047
611,5.5048374813321095
616,4.573170256615689
620,4.234620410396111
621,10.995028957616311
622,12.070701237918223
625,18.902312922396426
626,4.666231271686612
627,40.613298218856514
633,6.311062586666277
634,47.015218270968
637,6.384135884000717
638,9.959078150459739
639,6.847709997230562
643,1.3473906394403177
644,8.461918939197597
647,1.961668408817619
648,4.037157577073511
656,3.694127804191166
657,7.837444076483327
661,30.946604784053704
663,10.531034004919357
665,6.292878587782937
667,8.343550590709292
671,3.274911035263006
673,3.636077899914472
677,6.424792624783446
679,10.508152231946003
680,14.734658491533912
682,9.233735399316638
689,3.427221347980974
692,4.702701830151077
698,4.985256543440507
699,35.45257293750392
708,9.093226372637819
714,20.49046528334848
718,2.300969449113547
720,8.637412712451006
723,3.057803596317884
727,6.586152167822812
736,38.4409300391094
738,3.548304792156444
739,47.6254185182738
743,7.280182565448923
747,14.986856797932555
748,23.600371181824215
751,25.880994750407755
753,6.227553341613889
764,9.974773600185747
765,23.411099288953825
769,8.9244354939746
775,22.328660591947788
781,7.512931664550143
786,27.127469126816123
794,8.30973554085102
795,4.049105394402636
800,5.433727104875356
801,8.726730402072254
805,8.260990254972087
808,31.687501611473078
809,38.93756499342834
811,10.791138403966167
821,2.1269022172751613
823,10.531667706819453
826,8.134879374109943
830,26.573590217742037
833,6.787123306772651
834,8.020606814493043
836,1.9348063102756001
839,4.263625183050085
843,41.12407688938947
846,7.931494420662052
849,11.316963558350123
855,49.40061794655728
865,23.509350511013132
867,26.172276201203804
870,11.91053085294217
872,5.866830827511513
873,12.132192193235122
874,10.78797017364627
879,4.6922345239246015
881,18.30117365090141
885,3.2238189546357856
887,9.214524200494404
890,6.920259523479225
892,10.443754934528986
896,12.967831693523166
897,2.7178237657683226
899,20.071642853418105
902,2.4136296546647116
903,22.04397768918687
904,6.107543053979229
907,21.174980284547065
909,6.845460422317742
911,8.834976617375576
913,4.556039783915917
914,14.454761937158938
921,35.63387265885091
926,9.726747004168967
928,7.67027552361758
930,9.30570869943121
933,31.281188460008973
934,2.662923438335159
937,26.074962146023946
939,6.962781708155708
944,52.23950491006768
946,7.452955162688912
951,14.358351364083545
955,38.458201581954114
960,18.28272121437844
963,5.529904761728807
966,19.396637910013137
967,5.98057408352219
970,5.617082206023117
974,4.2409692579746565
975,12.21937663727268
977,10.635388610114811
981,15.103163820385868
985,5.972489676942851
988,10.418181120865716
989,4.392852274123584
991,8.991929309623961
992,7.990657829062893
999,5.827026693489123
1000,5.1607808673269595
1001,18.994013270409273
1012,25.053641106591456
1013,11.21303903340776
1017,10.71686273473128
1019,6.830034588289104
1022,2.699674465285314
1025,17.56089850643393
1026,17.616869972011816
1028,6.816334227326996
1029,3.884431432126813
1032,16.46460460766276
1034,10.08124772036656
1036,2.594085482118228
1037,2.5092870565977896
1040,6.6993027152687965
1042,3.294372310531182
1046,7.907992263493943
1051,2.4347189932254536
1053,17.672030635287555
1057,7.207164491367945
1058,3.924423272542688
1061,3.1180253778029097
1063,26.32906885572589
1066,20.635237412095815
1067,4.9910906622103175
1069,15.614998344695742
1070,9.818094708505978
1071,3.195638409193492
1072,9.358684358355802
1075,20.396427959614364
1077,14.76913920450603
1078,4.241266978091091
1083,4.604274874434258
1089,10.998697305191008
1091,5.028343334481015
1092,9.118382146796622
1093,5.618740931105147
1094,25.346215584410988
1095,2.530355026519596
1099,6.102392753651124
1101,8.34304624011264
1104,17.49033121190037
1107,13.400580015194997
1111,4.039503516237476
1114,12.01452607586827
1115,5.6516366277592445
1116,15.145771122463676
1118,4.979204014880995
1119,3.9661682643604927
1120,8.422883709844553
1124,8.462315795762288
1128,10.107681768734922
1133,5.355799981072457
1136,14.149479063298283
1143,5.91415834531091
1151,9.671110003176523
1152,3.8136949875597637
1153,11.144175952385304
1154,5.572866414947197
1156,7.883350991488703
1158,46.791597302063344
1160,5.998877516647558
1161,7.972280360593907
1162,11.63170518446474
1169,7.5015495287688925
1171,10.492327927069686
1176,212.35494396238616
1178,4.883701944828667
1179,3.5249169777856886
1181,4.762551493735976
1184,2.6380484604728234
1185,12.575556013340295
1186,32.71429527194829
1187,5.6337673976496765
1188,14.530346487165083
1189,14.792392856871228
1197,6.135517856243495
1201,2.9195838270723806
1202,31.28608041106969
1207,8.983565998926068
1209,14.640638031194728
1213,17.663635656172143
1215,1.3204338937629863
1216,8.21360634712465
1218,4.327136282753391
1220,13.511401052622082
1228,32.35272831344385
1230,9.964538153165273
1232,5.644646789328031
1234,4.4984682893696295
1235,2.480486094895664
1237,16.709375120301406
1239,8.3326730177825
1240,7.8356862758561485
1241,3.6398159641886427
1243,1.4727798529355927
1245,13.687825867203594
1246,98.82595861615708
1247,14.40978286204275
1251,6.117350983296889
1254,19.904410522423905
1257,85.39181021382254
1258,2.0986575640502703
1262,5.4169695967448686
1264,19.34246516697945
1269,37.87584714547193
1271,10.901353126782256
1273,8.427738569945447
1274,2.215715109600621
1277,1.7702172112463588
1279,1.0
1280,7.481273123010249
1282,4.32033420679282
1283,9.767060734378285
1285,2.6900282153338835
1286,3.615289290051717
1288,12.716710225329976
1289,5.9551184441320855
1293,18.821434900915524
1296,10.040553810546355
1297,8.056324136072133
1302,16.76023874114715
1303,1.4886832653254671
1304,47.10447001690639
1305,2.4543853314315376
1306,11.328285591073467
1307,2.22934846561372
1308,14.586644759395508
1309,7.992961176423001
1315,43.63158332638278
1319,2.8303475614066294
1321,9.516029059749522
1322,14.377487217018327
1324,13.501412250701787
1325,73.47715049215104
1326,6.626080820749813
1327,13.69038499094725
1328,6.698098072788332
1331,7.298083200609188
1332,6.062839742010766
1333,23.903980304071823
1335,14.65845247257286
1336,10.692117871754574
1337,28.289340973302238
1341,14.540497964398783
1346,6.3989815002077295
1351,2.153968720992552
1352,10.959515184362727
1355,5.483229506745886
1356,3.6610832931352593
1360,6.9055086981117295
1361,22.222608042532713
1362,10.426741036857075
1363,202.84354763996677
1368,6.130655545277547
1372,22.497015753050928
1373,12.276264060578765
1375,2.1036144817046494
1378,4.532704917199611
1380,14.423223268842092
1381,9.361840612417716
1383,6.52143539349469
1386,7.341550538689677
1388,8.350786158217938
1391,14.395845373565393
1393,3.37167044884624
1394,4.8883055604543335
1395,4.806505544212634
1397,29.776866581881848
1398,44.93253230203727
1404,6.752971264957196
1405,5.760493087874638
1406,7.076194448836626
1411,7.951011746727049
1412,2.1864111257105754
1414,18.14736002291718
1416,4.264608991565408
1417,15.007874756124552
1418,3.522823325689175
1419,19.605030417056195
1425,1.5616092046872163
1428,5.689870375109971
1429,1.1259488203601307
1430,8.010392322551818
1432,2.0812300132530566
1437,11.617865362994232
1438,14.471438755109123
1440,4.724409479139509
1442,6.554776259602591
1443,11.210564063790622
1445,4.300217692616971
1448,5.2635847280486185
1452,7.7144195383902945
1453,1.9673442470639713
1454,8.270824196542826
1457,5.5855055257246855
1461,5.574120014868354
1463,13.076742755812868
1464,8.374398241453815
1465,5.033703083496303
1469,12.379120957967901
1470,49.771507154523526
1472,9.69260202213429
1473,9.646384972699586
1474,4.354623522233211
1475,3.0156523783168057
1479,3.512606128329804
1480,5.457621203458595
1483,3.9201934488268266
1485,11.160965313733131
1486,3.859536654767157
1489,4.366038623525664
1490,3.8233434360481064
1492,5.024325261897297
1496,23.254955253571737
1497,5.6873092185340965
1500,2.1233110557901713
1501,2.0491205809114432
1502,8.536342231411137
1503,9.009638810639812
1504,6.954572242768633
1505,14.447219725742102
1506,3.595924807107886
1508,18.739574593567326
1510,21.371085181118342
1513,2.648505801297793
1516,6.807829266662258
1518,17.44085411591966
1519,3.2613232368324585
1525,9.943506715033172
1526,18.67459552773629
1530,6.411139723191613
1531,4.188343554809064
1532,3.6532237501960547
1533,4.988619061421549
1534,1.9448331935927206
1536,7.7549901524020814
1537,8.158053485578227
1542,7.257420500859289
1543,6.404205178363272
1544,3.5480905296248353
1545,4.381105459692676
1546,7.5776502140441675
1547,2.8013410744402347
1548,5.450445835437728
1554,9.7451031103472
1557,28.2101166699961
1559,11.497234095783675
1560,7.069085216303558
1561,3.435141941509116
1568,3.6754803724459375
1569,5.725429913952673
1571,29.46179123510995
1574,14.321617178551152
1576,2.239245805786351
1580,1.8079318482900044
1581,2.0691175160419046
1586,7.8886835752770805
1587,12.235766432137844
1589,17.89054307017304
1590,4.676207763826998
1593,10.699930291087425
1599,7.034457391942519
1600,3.3931152790783576
1601,8.807881380030892
1603,5.1721004360450245
1604,13.940279941742316
1605,51.32131063190464
1609,2.245143976192875
1610,10.10514289826642
1611,5.185017253678361
1613,2.142266982774186
1614,6.086968185206449
1615,2.0439563132454754
1616,3.0051466945495995
1617,4.321022801121762
1623,2.082605624520697
1624,53.941724662489285
1626,1.7261308187400746
1628,9.277330815052169
1632,2.544801398539361
1635,2.5858852796803564
1637,42.1994745214079
1638,10.478893808388165
1639,2.0911754622567233
1643,68.6978758475408
1646,17.634037444007923
1661,4.559194558408636
1665,5.103740670203722
1669,1.9071773302122337
1673,19.28155384203848
1679,11.138128711248841
1680,4.111698520909252
1681,2.377931880806469
1682,9.895779132842298
1683,5.194011417475852
1684,2.6237044574132486
1686,19.443116301122192
1688,10.915910180516196
1693,22.363574233896458
1694,2.662939511888079
1696,2.1031159794984933
1698,3.327780376837099
1699,6.400508805703238
1701,3.0997177243624736
1702,3.7626815982525157
1703,3.127997549208366
1704,3.8608660893062994
1706,20.831645330731455
1708,9.841876288314237
1709,6.029278319371554
1710,9.340815450963614
1717,1.2144029139256207
1720,1.5513597628287854
1721,2.7060639109591387
1722,10.235585542801642
1723,1.8912066845330098
1725,5.715186293588517
1727,25.57873598481566
1728,1.255547852239961
1730,2.130634904979202
1731,12.505530853466073
1732,2.163612770151621
1733,2.298561172047266
1734,7.501048377954699
1737,7.023084474890218
1739,5.157773185436774
1740,2.6557740636011777
1741,8.187580210646823
1746,4.761044144784307
1747,23.250887193267484
1749,2.256951767832364
1753,8.139881899676311
1754,8.345887525040808
1757,27.40335375223335
1758,11.075628818786543
1759,3.037174911175373
1760,3.0640546177322685
1761,1.0850121631681906
1763,16.02917450493192
1766,10.849003756878934
1768,12.664470375261994
1770,7.253762687379251
1772,22.886654621185677
1774,2.1527681205202716
1775,8.134705689717622
1776,1.708115123841619
1777,8.37606428712597
1778,6.004381326173716
1779,2.166382137540751
1780,3.3840011597697774
1781,1.5804170294080058
1782,4.232355188286607
1783,4.761486049506411
1784,4.761486049506411
1785,4.761486049506411
1786,4.761486049506411
1787,4.761486049506411
1788,4.761486049506411
1789,4.761486049506411
1790,4.761486049506411
1791,4.761486049506411
1792,4.761486049506411
1793,4.761486049506411
1794,4.761486049506411
1795,4.761486049506411
1796,3.7732348695205795
1797,2.6995072196485075
1798,5.911599850042913
1800,7.148099683817485
1803,11.254135407188988
1807,1.9576273828360127
1809,3.8291054579957025
1811,18.218002610243182
1812,19.78556659487005
1814,3.1072217357115925
1815,10.628314226004553
1819,1.7941124887045088
1823,2.5331971563611777
1826,15.141640659868806
1828,3.527833182887022
1829,1.5958595930510737
1832,19.87494735020938
1835,6.226650428309105
1838,5.409350942877313
1841,24.806478135167406
1846,4.643437055331947
1848,4.384699334097697
1849,6.238982693298824
1850,2.2813110551261917
1851,5.1834127279835505
1852,14.906652156235245
1853,8.22098454723626
1855,5.411377784502456
1856,3.2945288637183885
1857,7.3595434697386715
1858,26.80465450984475
1860,2.4340253812017556
1862,7.4389510672337416
1863,3.303176860306547
1864,4.284437943065253
1866,9.72567419140392
1867,4.530642192477913
1871,3.4422535331233663
1874,3.1403797419411728
1877,15.246691047522662
1878,5.573199169717352
1879,11.627180089971201
1880,2.363581718164432
1882,2.1188624069096256
1884,6.932912667577714
1886,2.2388111141400446
1887,7.729839732753966
1891,4.995234052968341
1892,6.805437660027282
1894,2.232827900220425
1895,2.0068207743894293
1896,1.5502001421926181
1897,5.436639091515653
1901,29.976535094388204
1903,2.2170860353096744
1906,16.569421181395896
1907,6.499443495507009
1908,31.713213201874087
1909,12.967924285976451
1910,5.274187362966459
1913,7.793244492732428
1914,1.8080189860252227
1915,4.639543207204656
1920,6.507159356998032
1921,2.0427124536604704
1922,1.1824687149972437
1924,5.211702048673978
1926,6.957439525795886
1928,8.209995339673226
1930,3.964138035658073
1932,17.397022328895385
1934,1.0930972663374663
1939,10.315217307785241
1940,10.411592235844628
1944,7.7610898147124034
1947,24.611649266288474
1948,3.1166046998610577
1950,10.585533055733574
1953,6.254012494058872
1954,6.386353012834103
1955,5.894529964982004
1956,11.443264109172423
1961,4.236063823705272
1962,4.051218662406208
1966,3.9526857747673825
1968,3.608223199837496
1969,17.94694788313172
1971,15.023254456345894
1972,14.996725052013707
1973,8.102866375774997
1978,13.013310792320233
1982,10.218960946404701
1983,6.814093625523675
1984,64.60887142486239
1990,2.349358892152801
1991,4.2032260365084815
1996,13.68514961883792
2000,13.100424515760011
2002,5.2445403777026804
2003,8.097767106199983
2004,34.54777321413311
2005,2.6888434144575766
2007,4.480518343479103
2011,11.755086776427344
2012,2.889031086287073
2013,2.093666549478787
2015,1.0
2017,34.43150404428018
2020,2.7525568728063505
2021,5.329245354004698
2024,2.658274112538455
2025,19.614275363799997
2026,7.14800623498004
2029,1.7592700262430594
2030,1.4363109233688856
2031,4.899888577810683
2032,18.24409716685464
2033,2.646368179765468
2039,6.9669953374219915
2040,8.30519058983473
2041,1.8650367722714036
2043,11.652871209256292
2044,2.1804996681822586
2045,3.870581218133575
2046,6.166561892659175
2049,6.529130795323699
2050,7.936913305096336
2052,12.071600765749341
2053,28.638495166838283
2056,11.61249832574723
2061,7.1156827246086936
2062,4.496537762218344
2065,3.6496595582340094
2066,4.034182905947889
2068,2.6703099361324325
2069,6.945112460037173
2070,9.232365577675038
2073,8.791246393013525
2074,2.318056278486395
2077,2.0648459063166524
2078,6.6713967059465205
2082,7.295471170998043
2087,17.058651024174942
2088,5.218915483232178
2089,1.815355067797158
2091,2.5851767061799036
2094,32.27054033866832
2095,9.749804036354732
2096,9.867329857990127
2097,3.4672348243686555
2098,8.298191185503303
2100,2.0925312818823407
2105,4.846093883302788
2108,4.979871511761641
2109,12.257927884892414
2112,11.590702787091418
2113,13.309160535398766
2115,14.806658101711172
2118,2.264374022140968
2119,8.05978983425939
2120,8.601838180975248
2122,12.658073451863617
2123,1.302457194405439
2125,1.593021180072425
2127,16.009994422757337
2128,5.33047318551025
2129,1.1433498457672449
2130,2.27934219575996
2132,2.161921309322338
2133,5.220228471196296
2134,3.921496114973461
2135,4.761486049506411
2136,3.7732348695205795
2137,4.761486049506411
2138,3.7732348695205795
2139,3.2150481293407047
2140,2.9895937084957644
2141,2.387280948926999
2142,6.703617431833585
2143,12.439335941212038
2146,2.0029818031233475
2147,5.295321884418392
2148,9.081620785386033
2150,1.209543500905686
2152,1.5759132316662046
2154,2.3657342775949073
2155,6.934462896943332
2158,4.264726424712693
2159,1.4966829829870534
2160,7.878019506861202
2161,7.017435020104565
2162,8.489384979379677
2163,14.918949283954063
2164,2.811435272172133
2166,3.526327250140517
2169,9.595193049875233
2172,9.207677526807384
2173,6.018127654663964
2175,1.5844351659198108
2182,12.874931513496435
2184,5.108999730067234
2185,2.5538929913807555
2186,8.219997443540965
2188,1.5981853426484873
2189,3.236984593523926
2190,19.411513296562067
2191,11.69318937515703
2192,2.778924356952717
2195,3.431600677836288
2197,2.3699221312406866
2199,4.701451118623397
2201,7.190600310989294
2202,5.377197744231664
2203,17.039274200690144
2207,6.016701993186639
2215,12.985977174099999
2217,5.931470843176681
2218,8.462142847643024
2219,35.17528590481351
2220,2.4419277417060323
2222,6.20573809835861
2224,6.627074683024156
2225,5.915555084840303
2228,10.915065359867794
2230,9.930217782399797
2231,1.8441279333677483
2232,1.3661676735593682
2234,13.310719034446729
2235,21.823106540179673
2237,2.0223689910544884
2239,3.6844016739426864
2243,9.329585308485965
2244,6.2784017956645854
2245,3.624800773434622
2247,5.461584067586968
2248,13.105290341369974
2250,3.749771386477503
2254,2.1203835618070572
2256,3.1158849617569553
2258,2.8705751795074166
2259,2.9362670800908277
2261,4.050932012442869
2262,15.742293248223717
2263,1.702169638834049
2264,2.792320120985457
2265,8.162110021932685
2267,7.9238227514464
2269,3.0985583086822888
2271,2.723986035298941
2272,2.14772470842244
2275,1.3872605603505397
2276,35.36822454677389
2277,1.0811442156799944
2283,3.344150252774137
2285,91.15767021594513
2286,52.87233917413343
2287,1.4443484906082846
2288,13.577621904243376
2290,3.6927912858529455
2292,7.1089614333498705
2293,11.454994366298722
2296,5.998227149031682
2297,3.2198676519101515
2298,19.235064007743294
2299,2.4353425672975355
2301,14.38802500100307
2302,4.856095069653709
2303,1.1528775361916557
2304,7.786297695282016
2305,1.9138012162929066
2306,1.5966762602159288
2310,3.9909299937640137
2311,3.106175560830274
2312,9.9694395318607
2316,3.929525156245533
2318,7.097770748097168
2321,9.918719167280875
2323,6.881163957572321
2325,5.3355167366063965
2327,21.646400052851398
2328,3.8038411707228015
2329,3.2183211635818125
2332,1.2428459648307821
2333,2.4405272342727713
2334,3.3568851387015775
2335,2.0571063495096418
2336,13.480466859532717
2337,8.13616539432813
2339,3.2004038399748156
2344,1.479138950262692
2345,2.7238140500071384
2348,2.047512285360076
2349,4.372829637038973
2351,4.496862628363427
2353,109.12470008201996
2354,2.8803767210042763
2355,12.15998809196706
2356,7.821683779161647
2357,2.07195133181027
2358,2.012989346049589
2359,13.272399839764219
2362,3.457986310031816
2363,2.7096270176240567
2364,2.8840253496476067
2365,3.3259243357761603
2366,5.437643251293475
2367,1.945776955027069
2368,2.200126275313883
2369,9.839076677594965
2370,3.3333983774991376
2375,6.1147758642560675
2378,3.409273403433755
2379,16.54599732419731
2380,1.0
2382,5.267585204011318
2383,2.308246787519548
2385,2.433184102866702
2388,1.8755131839743373
2390,5.500096489396528
2391,3.544356815917531
2395,4.65759301530033
2396,8.598940958249662
2397,9.300961709973045
2399,3.306209378649751
2400,4.294290617409028
2405,16.941519223652794
2411,11.634494560936183
2414,11.276176830715382
2422,6.976720641285155
2423,1.9202196260716808
2424,4.7770646875462015
2425,4.680055395788388
2426,10.433383681645948
2427,4.761486049506411
2428,7.474289267420663
2430,6.30773593293375
2431,9.193351205116407
2432,10.645519262931076
2435,11.560708377136262
2436,1.5701772175563427
2441,18.488555625973927
2443,4.836263262307065
2446,4.004693165113058
2448,1.8996696534321937
2449,3.7732348695205795
2450,4.331662640260529
2451,12.44682814867758
2453,5.307772708144907
2454,15.475450504370137
2455,1.3374429331393578
2457,23.4062552107512
2458,3.4704666625255727
2459,7.064958161940144
2460,3.476946199767052
2461,3.001353381811765
2463,4.0235830724574555
2465,4.338955897253932
2467,3.038747700236357
2468,5.488869862022311
2471,3.753744316979728
2472,1.405173158341672
2477,3.4038140327939153
2478,10.65139337411716
2479,9.54172772604869
2481,9.260184695349487
2483,5.105985923795817
2485,2.4603285994136823
2486,1.9621601381819038
2489,3.4697856976886996
2490,2.5813892618903527
2491,3.9708801151576396
2492,5.541265556185205
2496,15.049723537574973
2499,7.001606089226781
2501,1.505460271237282
2502,43.19214699860293
2504,5.050476643352594
2505,1.5373722677774946
2507,3.995401839698489
2508,1.9964093684786257
2510,1.4078691494222422
2511,20.316909773734576
2512,1.771791335494057
2513,4.616295458438253
2514,1.0
2515,6.03443117847998
2516,9.200006676893025
2517,5.613664228425481
2518,1.8060785686193546
2519,53.24565412248815
2520,1.442162152265826
2522,5.212263010054253
2523,4.2130023732891235
2524,3.8875283365740287
2527,12.966733335954194
2529,4.871212895689852
2530,29.95712183061728
2534,5.9092282579062
2535,2.697278666847566
2536,1.5549877219885244
2537,9.02448173519627
2538,8.427354731818614
2539,9.122728602323406
2541,7.949861209154832
2542,4.783525476861715
2543,15.390162342278796
2545,21.72768131237101
2546,3.31932751225302
2547,10.520767165242578
2548,6.696285697531703
2549,3.9102215502117526
2550,4.755736597822253
2551,22.973776105234368
2552,1.758751861764574
2553,6.408833826319781
2555,3.589409658502653
2556,10.203474388126748
2557,6.419861321019353
2558,2.940453959286772
2559,4.056464658484821
2563,8.308398475089064
2564,3.107714510251268
2565,4.117065546469288
2569,4.105501981133953
2570,2.302517573554932
2571,3.246940067352352
2572,3.4306692035246313
2576,4.847421174411453
2577,10.047703609361424
2578,1.7082775043212879
2579,1.1647485556443857
2582,3.0754614596514505
2583,9.105026804981678
2586,7.677499163475903
2587,5.09000706859056
2588,5.363246387836507
2589,2.4422729970515418
2590,2.884351215876222
2592,2.188652573791705
2595,24.61887194686651
2597,5.133348661329497
2599,5.71776511300386
2603,1.3934457386684078
2605,3.0092979462970044
2606,6.988280677261978
2608,1.3680252151479333
2610,3.0541698060307327
2613,11.49969922989172
2616,8.282095384221073
2617,3.7123964096581865
2618,13.852002607187917
2619,26.569540424427935
2623,23.05480471293776
2625,4.719052707184276
2626,5.739996911258375
2630,5.5321528342395965
2631,3.233338353966654
2634,1.5129731145957237
2635,2.1850765508515875
2637,6.159302100252772
2638,2.4534288925567775
2639,12.452899395718823
2640,7.128158996676978
2641,11.287304925806765
2642,1.2135202547364596
2645,1.9373619039754633
2646,4.979402309591534
2647,1.3771730263133948
2648,8.085350262474234
2651,1.553231276121551
2652,10.944018414227143
2654,1.960116745639806
2655,4.76738020066043
2658,1.7385051317710367
2660,3.107141787361397
2663,2.1777114839207785
2666,9.771250715317363
2667,1.6960907790569881
2668,5.401721354921045
2669,1.686547250030142
2670,3.6490625758742503
2671,12.54088380601692
2672,4.761486049506411
2673,6.184940863731982
2674,7.339627886695286
2675,10.983399691793927
2676,9.956519812640927
2682,1.1107980945191822
2684,1.6496736100970177
2685,6.145909657284822
2686,8.792664845880719
2687,5.915848006115851
2688,4.772654752484384
2689,6.8447983400833445
2690,5.293006275892357
2694,11.764672971534132
2695,9.498481833866697
2700,3.953482062518087
2701,2.0117395620181773
2705,1.0
2707,2.2437348421738257
2709,3.710660435972941
2712,6.769817713330023
2713,26.228274804897566
2714,5.9026143583258195
2715,3.298100895969851
2720,1.7899597310555617
2721,2.766036801352305
2724,8.325605034714606
2729,2.1010669594002196
2734,1.8794409816702615
2735,3.392583854804005
2736,11.819951110580535
2737,7.559160540588339
2741,6.747255156086909
2742,1.0770656980969773
2743,2.4969686372233797
2744,11.277341833943298
2745,3.508614515584711
2746,6.837646375427955
2750,4.8900164007215405
2751,2.2277249974623468
2752,17.197042359921877
2754,7.0361340746783885
2755,9.118118920027038
2757,6.830268112891013
2764,15.540451262775246
2765,5.694766194978458
2768,4.1820932546171425
2769,9.719634077866452
2770,6.184940863731982
2771,7.168882271874748
2773,6.6954531059095865
2775,4.757919910541389
2776,11.566875918634024
2777,12.040107438568654
2779,2.3905734955301705
2783,2.243291967273404
2784,5.308378926246004
2785,4.153587914603171
2786,4.869659943190259
2789,2.4411327790772392
2793,1.7317275874895934
2794,1.9143803612730652
2796,2.9844941460374605
2797,1.4465211876329775
2799,4.460443074085052
2800,3.647023864444805
2801,2.9958133609634228
2802,3.875732903071517
2803,3.757862471625212
2806,2.536393201393084
2807,5.83904529425649
2808,41.248398537906425
2810,3.4294538318570256
2815,5.215886762073697
2816,1.4821546964311
2817,1.4247570956399842
2818,20.34744615167302
2821,1.3658959242805353
2823,1.993446656292238
2824,2.6190918371429417
2826,1.5254084110307773
2827,2.7303105577902658
2828,2.3762325779972264
2831,5.228490130521618
2832,2.582290606747426
2833,8.144559818543483
2834,16.588363953605374
2835,6.476256085979906
2836,1.9474337475051215
2837,6.794411307297498
2838,1.7275315228329926
2839,7.129751709409141
2840,4.358762421641045
2841,7.525591991445372
2844,5.364313708630303
2846,11.614196660960816
2847,15.213512898650437
2850,8.55501303024117
2854,23.66956007885254
2856,3.6362138600422
2859,3.1163694304319223
2861,2.7613079777123435
2862,4.357499863736496
2864,3.950626201376162
2866,1.8089185298724986
2869,42.793543932766994
2870,2.5231114241023205
2873,4.95735134584977
2875,3.691429120403621
2877,18.231901587618516
2879,4.974990049310873
2880,1.36180801047061
2881,27.22518813643117
2882,18.708275211641354
2883,4.298056457402614
2886,2.9716557875831486
2887,2.692375793595322
2889,9.932547324769912
2890,3.7324949220807198
2892,2.604967689735198
2893,11.91566792946932
2894,1.8768640321865702
2895,3.6766083400903358
2896,7.070509308480437
2899,37.03829060366429
2900,6.263361617647013
2901,3.107920044587482
2903,12.049993238842433
2905,9.394342778560274
2906,31.620889175775677
2907,26.02360671925024
2912,1.0243216716224524
2914,1.5258400263052285
2915,1.6674821371213424
2916,13.692929319594667
2917,20.506044194557894
2918,17.02465511912212
2920,3.028912542566673
2921,2.2769657031857937
2922,1.2750350461841038
2924,2.1280234976161414
2926,18.34789573812454
2927,82.80236914900246
2930,1.7405904008224773
2931,11.653660324577514
2933,2.058444226276266
2935,3.6446826321357197
2938,4.095459702357031
2939,8.532473646806666
2942,1.4897862020754535
2944,10.18175305893038
2945,6.806931119428682
2948,2.6417659976950563
2949,3.1481378639525057
2952,4.152498178527328
2953,10.075092238367862
2954,4.873549525002381
2956,4.748498748716127
2957,1.0863817872589987
2958,2.258006299355342
2959,14.439105868136082
2961,2.8100695225609895
2963,8.706073581898073
2966,6.141483796911095
2967,8.934272787044769
2969,2.3197341963115314
2970,2.7566636317211195
2973,1.836573151579338
2974,2.572999716460565
2975,7.364761412162775
2976,2.83872238603896
2977,2.288331701605124
2979,4.556189756367003
2981,4.533288190552638
2983,1.9946902885603142
2985,10.179800274822018
2987,5.951013096991947
2988,3.794867142229437
2989,2.80373576831035
2990,2.5036164889636168
2991,1.7309165122560377
2992,7.506208604505037
2993,2.019200932709556
2995,4.606224799744723
2999,6.329153492281695
3000,6.815696489791437
3002,4.370377008280796
3005,2.6502257810943717
3006,5.564993173718024
3007,1.9694841479112113
3009,2.8164531010777822
3010,6.2757077007157145
3012,2.7273113906257738
3013,5.281778847811438
3015,5.071624304918306
3016,2.9285011731227786
3017,1.7581650927411163
3018,7.0316706542453735
3021,1.511992760407244
3023,10.76051000098782
3024,1.9469296770616935
3025,6.288634893262112
3028,1.025216100739866
3029,10.226186622207157
3030,6.798951690083391
3031,1.0
3034,2.787729886984836
3038,2.473209717104241
3042,5.325112155290938
3045,24.689870977807644
3046,4.723302315647602
3047,2.728259244960597
3053,4.067899284455491
3055,3.508374068703626
3056,2.0479623090065933
3057,3.700658475815334
3058,2.81709246567419
3059,2.114829629912919
3060,4.894831011280107
3061,3.908612387289408
3062,3.956133877448992
3063,4.027694276857304
3065,7.732953378601827
3066,9.627324007733415
3067,6.481900275871649
3068,1.3247375748363588
3070,2.9406651031164137
3071,2.3433305186645064
3073,1.5571224375855914
3075,4.154068033712376
3077,3.0972939873528933
3078,7.190662213037405
3080,2.7770152326315074
3081,2.103128533926852
3083,6.730694434313853
3084,13.829949702391145
3085,5.952602844487837
3086,1.7661468851779405
3088,3.540338215415514
3089,2.1108930924248592
3090,3.9326856870101916
3091,3.6644741234033824
3092,1.630290506119452
3093,12.04073300359942
3095,9.105234731146286
3096,3.7117660088020346
3097,10.807001072206635
3098,16.016400673538982
3099,1.0669617926982207
3100,19.254106337423693
3102,8.369053105976509
3103,4.389884282185494
3104,6.985110307775206
3105,1.9158356274413901
3108,1.7065673375987618
3109,12.076902465219087
3111,6.499558922496523
3114,22.74267538822173
3116,5.705801613372032
3117,6.342363298469961
3118,4.938263325279472
3120,1.7736265557291355
3121,1.5339973286983821
3122,1.759507221762925
3123,2.3333923748443643
3124,8.842642122077695
3125,3.8337701196824745
3126,2.8856165994825083
3127,31.710883330823947
3131,31.130584065359617
3133,2.7476567442865405
3135,2.902448980517979
3137,1.4310333963045905
3138,2.697593098261025
3140,1.225452972128186
3141,10.542782580310472
3144,4.917634316419805
3147,1.8493366679317027
3148,1.6993350369019002
3152,3.7384293870719785
3153,2.067366900555498
3154,9.65525434481137
3157,1.4480394053705414
3158,1.341869292708656
3159,10.257208156995954
3160,5.235601250028841
3162,3.472653719763729
3164,7.379373467549045
3165,8.848677489220796
3166,2.1591754872500495
3167,1.2781508369637522
3169,3.1170680593578917
3171,4.476259851436245
3174,3.277885903874341
3175,1.9002108377909523
3178,1.571287770511068
3179,1.0260961561132316
3182,2.2668986308423196
3183,3.2673662823141134
3186,2.203750388388646
3188,2.605626611467327
3191,2.5481806785103096
3196,2.7369428711313866
3197,4.204649538640522
3199,6.175512723909386
3201,1.546601544558941
3202,7.315841042249117
3204,5.7791553982948365
3205,2.613054323738312
3206,17.357138813908282
3207,2.1599203666399736
3210,1.6691078760155267
3212,1.1120895179245722
3213,1.1642623328812416
3214,6.048532106692242
3216,2.8009480379166813
3220,12.07166608490436
3222,3.0371382719239493
3223,1.3255646170016104
3224,2.333521151286678
3225,8.007187029270913
3226,2.5645177514545083
3228,1.599441393506949
3230,4.9383848880109324
3232,2.626127279217272
3236,8.721434266267247
3240,1.9406221912968593
3241,7.02033915935086
3242,8.636654191344595
3243,9.548952666383931
3244,7.060624313145124
3245,1.208131135313825
3247,1.7897295410527605
3248,7.182407203644051
3250,3.607346453559507
3251,2.7018961990599335
3253,2.9146555251070434
3254,5.267865518681253
3255,1.7493658489816104
3257,6.383137821565518
3258,2.4539412536802354
3259,2.2800427498552773
3260,1.5480966940436487
3261,3.5993244727118774
3264,4.339617078064978
3266,1.1864370479617279
3267,18.76706195175803
3268,5.542307819609986
3270,2.589728567937913
3271,6.362594918002081
3272,1.0
3274,7.041846302370621
3275,3.652202104569947
3276,1.6296146958609066
3277,15.890845660663059
3279,3.2666424294708287
3280,5.382366659050061
3282,7.741119007094018
3283,1.0
3285,2.914923646745496
3286,7.258487519717834
3287,2.2405184466987564
3288,2.3959919225918385
3289,3.507493086527656
3290,6.703909484537072
3295,4.279800639758812
3297,8.740049900182616
3299,1.286192571681461
3300,5.24276406233792
3303,1.302061593462271
3304,9.695560006957397
3306,6.743718566273277
3307,43.54327793085173
3309,7.407472394415284
3312,5.2160553858049985
3313,2.8537927585083884
3314,4.12045497918664
3315,3.340252382501823
3317,46.77542738072337
3318,8.69121664344907
3320,7.861604502443309
3321,2.4684727903497583
3322,4.355098748547922
3324,5.2531386211454585
3325,10.48163948457094
3327,20.1732836130458
3329,22.250193640557082
3330,1.5659615563973512
3331,3.4262642275269717
3333,2.381297791168644
3335,13.44381605087885
3336,9.15635302521064
3337,6.6595056612143875
3338,1.4887614898020327
3340,6.070869896605183
3341,13.992081467987882
3342,2.5679356482722433
3343,3.0066789114991646
3345,4.328301524516103
3348,7.258266227950773
3350,3.103253018525186
3354,3.2590461983509895
3355,2.6150336074362746
3357,2.808545314106515
3359,6.7038290175877595
3360,2.7741542132280324
3361,3.0002465402805605
3362,1.2434039907962426
3363,1.452922022851008
3364,1.842049687369733
3367,1.6117200688558089
3368,3.594999887598468
3369,37.241381827501556
3371,5.586933445815055
3375,2.5088714489785087
3377,2.5609468920902256
3378,8.605773087288947
3380,4.405245070583964
3381,9.79729040661661
3382,10.51357292316933
3383,5.109920648605035
3385,6.426538923199588
3392,6.21061331781512
3395,16.487426190380493
3396,2.783287034686216
3397,2.127860749003334
3398,1.817612530839101
3399,13.133360147148483
3405,9.903646921061853
3406,9.305014768258612
3410,4.608586687922182
3411,5.339358394939194
3412,1.2766714494751479
3413,9.084143481514975
3416,1.0
3417,4.8278324412326885
3418,3.6626300135102916
3419,1.3257347622743363
3420,4.434583016108377
3421,9.734785307096894
3422,3.546441336714303
3423,5.450635879099995
3428,1.654164083030528
3429,1.1381564567760256
3430,2.0294238897121257
3431,4.607819594177257
3432,6.906959407336741
3433,4.025608180185963
3434,6.2569703388150515
3435,7.6974883396624545
3440,11.564549844815758
3445,2.6050918913541192
3446,9.299614034959783
3448,5.102955660246499
3450,11.636497323207792
3451,6.017831312260321
3452,3.7892149909229214
3454,2.1883233856367412
3455,6.130582207827993
3456,1.3174686470661852
3457,1.0390049373593748
3458,41.338207593310734
3464,3.75833743062959
3465,7.8234805917018395
3469,3.060953908862919
3470,5.1627581865365
3472,5.5690722503561405
3473,3.5287706079981156
3475,2.4149694915082636
3476,2.34858747274535
3477,1.3200013205217644
3478,5.548340876512992
3480,5.35026357837244
3482,1.2595364850161148
3483,12.211955145530146
3485,4.405959858260708
3487,5.370252137013363
3491,9.811581536849092
3494,1.9330920295385465
3495,1.4897404706009196
3497,2.202901673354452
3498,5.851936270985906
3499,1.895493175527321
3500,1.9995922086185456
3502,30.869784338103262
3503,22.765716258839657
3504,5.754087026982031
3505,6.184940863731982
3507,2.6266827927257035
3508,23.770605446508416
3512,8.036268360051455
3513,21.224614236312547
3514,2.532955967316047
3515,2.4103307408522756
3518,2.591585569492374
3519,1.8601091538055163
3520,7.911708195464718
3522,5.352795067895211
3523,1.491824480536362
3524,1.0478972226801093
3525,4.413842592692019
3527,8.774659205575295
3528,12.28291593729922
3530,9.252580675505625
3531,7.526425049153864
3532,18.353218799749694
3533,2.1550739080506904
3535,2.3179032371182875
3536,22.59652825069602
3537,17.838801799677952
3539,1.4251608972985186
3540,12.433602386021626
3541,8.370289809811585
3546,1.154867329032647
3547,22.956947954436757
3548,1.5648819549576642
3549,4.915840841922896
3550,1.5587730938411577
3551,6.078891984027908
3552,2.5819628695343453
3553,1.7447866956770923
3554,1.8525505864855116
3555,2.3215302437620235
3557,2.4611508597599623
3558,8.070970127848826
3560,44.64393145826685
3562,2.1041282867717825
3563,30.39097773221841
3566,8.200585628606099
3567,3.6923686776337474
3568,6.506484913680798
3570,1.358455405274831
3575,5.731169023982851
3578,13.268376174189406
3580,3.909004542763432
3581,1.152194662441577
3582,4.251034737238925
3583,10.598251571942452
3584,11.776243971206867
3585,1.865096893201987
3586,6.032782806965254
3587,6.594742619804428
3588,1.0
3592,1.915818292179491
3593,2.553640600703412
3594,1.644405231296946
3600,2.9782752208264
3601,12.345823233874322
3603,8.302593193258163
3604,4.761486049506411
3605,4.761486049506411
3606,3.875732903071517
3609,20.91445509108755
3611,5.347673898101458
3613,2.490219879166081
3614,1.9639107203023232
3615,1.7352345646980445
3616,1.8729574129104558
3617,3.3719121270860484
3618,2.184050497252009
3620,5.7127715713365905
3622,1.3187343753325116
3623,4.860477762472774
3624,1.1690773965923693
3625,1.8229918481909695
3626,7.419412208140542
3627,3.1634383451334136
3629,30.624461961725643
3630,1.0
3632,4.189356090848446
3633,7.464799106656876
3634,3.651832250996059
3635,10.38139402179481
3640,3.2112484136555675
3641,6.543759631457892
3642,29.94244921139275
3643,3.447443719909953
3644,2.96799498367984
3645,1.9170464919041421
3648,7.7896470109513105
3650,1.177502431930032
3651,15.146255338714727
3652,1.8303740042664995
3653,4.608533539979428
3655,14.581712771971862
3657,8.681581262055195
3660,4.150747900378574
3661,4.89757026086194
3662,3.1096236658551675
3663,1.5541147359041734
3665,5.046747621172121
3668,4.50908652140145
3671,2.6302745905104588
3672,16.64880605513915
3673,8.422764844429615
3675,3.507719791621296
3676,1.7573507684583571
3677,11.643925296370437
3679,2.684110292172316
3681,17.551217987818468
3684,8.744070646993851
3685,4.4260218994840015
3686,12.055421639522981
3687,26.945786282453025
3689,7.987585356364626
3691,2.9301146191375143
3692,10.147208030876037
3693,6.801236890582874
3696,10.792377616403218
3698,5.786407810734701
3699,7.384621763228118
3700,11.04550041963521
3701,16.348357545742868
3703,29.594331873719288
3704,4.474354786917144
3706,3.44741379729788
3708,1.792965413294318
3711,2.5213229626036013
3712,4.1011780796199435
3714,1.4868905104698915
3715,17.614362743914285
3718,14.144545494056496
3719,5.2842459682365
3720,3.006051683341861
3721,11.193560365807544
3722,3.2885310251052693
3723,7.588831822733493
3725,4.489102593608043
3727,1.6425486566574303
3728,2.4023243894815076
3730,13.964389788714987
3731,30.00000221161152
3732,3.7842160264899087
3736,1.0
3737,6.0635167167250295
3738,23.5613778237881
3740,3.220562090108062
3741,15.651163378386935
3742,18.38634054646347
3743,8.680951681719721
3744,4.761486049506411
3745,4.761486049506411
3746,4.761486049506411
3747,4.761486049506411
3748,4.761486049506411
3749,4.761486049506411
3750,4.761486049506411
3751,4.761486049506411
3752,4.761486049506411
3753,4.761486049506411
3754,4.761486049506411
3755,4.761486049506411
3756,4.761486049506411
3757,4.761486049506411
3758,3.3304340033675133
3759,1.1024799081239691
3760,12.71734267825101
3761,4.540538678422877
3762,4.68043218652638
3766,1.6158427293550193
3767,2.0860086374206284
3769,1.9500775489308457
3770,7.454507682403038
3773,6.432842958640607
3774,4.822036837763702
3776,12.166119104718076
3777,3.0799485489874208
3779,8.704514951207372
3781,12.620494622403006
3783,2.0426058027151934
3785,3.6960538228949695
3786,13.325899345578518
3787,1.3359589858904757
3788,3.0017539193658367
3789,1.0
3790,3.050029437360961
3792,6.415520944241662
3793,3.595723197555826
3795,4.773755965998145
3796,1.1824172471533076
3797,1.3640729665428395
3798,2.1539000795561267
3799,1.8730969765024015
3800,1.8534690526446618
3803,3.1044454659216183
3804,1.3785301380398591
3806,3.5336463515985557
3807,13.082165658334615
3808,18.594717678277632
3810,3.1878905078933393
3811,14.296040542677265
3812,3.753226299477172
3814,16.04007905516344
3815,5.129770702326691
3816,1.9892259990075125
3817,3.217308890038604
3818,2.6428174324146685
3820,4.710263438323052
3821,7.604379822213088
3822,2.0112174427463425
3825,9.340308267909998
3826,1.688459024486206
3829,3.7939060777301337
3830,3.2518296182827564
3833,1.3198643268240788
3834,1.8721043968636781
3837,1.3813645435545572
3841,4.933093250874502
3842,1.633197481362724
3843,14.972801419606622
3844,10.577756690844364
3845,4.933387375783865
3846,13.296364860333396
3847,8.724881881647724
3848,6.184940863731982
3849,3.7579309438307007
3851,4.292500333154204
3854,3.702901302696476
3857,2.4142319777236345
3858,1.4094748955889935
3860,6.330744808807125
3861,4.5941384431344305
3862,25.488818178074872
3863,2.292817650031648
3864,3.1736021152624634
3866,5.89594479383189
3867,2.590995081670943
3868,3.006285120222398
3870,2.463613776581147
3871,3.852749894163675
3874,1.3119531186887685
3875,2.882564976735182
3876,3.2120492250932147
3879,1.9116500347931953
3880,3.4292656674536417
3882,2.1420394584089366
3885,19.523836996376165
3886,1.8131452932086252
3888,2.259298935928904
3892,5.434120034954711
3893,1.5451500166282675
3894,6.185821600298803
3895,3.396573782988102
3896,1.98519300898539
3897,1.1234809797437277
3899,12.187301682064378
3900,4.098760266420275
3902,2.0392268164869742
3905,6.316608652152968
3911,6.004703070328516
3912,2.8390956276004045
3914,3.2567360732195403
3915,1.9411485759172233
3917,3.981011458828275
3918,13.70770272418079
3920,4.494726676841029
3921,8.35750483376686
3922,3.587755622673322
3923,3.4360768218688222
3924,2.0233675904364343
3925,9.306073192357033
3926,13.71364917314571
3927,3.155614705895135
3928,8.155663362494225
3929,6.720828905000372
3930,6.869339040990217
3931,15.644068983680194
3932,45.545203997357866
3933,2.364726386466778
3934,2.4741156408818856
3937,5.650490718214452
3941,2.1725361312697906
3942,4.060446865327318
3946,1.0458655591957353
3947,4.556553426278186
3949,5.208600888750551
3950,7.012081704681855
3954,1.749669006093302
3957,1.0922087331092378
3960,3.1234152486143816
3961,1.7737859757314505
3964,1.3572343062702175
3965,2.4374403252502628
3966,1.0
3970,5.921684617668968
3971,2.227790995742431
3973,3.0170361233409655
3974,2.418062974715714
3975,6.2129072382917325
3976,5.222822046605226
3977,6.2949559022156425
3980,2.5768378944861277
3981,5.62328098524234
3984,4.677291635968273
3986,8.604302066751016
3988,1.4520045397802654
3989,2.0870574731201734
3990,3.140198385918559
3991,4.039930861617659
3992,1.3456088726778666
3993,21.637947414025952
3995,2.4148778034190754
3996,17.184571399718635
3997,7.483584746856883
3998,7.000024555717066
3999,16.124938757469813
4000,6.289153021560962
4003,5.9459580860372325
4004,1.1882845506107482
4009,16.092545348522624
4010,1.8549716022193092
4011,8.820835723706674
4012,4.28948220889415
4014,1.8311935698909496
4016,1.9534245028880663
4020,3.4738625985120213
4023,3.680347779530948
4024,5.920624696810829
4025,1.0363115439909676
4026,4.838771947406531
4027,5.697072827254186
4028,1.0
4030,2.805337980033603
4035,1.2705087861403457
4036,5.936516912010592
4037,2.0528738480684785
4038,4.895282250354589
4039,31.934736102634332
4042,11.877932263231065
4043,3.283041303377472
4045,1.0667784636079476
4047,8.637792103377222
4048,3.661234870089043
4050,4.396687462964501
4052,2.0867331429134652
4053,5.095503928510795
4055,7.7668719947692475
4059,2.326920026450496
4061,1.9549135631140526
4062,1.5494984574509052
4063,7.077786958867934
4064,1.215747273031268
4065,4.062376492382659
4066,3.1960642418427425
4067,2.2837669875754085
4068,2.80533645788066
4069,8.757548016441625
4072,10.550770895966945
4073,2.6013353802561285
4074,6.690086578941502
4075,1.8044576164952668
4076,5.259611022948242
4077,3.723249114400452
4078,2.6768903706193488
4079,19.632217928350816
4081,4.4351373420414415
4083,7.158490516606244
4086,3.219836886050759
4087,26.238546728074745
4090,1.5462918037000046
4091,7.5798542679796945
4092,2.1205344128167645
4093,3.5524151627445617
4094,14.077073817040135
4095,8.194836568036727
4097,3.1530420665277314
4098,1.9673467710505235
4099,5.220054289377977
4100,1.6031696968114484
4101,6.054848023778602
4102,26.318807685364867
4104,1.5401574584750635
4106,5.297662436123482
4107,2.912470490941904
4109,1.6829555299196226
4111,1.5820318539783216
4112,1.9399358268775004
4115,4.230713732982316
4119,4.107633382756058
4120,4.395160839577673
4121,4.225380587299627
4122,3.2331141713365965
4123,2.393968707673895
4124,1.8026442057879193
4125,1.7502289128488127
4126,2.3126930699664583
4127,10.961916786531141
4128,1.7362882557104202
4129,4.4136720248852335
4130,1.2085987537201237
4131,8.620189761731952
4132,6.5096409154103645
4133,24.118205643534807
4134,3.314729172153788
4135,1.271280285082377
4136,11.54563735294761
4138,35.84115936573263
4140,1.8957068789356553
4141,5.406310179987552
4142,6.628061359033103
4143,17.54309101678298
4144,2.253840263894551
4145,2.7078533020171656
4146,2.812576282777913
4147,2.524290719452473
4148,7.6017843781959336
4149,3.851503149294579
4150,3.66458697747102
4151,6.609627384397335
4154,4.1861668905216405
4156,10.775569231629607
4161,2.853123008281889
4163,3.276012262773396
4164,6.129280253600246
4166,2.6661134280771264
4167,2.706452478308745
4169,3.1803150947308896
4172,5.327416773767896
4176,3.712775370890936
4177,4.8054303327527865
4178,9.617355482730808
4180,1.8180197259793853
4182,9.443670245516133
4183,9.117930263429352
4185,2.172277187841913
4189,1.8618824193572063
4190,11.946093781273186
4191,2.541480905841254
4192,4.854225486980533
4193,10.702855708536742
4195,3.6802817066278077
4196,1.1681444631212776
4199,7.564409761147094
4201,1.5027907534546032
4204,8.891247027245623
4205,3.0171568859473927
4206,9.786882531101408
4207,5.743699232472425
4208,1.0
4209,1.9951921136391435
4210,4.690888540674734
4212,3.0640102323285667
4213,8.591622244252434
4215,2.6569646464688335
4216,11.842710479674492
4217,1.5344634529624377
4218,1.9941436988179724
4219,2.5423855922440386
4220,2.088147806099176
4225,1.482473621370666
4227,2.3901301670997834
4228,1.4827339949871912
4230,4.573891169447018
4232,4.876484654951555
4233,1.9977469231348728
4235,2.6946538744188966
4236,7.21080905151533
4237,4.838397868638111
4238,18.719455998347456
4240,12.503567249257799
4241,2.069064323581253
4242,2.6019150611092985
4243,2.8254631245249793
4244,1.5113646807053105
4245,19.026050204147737
4246,2.993875059196004
4247,4.509683396522934
4248,5.728067493400429
4249,1.9942222188095469
4251,1.3401638415675283
4252,2.26877394074727
4253,13.344755070847052
4255,1.348681448919253
4257,1.9240440542654427
4259,7.344979596497402
4260,2.888904267383116
4261,2.70331190467595
4262,1.7864085426188556
4263,1.7468435116684773
4265,1.8050569501547773
4266,4.309885819838566
4267,24.39766149214877
4269,3.878754573381014
4270,18.33730206514815
4273,14.400168329304059
4275,3.208511692326352
4276,2.821284172304905
4277,5.943591944936403
4278,1.6036430631162695
4280,2.339344471596161
4281,3.4503699105340657
4282,1.6079789792726045
4284,2.673382028166642
4285,2.6104227349632563
4286,1.4322379600493678
4287,7.663551492599667
4288,3.2104821295107495
4290,1.5311176137159779
4291,2.943303533139207
4294,4.950065058749458
4295,2.5383015394925437
4296,1.7907200708571516
4297,6.208396446875079
4298,12.808362172009266
4299,4.20958315520334
4300,5.7244631809782245
4301,4.9312853870984545
4302,2.3047876578392565
4303,2.1742741850448963
4304,1.7618687948647411
4306,8.579907177617166
4308,2.1676301212266873
4309,1.4739403023494901
4310,2.932673562286495
4313,3.544782257678669
4316,9.069503067585043
4317,1.0385258256441672
4318,5.055991024455931
4319,1.9972697362253464
4321,4.974208961580611
4322,1.4948469776892799
4323,2.5892865993660883
4324,2.140701909414066
4325,2.3658799287675283
4326,1.6534200253520774
4327,4.030745647419414
4329,2.592096225971908
4330,1.2701997005915402
4331,8.924464838231474
4332,6.639468646794837
4333,2.90816054500336
4334,1.1846551074984546
4335,1.7163733586375116
4337,1.620626255500388
4338,3.780465474613956
4339,2.352982435326031
4342,1.943803630167377
4344,3.1472621410004646
4345,1.6132566715046959
4346,6.392152738414326
4347,9.031296701345774
4349,4.341908326690267
4351,12.15434905503975
4352,1.5300411112812295
4353,1.3476372923730338
4355,1.2350793232474533
4356,2.771314574502468
4357,3.9775787248718735
4358,1.973895529494765
4359,1.1657045488437305
4360,9.547355310580745
4361,17.72012336486627
4362,3.6822386136221423
4363,11.504996339639133
4364,1.1640141867842746
4366,1.822702842015319
4367,1.2785610380288464
4368,4.588277760907418
4370,1.0
4371,2.1463689625554623
4373,2.044833541752434
4376,1.194248746823291
4377,3.5837317702335056
4378,5.206181758050202
4379,1.9830354525619136
4381,2.58736789823515
4383,14.769269661446481
4384,2.281324221100378
4385,1.3288030013994658
4386,8.717832452706334
4387,1.9051000455180036
4388,3.8422474217464604
4390,3.1399684311407907
4391,2.344062879990128
4395,1.6259878692924403
4396,15.740375618542924
4398,2.1522444164697196
4399,1.3966230780626419
4403,2.192910912775411
4404,5.874413005712752
4405,5.488944059671606
4408,1.7714976052863751
4411,1.6533916752944195
4412,1.9765656830353082
4415,46.20584209109837
4416,11.94194137344751
4417,1.779079995294323
4420,14.211580672318721
4423,9.659885030538332
4424,1.8547210587895555
4426,3.4865527517606147
4427,1.0
4429,6.444854810924319
4430,2.173836765902228
4432,1.4447069782872448
4433,12.338304020762408
4434,6.962394037736532
4436,3.4617418038015653
4437,2.6925357985313316
4439,22.908788956750147
4441,4.514238554695997
4442,1.452559630784376
4443,3.442483932042996
4444,4.086514326433305
4447,1.2877361161825744
4450,1.4638279001765258
4451,3.721429858370992
4452,8.055211350551229
4453,1.8001077898236686
4454,4.147307234954362
4456,4.51075045826872
4458,2.0963026195978562
4459,8.017563232203086
4461,2.3468208461119495
4462,3.408552212281643
4463,1.699754163357535
4464,1.8248081820860624
4465,3.041172761796473
4468,1.521577646374529
4470,4.422999204641311
4471,1.1276767575920192
4472,3.062596276266483
4473,1.5636445019228449
4474,1.425740950496021
4475,1.471958372259085
4480,1.597327477039407
4481,1.3643700198083284
4482,1.9082991218265575
4483,3.188717916704808
4484,2.1290383815359344
4485,1.3886810652575523
4486,6.37182074327242
4487,1.7715414602035033
4488,7.724393064622981
4489,3.0311253077846816
4491,22.379133340915345
4492,2.524340172009808
4493,10.294403501359977
4494,5.725851532962071
4496,6.87959232724745
4497,3.38693417816403
4500,2.1545981070114895
4501,2.9470494423343663
4502,2.8091826474335972
4503,5.46740109488228
4504,3.4147107006248567
4505,10.95419985713162
4506,4.413012458623696
4507,7.509888831730288
4508,29.050693080261386
4510,14.248891138318124
4511,2.31933185009941
4514,3.1981863519221707
4517,5.529235568287696
4519,13.518268012979966
4520,1.5126992700696558
4522,1.6442514200079812
4523,7.313796825235326
4525,1.0
4526,3.9563330908107344
4527,7.504440834766576
4530,3.863673475061758
4531,2.6796309249826717
4532,2.4766407414743914
4533,6.336821099497009
4534,16.240753732890084
4537,5.902458829374644
4540,2.6251531799515533
4542,2.5470161925454073
4543,7.627003773769547
4545,4.4150889544115115
4547,1.7471408060268825
4549,2.720388376260322
4551,1.808699627299733
4553,6.427538815787778
4555,4.2604219956097005
4556,1.5250603632301973
4558,2.3827903824535124
4559,3.9744460345468595
4560,3.7819004153111653
4561,34.29323820949524
4562,2.4151957629139376
4563,2.2344669555320062
4564,10.512733676850683
4567,2.3096281664020686
4568,2.8422691042551844
4569,7.131297111000008
4570,2.2675346911503813
4571,1.370939972063671
4574,9.870879130507374
4576,1.8043022436725606
4579,17.457402306769268
4580,3.848657728236115
4581,1.2757123156803247
4585,5.806013656314225
4586,4.444032009589235
4587,2.567936168265625
4588,2.226673908982153
4589,1.408842615404945
4590,4.141826328009742
4593,1.3896741126074261
4594,1.941758593160718
4595,12.190586956358628
4598,1.4049079027206095
4599,1.3745858037804388
4600,2.421123029778139
4601,7.553736401737663
4602,14.13648264153252
4603,4.844004835759414
4605,2.354283631733565
4607,2.799532408716133
4608,2.82390073618506
4609,2.1102974560720336
4610,1.685988238108008
4612,5.236756520742946
4614,6.91424125269043
4615,1.215107809375472
4616,2.020659452658136
4617,10.31269253553635
4618,1.0386224960073025
4619,8.52982168492582
4621,3.0604026043060344
4622,12.178311439563196
4623,2.941986021670073
4624,6.795838176343008
4625,1.4818682056768866
4626,2.2281820559356116
4627,1.9388495713743783
4628,1.845167746638577
4629,1.5995844856133568
4630,1.7973481767398305
4631,1.6233007088180238
4632,1.5218981805711747
4633,2.200367930784229
4635,6.42255832885526
4636,1.6217960003697125
4637,2.0584386277314426
4638,7.062673309054011
4641,8.500305310252608
4643,3.1872880505094474
4645,3.643374330876303
4646,2.0251367680433283
4647,5.481886289189528
4648,1.8650230142023068
4649,1.8056553182185524
4650,1.7830408158659143
4652,7.667465636027626
4653,3.802533583775717
4660,9.901976476162051
4661,2.177825146489585
4665,1.0
4666,1.9849781981425383
4667,6.0478095019636005
4668,3.386545559625424
4670,2.849142653828818
4675,1.4533362787157393
4676,7.114637716947648
4679,1.375309869569485
4681,1.8587506292341889
4682,3.184789243253327
4684,1.9956442164632786
4685,3.8333727555169377
4686,6.2721546902255545
4689,2.284001473155105
4690,4.340950567387941
4692,9.791989007707636
4693,5.935230484964793
4694,16.6343944241457
4695,1.7345006443658053
4696,1.4563748930207678
4698,6.8262760629541015
4700,5.345746480153314
4703,1.7532080146434774
4704,2.773210635324484
4706,1.8961356223215449
4708,7.863950299744881
4711,2.6343197954533237
4712,15.389445394898042
4714,24.648474219928335
4716,30.031127672489077
4717,1.592772704125914
4719,1.8681916130915481
4720,16.79774544834041
4722,7.512744329331284
4723,3.761721083753831
4724,10.484656600634025
4725,3.496331622030211
4726,7.763907310843998
4727,1.9917303799611477
4729,2.6288537173109967
4732,2.653062358932513
4733,2.61839221411678
4735,75.37871777223815
4736,1.750035344961184
4737,9.264462688158494
4738,1.8149902386159389
4739,9.404865356670193
4740,2.634716172124814
4742,50.045622986783606
4743,3.3140845796159777
4744,5.203980696041442
4745,2.7395758388809948
4747,4.409710362132979
4748,1.4654768498962505
4749,8.208367846460392
4750,1.1385454200745795
4751,3.492065345488822
4752,4.652077199383644
4753,2.2396454033530544
4754,1.3779644850670902
4755,1.7397577944276108
4756,2.1885951997261914
4757,2.5993019079857276
4759,2.307419250012546
4761,10.659168420909008
4762,8.876811912106598
4763,1.1421638391910376
4764,1.8822909439339313
4765,1.7469417960140314
4769,1.8492081701168384
4770,13.698074243680031
4772,1.6109961409679745
4773,14.493219818513792
4774,2.097127879232253
4776,1.245298450284532
4777,71.52161468381823
4779,3.31372231495012
4780,17.102251882608822
4782,1.1282191704664337
4784,8.832421494095477
4786,3.036212848414884
4787,8.41816764854138
4788,2.9433607172805702
4790,9.668536688463101
4791,3.8749653461429463
4793,4.989066838953144
4794,2.5382118305513086
4795,2.0517950478622846
4798,4.466480950684573
4799,1.3411091534550477
4800,1.5516078703440486
4801,1.9753594872726115
4803,5.05606369333936
4804,7.097578573395115
4805,3.733205831128224
4807,1.6612541929624078
4808,6.317294881077433
4809,10.823975006981119
4811,10.394731772522682
4812,1.5784551399046687
4813,3.4190718835145444
4814,4.492142255959992
4815,3.188297646816987
4816,1.6453793132051462
4818,5.72705335727373
4819,1.6445677520111714
4820,1.0
4821,2.284749081589158
4822,1.5647109926941156
4823,1.6969214809668265
4824,2.9507892208737867
4825,2.065819922853196
4826,2.7346465042747337
4828,11.509333225567676
4829,3.0487393196251555
4830,14.194489882089227
4833,3.056871048932498
4834,1.3176979760769791
4835,1.8580590583354974
4837,1.3898102937921435
4838,1.1796602342983473
4841,3.218002792618978
4842,1.810089787813858
4844,2.4941224819908556
4845,8.746738892570361
4846,9.946867463162029
4847,10.079809808737421
4848,20.531553073161763
4849,3.315155813806765
4850,2.372763536547628
4851,2.672784515407032
4852,2.0768050700995984
4854,2.3499414206183333
4856,1.6663737991204834
4857,2.2798488945784743
4858,2.4314503531789518
4861,6.80715890488601
4862,7.434699660654226
4864,6.530884186979224
4866,4.4473469238950125
4867,16.691659927235403
4868,1.345823992786662
4869,3.5270486256008384
4870,1.5041773340198896
4871,2.4472077866249258
4872,2.0895311941169328
4873,3.842751632453509
4874,1.4907195718866464
4875,27.076284597906046
4876,11.315696091559733
4878,1.9849786020186424
4879,20.08932138841259
4881,1.7046519748379996
4882,2.1658353708642593
4883,5.886918693190022
4885,14.384931392458942
4886,1.327166333597517
4887,4.644796784409849
4888,11.334492003353372
4890,3.0556349333219326
4892,3.1169853477201155
4893,2.2373466036410785
4896,14.517542646744628
4897,1.229304277546563
4898,5.373405651186497
4899,4.706532236977204
4900,2.0468362128948945
4902,16.861214068237107
4903,1.2176125741079784
4904,2.225382562396602
4905,7.968823331995585
4906,5.288504521651394
4908,1.8302562856411944
4909,7.708412354687405
4911,6.167208451433035
4912,12.510622748802776
4913,3.6472967969833214
4914,2.0226558784614155
4915,7.9512928973072
4916,3.1097683383667425
4917,4.869349313343425
4918,1.8975085077329095
4920,2.4291745607770987
4922,1.9093541048689389
4923,12.144431372775605
4924,3.5177034266014653
4925,1.2304131005674113
4927,11.626470216835612
4928,6.832285297776572
4929,1.3071333566779655
4930,6.848635407234046
4932,1.6330643850903248
4933,1.9899673449484314
4934,2.227764096276097
4935,1.8570342740502832
4936,2.3480154143889145
4937,1.7215390455736992
4938,1.2568725178936493
4939,2.863877377427938
4940,1.1159369020132057
4941,3.9674815080055312
4942,1.6474386777793901
4945,6.478288612987047
4947,6.179974645572311
4948,4.997287468203867
4949,2.285073539778434
4951,3.7433989306661206
4952,4.974859400596518
4955,5.409601999678885
4956,3.421629310734739
4957,4.483188652561275
4958,1.4395486200979373
4960,10.691494104446866
4963,3.176110111158499
4964,1.4648102476564173
4965,5.306734494929658
4967,4.414755801453146
4968,2.2738671037695823
4969,17.598285313711067
4970,6.011243704876907
4971,4.052944097324689
4972,3.9524587955801285
4973,14.223695768802706
4976,4.569506542391852
4977,6.826783099717673
4978,6.660862360560597
4979,2.0565482803849333
4980,1.7736803690988514
4981,40.45700934445344
4982,2.370586390770173
4983,12.686843381859253
4986,3.776918399061439
4989,2.155544332435913
4990,1.2247448940883747
4991,1.7470076963035464
4992,4.637096161131114
4993,4.1291637276367625
4995,3.747586736842371
4996,2.7247341235030342
4997,2.439187858032879
5000,3.3392417275326602
5002,9.958991151124902
5004,13.831707180575783
5007,6.615978919565463
5008,4.129737349093249
5010,3.1195440370885117
5011,1.7223825561133177
5012,2.3230542091534554
5013,1.5991218649057515
5014,2.0366995934846943
5016,3.714038790272793
5017,2.346803815161496
5019,5.791842606032602
5020,7.748464011494435
5022,1.2715931112517798
5029,6.593280997767043
5030,15.749651648335323
5032,3.2392884009824554
5035,9.934566655621383
5036,2.299662607575512
5037,1.191871044694479
5042,5.117998933163796
5043,5.142149438580539
5044,3.0756805711173794
5045,3.230787210066557
5046,3.191058103167038
5047,7.977514734641694
5048,5.319610688601618
5050,8.305146552863908
5051,3.693332646815863
5054,1.3141546935182544
5057,2.1998599240021286
5058,7.097064406343344
5059,5.646656070121739
5062,1.958768039927491
5063,2.922188525940293
5064,3.020715165002848
5065,3.0744494889483627
5066,4.265016173722264
5069,3.2064674789606893
5071,1.9984427009224046
5072,7.392099909630333
5073,12.646383946791458
5074,3.935480160020804
5075,1.8363842485095003
5076,1.886238493553291
5077,3.9803478123155234
5078,1.7608194058918092
5079,2.9069645508161366
5081,1.9181513277704567
5082,11.70045317931562
5085,7.0778242316309194
5086,7.708477387568808
5087,6.184940863731982
5088,2.5816473395647686
5090,1.917309708810043
5091,2.5927561972030384
5094,9.331386405535877
5096,6.15600179857258
5097,1.1332835926228122
5098,5.837108964086729
5099,1.6668912294098528
5100,8.908052457517911
5101,2.094743737475292
5102,3.998831213520766
5103,1.7523305419453499
5104,2.892268956015939
5105,4.84089920709582
5106,1.2946595720513112
5107,12.391871452933724
5109,1.7557993163347445
5111,2.45989876929303
5112,3.389770600840924
5113,4.1918949782693
5114,6.4733449711416355
5115,2.0714369007621145
5117,1.6473291735853284
5118,2.2800035309812956
5119,9.112880603357555
5121,11.059488713983376
5126,5.607916872936474
5127,4.828943383547433
5128,1.5826548662444582
5129,3.046175359301515
5131,10.193176065582351
5133,1.2517113082962554
5135,2.7805244833079743
5136,1.6211606038428301
5137,5.799990376911371
5138,1.2309900589871656
5139,4.657323028216338
5140,7.2974732982454915
5142,6.622125472900984
5144,4.606368895059955
5145,6.775744016849122
5146,2.0097817277711885
5147,5.3492963335730295
5149,9.045875199821616
5151,1.4987862881286604
5152,2.6319358683804057
5153,2.9744652420650834
5154,1.2462259069931707
5155,18.855913167193293
5156,1.5213392118824363
5158,14.54708998632529
5159,2.6005005927254827
5161,1.5495715394759317
5162,2.650049980236564
5163,2.0878699534111593
5164,8.603515851297388
5165,1.4127956561122779
5166,17.864311766216563
5171,1.474365078972497
5172,1.6993604983564814
5174,1.636214677146516
5175,4.438859350490072
5176,7.701681652082833
5177,13.007413409187233
5178,2.4726684992476144
5180,2.1708684160151575
5181,3.347615790949723
5182,1.2386464979743446
5183,6.750830543337447
5184,5.451079044921479
5185,56.38985781750243
5186,2.9462222420320416
5189,1.952700348016898
5190,2.994564407871939
5191,3.9944993788836443
5193,1.0
5194,2.298611153813657
5196,3.108859923631796
5197,2.4124508448965347
5198,1.7654638060986725
5199,11.760906914115928
5200,1.8942303862446737
5201,3.1877773448994584
5202,1.9685654623353628
5203,6.3840173855596145
5204,5.515787835517867
5205,1.4192107636931688
5209,6.5380956924031555
5211,3.218353643924029
5212,1.5972808170647483
5215,2.360247575895447
5216,1.9418781143830937
5217,8.61061849141163
5218,1.61768306358998
5223,3.4584199198957513
5224,1.6690201917387688
5226,2.3666829497336046
5229,21.255364565628263
5231,2.6292677719651336
5232,13.10943986908602
5233,2.6224502820839457
5234,4.847775745212078
5235,1.9430825233213245
5238,4.3269765669104
5239,6.7758493921254646
5240,5.246144807921528
5241,1.3029556514626714
5242,1.6237293895696623
5245,11.640066940946978
5247,1.2925945026070664
5250,33.81666115686519
5253,4.858609941156104
5254,3.250826707212832
5255,4.545182355345552
5257,3.008928328030286
5260,7.131149601445058
5261,2.4072776533379194
5262,1.156476158892722
5264,1.6543598459028035
5265,1.2973650322198151
5269,3.315743024943824
5270,1.3754732347244736
5271,2.28477038782556
5272,3.7230373274979245
5273,8.638043806263418
5274,3.7113169102790637
5276,1.860535166894671
5280,8.013087610354624
5283,1.8251027101805863
5284,20.75476647868377
5285,5.615058362981011
5286,3.321446297544412
5289,1.1807972909080802
5290,3.2453555705936705
5292,6.181776344821194
5293,4.120239806189433
5294,8.279015434025322
5296,4.078567460336804
5297,1.6681211453074918
5298,26.054554805754645
5299,3.008120507721344
5300,2.532369584957771
5301,8.37731576741113
5302,4.235028296178868
5303,3.0019257985088736
5305,1.4227989177650735
5306,7.240757352755539
5307,1.6672334015430725
5309,3.1358383022214467
5310,4.529108280968301
5312,7.543192003164589
5314,1.0
5316,1.5375168956327598
5317,2.118615853919123
5319,2.251751309863579
5320,2.1073324230452464
5322,5.073801384494581
5324,1.7457709215908614
5325,4.598348135517943
5326,1.4741775914487167
5327,1.230926666519623
5328,1.014048803349355
5329,1.07152756661041
5330,1.477351019244261
5332,2.8727578243071146
5334,3.2605488637360835
5336,4.013694742767276
5338,2.265959701046621
5339,1.8628120486346023
5340,2.961842299692525
5342,1.7953231396510443
5343,3.8232960059426158
5344,1.4858824389555578
5345,2.0535759729375496
5347,1.5566114194978686
5348,2.134370232715286
5349,2.61905025077944
5350,1.210121445079924
5352,1.2503660441085367
5355,2.5949343765745407
5358,6.109594884511632
5359,2.3450502355332326
5360,1.1774436733978324
5361,5.189464735040604
5362,6.0744414532428745
5366,3.8904590243267867
5368,1.8034760861181136
5369,8.970606797357876
5370,3.9277948129497426
5374,2.7335426160991916
5376,1.6036865182684705
5377,12.494213533235207
5379,14.873045488937816
5380,3.6073801635761766
5381,3.0960287195838756
5384,4.743171413616326
5385,14.225904974044441
5386,5.937828667196529
5387,1.764076569316764
5388,7.894011130146966
5389,4.891303227952216
5390,4.3736442728548015
5391,7.317393742747047
5395,7.826137330423086
5398,3.5703029479313306
5400,4.491603161071786
5401,2.5531958340405003
5402,1.5841569529191168
5403,4.034319546845861
5406,7.539918707960606
5408,2.6636990249775736
5410,2.9584865557997704
5411,2.328060896439241
5412,7.8256148170096385
5413,2.070533226108121
5414,12.759996760320842
5415,4.799348921904868
5417,3.140620683113853
5419,16.07481055242154
5422,2.198170480884861
5424,1.0469547332335154
5425,6.114269606650137
5427,1.4254695254163352
5428,1.029963140782541
5430,3.3877127219799053
5433,8.488693924909283
5434,1.4460500858032703
5435,4.073660999842919
5437,7.580752104625293
5438,1.9532315962580427
5440,1.0765326184198714
5441,6.082923456886714
5442,1.0980938807329188
5444,8.450562692108615
5445,1.2552868757647508
5446,1.152945346666545
5447,1.1208425612093862
5448,5.324201624904902
5450,12.056511033977461
5451,4.2921021632114025
5452,18.606972046142136
5453,5.913789387894558
5454,2.3809186030472955
5456,1.6174621801632092
5459,6.59705283892485
5460,3.4364982914657047
5461,2.1916324357916346
5462,1.334259161592375
5463,2.755588610664339
5465,4.272192476551486
5466,3.1492033772591093
5471,3.606062536801931
5472,1.5015206100383958
5473,1.9383070372594167
5474,7.9139338680368825
5477,6.0467733614384
5478,9.892331441289288
5479,2.341034308222823
5480,4.291953857930399
5481,1.3717777390428654
5482,3.545178188731097
5483,2.4084741526100384
5484,4.181565882343895
5485,3.875732903071517
5486,4.09543035871041
5487,6.912757796998997
5489,6.617981962721941
5490,7.879291985835167
5491,2.9698601260055058
5492,1.3249014092745524
5493,2.722917779682907
5494,1.5243952737848812
5496,4.166559776995769
5497,3.6095391953926264
5498,8.645524064016382
5502,1.0
5503,1.0
5505,2.0823846323416615
5507,26.721925768497986
5508,2.1628188621228643
5510,1.322030366947216
5511,1.1173941290503544
5512,7.71690007026889
5513,5.0969861568304
5515,3.390432500734022
5516,1.4333492454486954
5517,1.333209297662794
5518,6.802258701117822
5522,8.903004875232552
5523,5.3199007066162896
5526,3.9765790460357047
5527,2.4210107581519815
5528,10.997507673887393
5529,7.698163059912242
5530,5.8006759880172405
5531,2.029550070538193
5532,2.8091820988335856
5534,1.817014714174474
5535,1.6425282991543766
5536,1.9396706954179603
5537,17.755434720063306
5539,1.542937626677461
5541,2.0312776883629526
5542,4.696502470642998
5545,1.0
5547,2.7350407477784744
5548,8.704677344032133
5549,9.22406870167072
5550,4.463070235264821
5551,1.635709241711898
5552,1.5585030646601439
5553,2.215327115363218
5554,2.9825503519501697
5556,5.758229951479411
5561,8.96088169100097
5562,2.7057224869958914
5564,5.449936208785556
5568,4.406472348841726
5570,2.0959696352638115
5571,1.0005840237064718
5572,2.246425954737306
5573,10.024230870419283
5574,8.517967917135785
5575,2.4783707838289284
5576,2.24401980477532
5578,1.2778713584286485
5579,6.322719121345448
5580,7.812841768567142
5583,5.254407519409728
5584,1.0
5585,2.660784019877562
5586,1.1751333565710362
5587,1.9360940864381893
5588,10.979886528051413
5590,2.0146466575637
5591,7.198154218623204
5593,6.32725078637042
5594,2.184493356294009
5600,8.29277871779258
5604,2.4459760749063424
5605,3.6467297510563537
5606,2.440582502753583
5607,1.8317401110563
5608,1.7893583560292776
5609,1.788678024210501
5610,1.6073165100692108
5611,2.9258036756526997
5612,5.5317075699511795
5613,1.5312675915446854
5614,1.4021211290330864
5615,11.462010321893498
5616,11.273397442413662
5617,3.237937206188088
5618,1.7235395469979014
5620,1.7470135911105782
5621,4.120004662045047
5622,2.5333719478001115
5623,1.4024424086483533
5624,10.875674854554076
5626,5.502013534066522
5627,31.39769308752834
5629,8.209902976182265
5630,3.144795483288193
5631,7.9057508974449675
5632,2.334012984016315
5634,9.570295915496827
5635,11.031768757210248
5636,2.928521801815142
5637,15.942270981735714
5638,8.716450467272628
5639,12.5442888762623
5640,1.7612084403634662
5643,1.89361188959046
5644,1.1766916051711707
5646,13.185119165982595
5648,2.9162658498275498
5649,10.132759502761777
5651,5.4537214521356026
5653,2.50650326767589
5654,1.7211609279254652
5655,1.4136681614223463
5656,15.33183886996157
5659,1.7893314066698078
5660,1.9787712530281214
5662,1.3150269014051708
5663,3.2635240192570167
5664,1.4560225455742972
5666,2.2341428730932247
5668,3.2564336752496414
5669,5.618016015142423
5670,1.9881625972987174
5672,3.1848167838436083
5673,1.7855548712489233
5674,4.4680117186239166
5675,1.2563267176887054
5676,2.9201196838371533
5678,1.2746014595352189
5679,5.060491614568991
5680,1.8200220442695252
5681,17.480384337054954
5682,1.9866809298153012
5683,5.364311445376277
5684,1.7850800458299916
5685,1.6284214536184936
5686,2.2061159715956715
5687,16.35968775457016
5689,4.733485143910756
5691,7.33002404232924
5693,6.038152927512381
5694,50.39352074286215
5698,2.0997488487272844
5699,6.233316590112463
5700,2.1552914499941243
5702,3.6126132063194003
5704,2.5941181887380345
5708,3.926603193301227
5710,1.9796746562707837
5711,1.9103648224332688
5712,1.345153752792554
5714,2.1312978377321623
5715,9.278449459018159
5716,1.3916480037531704
5718,2.7834485228395764
5719,1.6809988791731114
5721,3.550442841158658
5723,3.1307440285265096
5724,1.5982619166031249
5726,4.858564792699979
5727,2.396637452774581
5729,3.897962598101703
5730,1.1773228877839332
5731,1.6878052007134676
5732,6.25419937570301
5735,1.6324238747623157
5736,1.4390785359558145
5738,1.6084295706984955
5739,7.248896345057792
5740,2.3854180943756886
5741,23.830851477016882
5742,6.631127217416493
5744,5.394997758476148
5745,2.4079038982262486
5746,1.0
5747,1.6801773756095177
5748,12.096925432784577
5749,1.78783125586709
5750,3.390024161059981
5751,2.2196375436628117
5752,7.128990203354685
5753,1.8857867558056332
5754,1.3961000769515168
5756,10.823923410497507
5757,1.5412728879804225
5759,3.5773852420063985
5760,3.929515191892373
5761,2.505271489257821
5763,9.172195838520498
5765,3.1771242511152016
5766,1.7536373329531283
5767,11.523013303615008
5768,3.6442160818172207
5769,22.7630723142553
5770,2.9653033514532585
5771,18.416139868326432
5772,1.9940102809799152
5773,4.435627869786483
5774,1.5613717508623268
5775,2.1192130558304156
5777,2.458829244454849
5779,2.0529970670358737
5780,1.5009614139666796
5782,1.3966805278906216
5783,5.391091676575939
5784,3.656603107126331
5785,4.143653902733783
5786,2.090048711758437
5788,1.6741170247022636
5789,5.216075138762909
5791,8.89748816674813
5792,4.732058973708335
5793,4.841305017985286
5794,1.0542759747133188
5795,3.214045354303721
5797,6.964826718819888
5798,3.4229091017857454
5799,7.665508137523179
5800,6.1842309071962625
5802,8.410457392090441
5803,1.9109174316474096
5805,1.2866030427972313
5806,4.576239697780348
5807,15.413708235513843
5808,1.8426001745716
5809,1.0
5812,2.4110880698217523
5813,2.464219400526672
5814,4.290425146352668
5815,1.8309514098155786
5817,5.580116049560092
5818,2.231755179155518
5819,5.5284299942559
5821,2.5608227950754108
5824,2.2300392404433547
5825,3.665140171664124
5827,2.4042356741001503
5828,8.452980278323784
5829,1.270469330642571
5830,6.2416522693239544
5831,27.71947181593702
5833,8.00967804680304
5835,10.074269704227877
5836,2.0666203508384346
5839,1.7873997716983618
5840,14.260187466946297
5841,3.6332834097895783
5842,6.805400857017759
5843,5.8604446362179665
5844,4.993796430248232
5847,5.781564921891087
5848,2.6214416388588897
5849,1.964814508072147
5850,1.9158214672848
5851,3.6646304253543125
5852,2.6374777875896855
5855,8.897245684125348
5857,5.699230946999488
5858,1.8361125112405565
5859,1.0
5860,3.1699342028216586
5861,3.3113599318876674
5863,2.296336982493926
5865,7.315674600782613
5867,2.015555654060931
5868,9.536848987819972
5871,8.771443181207763
5872,2.5159553888008888
5873,1.7516678130842716
5874,1.585545727300126
5875,1.2511657357927832
5878,4.235437437304627
5879,2.2398618608746457
5880,1.8890361476509383
5881,6.495254790438953
5882,1.6325025214665134
5883,3.3333634816806907
5884,2.3280422798480616
5885,2.235761784830934
5887,2.1036678970222313
5889,2.8074370353510045
5890,1.8337216046707172
5891,1.928575603727662
5893,1.2125896746624902
5894,2.302824926099524
5895,1.4459321717181788
5896,1.4283322514422794
5898,4.9491281716906785
5899,1.6718968458358938
5900,1.5983978043916178
5901,10.461879045693063
5903,3.360671507863573
5904,56.80022048116335
5905,3.427991504991924
5906,1.2859971508480401
5907,4.267856191803659
5908,1.8102579955044702
5909,1.3794138392452564
5910,2.7781650154361213
5913,2.034390733871759
5914,1.3027595297784027
5915,2.7073523749548016
5916,9.464363694451713
5917,2.4078522020084394
5918,1.703117071988167
5919,8.382951919399888
5921,7.379013794794999
5923,6.188176378994322
5925,2.850852915960514
5926,4.89035137571896
5927,1.2526506315989259
5929,2.512928798051447
5930,1.7263914470963317
5931,2.625184798806433
5934,3.1148324375724785
5935,10.857396040973686
5936,2.119811996420453
5937,1.7559196294804682
5938,1.100613617269744
5940,3.5359912740814856
5941,1.5144773673955196
5945,3.0136840719560105
5947,1.3908284074073622
5949,2.077791105575571
5950,6.52639015564392
5951,1.8837097397139755
5953,8.36632088823473
5954,4.804205075024069
5955,1.6254797067115323
5956,3.9049444845076913
5957,2.067183342376271
5959,1.1350676927522372
5960,14.08148996994793
5961,33.32385676751501
5962,1.8577487135919455
5963,1.1583532114228139
5964,8.147464356133128
5965,5.280044033301281
5966,1.4864922918308714
5969,2.89194256422249
5970,7.664613052560976
5971,4.991500782193587
5972,3.0373258302680917
5973,6.556364020175616
5974,4.26583025474225
5975,1.1798966443216323
5977,15.261518932653706
5978,10.520082188353227
5979,2.464792126046993
5982,1.0834343368438644
5983,4.642482554274613
5984,1.9465518479184423
5985,6.950881240173845
5986,12.412322347548466
5987,3.027930306402119
5988,1.7491398839157877
5989,4.122807499044589
5990,1.0388364537735912
5991,2.24672834025869
5992,4.2380269059255955
5995,1.2644813672321438
5996,2.0547048938236023
5998,2.283653488033336
5999,1.892216251599294
6000,5.286879101850368
6002,3.0976168893670297
6005,6.276517228741512
6007,6.3091148218625674
6008,12.675572152980362
6009,1.1534819767779003
6010,1.3330188838789634
6011,3.8104761770838484
6013,4.331426088149313
6014,4.761486049506411
6015,4.761486049506411
6016,4.761486049506411
6017,4.761486049506411
6018,4.761486049506411
6019,4.761486049506411
6020,4.761486049506411
6021,4.761486049506411
6022,4.761486049506411
6023,3.7732348695205795
6024,11.996974511769574
6025,2.4949490385630195
6026,5.580025936121045
6027,2.866789854150205
6028,1.5429690063581971
6029,1.0
6031,7.464887305690265
6032,2.3543403129282336
6036,1.5269088801048865
6037,1.3874858904928293
6038,3.820207641927327
6039,3.341923612408451
6042,1.786235229027297
6043,5.753918383453943
6044,9.500954947709266
6045,1.5050091227175442
6046,8.90526744116341
6049,11.69366873886039
6051,1.952306227370308
6053,1.807160858910033
6055,6.101563638412579
6056,1.3045425450873889
6057,1.97114580517196
6058,1.785808954171625
6059,7.427561433859993
6060,1.5405816961184753
6062,3.041394891912079
6063,2.715964844309592
6064,2.5380616006150505
6065,1.9072880387124036
6066,3.9833492358977716
6067,6.267675563463508
6069,2.1809217140615846
6070,2.417271176353135
6071,2.0475242353352106
6072,2.234301634761161
6073,5.777167070017649
6075,2.378339070005304
6076,2.339298040084877
6077,1.2034687208964256
6078,3.3209244880705793
6079,1.219402114300597
6080,1.603893347673006
6081,1.4648330479780147
6083,1.1877740160993364
6084,1.7476334279207335
6085,1.2026527148300286
6088,1.9028499095080573
6089,6.673439232565277
6091,4.432804594295388
6093,11.569289731812429
6094,1.4632464211782494
6095,1.2521766696743446
6099,2.3715101075797227
6101,1.3853756900791716
6102,2.657701856362215
6103,1.8781468971559647
6105,2.9933417628499366
6107,7.936383513244783
6108,3.127441542190209
6109,4.81653985374197
6111,1.673892443373093
6112,7.50138173688462
6114,3.1210214419575517
6115,2.923074364507889
6116,3.126658853716722
6117,2.950882373347405
6118,16.17293319702344
6119,7.18602034272434
6120,2.3537053094541847
6122,2.3914689200885904
6123,1.6646100206707755
6124,1.5500592601869994
6125,1.4080379582610756
6127,2.418236849964797
6128,3.444725595101262
6129,7.901598226960747
6130,2.5061847407553173
6131,20.319808060701117
6132,1.247802539741239
6133,3.071555073325879
6134,2.2425432173096236
6135,1.7627535524450983
6137,5.4575763203040415
6138,1.9051410422407875
6139,2.704181555206547
6140,1.266107039670988
6142,1.2458635783532406
6143,5.5155137523690065
6144,3.838431797407546
6148,2.723110812365458
6149,7.027020325231241
6150,2.992144040052987
6151,7.927570416531514
6152,4.724216270231523
6153,1.6326326973274548
6154,2.4505334130114322
6155,1.3038572542026878
6157,2.6288704443343347
6158,3.918790736816194
6159,37.863343547079864
6160,1.2241993026973408
6162,4.593065510742986
6163,1.7005077888857285
6164,1.169993058459419
6165,1.620343337047798
6166,1.2433131886389528
6167,1.5000688187972537
6169,4.350588901749207
6171,10.480234754943826
6172,4.5839123330951885
6173,4.1534794751169715
6174,1.4529026234555487
6176,1.3699842294940257
6177,1.3317846361979917
6178,6.477614097942245
6179,3.0715961705275965
6180,1.2657822294156273
6181,3.9377535100685943
6183,5.74941388333138
6184,4.646758011650049
6185,5.320657004523071
6186,2.554498745755498
6187,1.3793341545628566
6188,1.0851662251833585
6189,4.429752917281437
6192,1.2997770068403751
6193,1.966285767037298
6194,1.991922482138401
6195,3.1439306385703265
6196,7.2696568965319575
6197,1.1777453525028108
6198,4.980042502758594
6199,1.4647158393773565
6200,2.2263305329378476
6201,13.934381766161387
6202,3.0793423015426074
6203,1.284060287946626
6204,1.363046753963287
6206,2.9432203287748164
6207,2.060146088976416
6209,5.077467437881785
6211,4.677937613373921
6212,2.087078713267867
6214,1.8610763447135292
6216,1.9632831236903077
6217,2.1378474017847267
6218,10.154629313140216
6219,3.190833291884821
6222,1.7244671676639445
6223,1.7065962867304878
6227,1.0
6228,4.328759232443501
6229,10.621715038737731
6230,8.69144991778339
6231,1.7786634274907038
6232,1.2613566481973848
6233,1.8123492602841662
6234,3.4823274224310152
6235,2.715136116966507
6239,3.04740895791799
6240,1.800088376791177
6241,5.852626582267206
6243,2.1640265604088498
6244,1.9161878744830727
6246,1.8654908096337726
6247,1.6278291083049587
6248,6.952669634703884
6249,3.0202681538650804
6250,6.340000112813705
6251,13.343287847793643
6253,1.0964559113318593
6254,1.750571623728523
6256,3.017399310416451
6257,1.2129267141361824
6258,8.292913991887794
6259,1.4140440823624552
6260,4.138544972460686
6261,2.832925439527629
6262,2.9996528805452187
6263,3.5386526929873616
6264,1.0690377103823279
6266,3.6769906408978748
6268,1.1688601890583812
6270,1.3651923478740182
6271,2.76608622022168
6272,1.3094758391144348
6275,2.557494472372
6276,2.3216512527207374
6277,1.2787100164273129
6278,7.583630814975787
6279,7.126559850113459
6280,22.441523194258135
6282,1.5841112618545916
6283,17.916576613307495
6284,5.123636817700784
6285,3.3168686196495494
6286,2.9841183021920124
6289,5.439660651143157
6291,4.455918039007741
6293,6.76006632595926
6294,36.14804666353167
6295,7.964155905375726
6296,1.824248013580439
6297,4.598452733480441
6298,1.0
6300,3.527394627791697
6302,2.5604770040286304
6303,1.756529744377873
6304,1.266070387847268
6307,7.667053580707317
6308,2.3845448607292847
6310,2.4657297633618955
6312,4.591844456457507
6314,2.091457113513493
6316,2.614420783257351
6317,1.7178850013859845
6318,1.311359090885064
6319,4.8541900135727944
6322,1.455166125472576
6323,3.798728687324355
6324,9.8476909354227
6325,1.5557956884629573
6328,5.9098035508544235
6329,6.928597571819939
6330,1.747538343946243
6331,2.2611244476769894
6332,2.290944847088566
6333,4.555440423734283
6335,10.386233785743993
6336,1.7719238888486908
6337,1.63930614657042
6342,2.6910943380732895
6344,6.341028162368156
6345,4.0939324402213835
6346,2.067900690824853
6347,2.8008827562059233
6348,1.7263972341449783
6350,1.8600865517048388
6353,6.459549203300156
6354,2.26646825973777
6356,5.035580079508654
6357,1.945314296326893
6358,1.8704826161933734
6359,7.655735062908373
6360,15.25832330215169
6361,1.8352687442084972
6362,1.4425711797529759
6363,1.5594144569984882
6365,57.90916952819618
6366,1.9272509497519714
6367,1.4246215281251204
6369,8.54031744138523
6370,2.2597813339350994
6371,7.495052104769018
6372,1.5889704381544474
6374,2.485298023267546
6376,2.726932118102174
6377,6.027607911422619
6378,3.1936138802564478
6379,1.848011430933829
6380,2.471116192093026
6381,1.6693875448360138
6383,1.8444758686051943
6384,2.4593606732756546
6385,8.035758712503139
6386,2.790834036187525
6387,3.5482324914061807
6388,3.9583036344604925
6389,3.392196187520122
6390,1.4050097764802614
6391,1.9831304417836502
6392,10.01857782999882
6393,1.2342322829652697
6394,1.72975244810964
6395,2.4269860940029346
6396,3.076863119934696
6397,1.2927170660997978
6398,1.6811641013333747
6402,2.0649171154915837
6403,2.019427092233004
6404,3.9136097417321
6407,1.882968949185323
6408,2.164869863521094
6409,5.684418854198889
6410,1.506009131586454
6411,2.4139549395208753
6412,1.427563697793189
6413,2.0828635791664927
6414,6.889709977582147
6415,5.627135076314796
6416,4.8937108234799345
6417,1.4480802526549226
6418,3.1297588432386343
6419,1.9326705918835367
6420,1.2236492129245733
6421,7.225551842439102
6423,1.4946939898282963
6425,1.328156054943961
6426,3.575797067298992
6427,2.787742057076766
6429,2.4535553362666898
6430,1.529207260693788
6431,1.0
6432,2.00973337113481
6433,1.2438814185015041
6434,3.543563554828171
6435,1.3510107869406878
6436,4.835623785461982
6437,1.0
6438,2.232203015124107
6439,10.534853946097272
6440,7.629282300858199
6441,1.5943982734228241
6442,9.254268014664644
6443,4.876820664466537
6444,2.552951012671012
6445,2.3701206837774285
6446,1.306844449519052
6447,1.7869855055538237
6449,6.941476089011033
6450,4.824784244229691
6451,9.13053530382606
6452,2.614194941561615
6453,1.0640424905271055
6454,2.025720484754352
6455,2.065870843149913
6457,5.221911539166928
6458,6.772688258527253
6460,2.3413542378854553
6461,5.242767308185135
6464,1.4154768171757082
6466,1.5311699610003597
6467,9.805375697782189
6468,7.458443656310837
6469,1.0
6470,2.0024123409252055
6471,1.4301476923877008
6472,2.750676049257266
6473,2.5830317551133346
6474,13.761445968668497
6477,1.985203685794584
6479,6.134439079893465
6482,2.5668198357291203
6483,1.4183763396760598
6484,1.4325225780813635
6487,1.7276201572204708
6490,1.5488553616832283
6491,1.080978094890495
6492,20.515872640533683
6494,4.69451515259983
6495,1.235463828538793
6499,1.3118739022907953
6500,3.478629814900396
6501,1.79795900578772
6502,3.978062124967505
6503,1.0015258048547617
6504,1.9756779658815216
6506,2.4788305406508884
6507,2.5391346481916544
6508,2.6711511387155276
6509,1.8230146252635426
6510,1.312405092616867
6511,1.154677652870085
6512,1.0976418856245131
6513,6.554118378233066
6514,1.542461245640008
6515,1.9148959939015062
6517,3.205176701567995
6518,1.0424805733867633
6521,1.4869864785081868
6522,3.4837464365414337
6524,14.264061155266479
6526,1.7317856424135332
6527,2.14624818654365
6529,3.0038808197493148
6530,7.939101072180141
6531,1.2371114397808978
6532,17.84525120314697
6534,1.8601168294896286
6537,1.5841288271305758
6538,1.9287865564683555
6539,7.484395815513894
6541,16.769157940325442
6542,1.4520139156540293
6543,4.098751650116816
6544,1.445482064871433
6545,1.0
6546,5.585730857552302
6547,1.5046290100870103
6549,1.0
6550,2.5830550752647023
6553,1.8028989507482673
6554,2.1773288012800194
6557,6.707798195349266
6558,14.164816314077466
6559,2.325949778016396
6561,1.5442500671762889
6562,3.6252463954351604
6564,3.368002548149758
6565,4.381038614736593
6566,5.582849202216848
6568,4.7813085384736285
6569,3.8707576533768964
6571,1.589938818696293
6573,1.2489652854928064
6574,2.1546540661601425
6576,2.143262271052414
6577,1.7151167609892015
6578,8.187989969018217
6579,1.7923026038818048
6581,2.8170545065731116
6583,1.802436847359865
6584,3.783602700556821
6585,1.613776773252967
6588,2.315379785498146
6589,26.988202121952277
6590,7.303228092749205
6591,2.6570976751342514
6593,1.6877484578948807
6594,1.5941759016950132
6595,2.437857056954555
6596,3.880877437018232
6597,2.725683927125762
6598,3.3818426877888665
6601,5.243090328473476
6602,10.264189414877798
6603,4.480687052328544
6604,7.974471183763068
6605,2.3139962454649363
6606,2.7138527699491806
6607,1.4759069704295258
6609,14.519523133070335
6612,1.7666891017900237
6613,3.3662852220602004
6614,6.184940863731982
6615,4.597077551209112
6616,1.3855566575025522
6617,1.6854884974173825
6619,1.4657640495008408
6620,11.173674498161812
6622,2.5631109821211324
6623,9.166759106979073
6624,12.362466760891024
6625,13.055086981993009
6627,1.3927685915485237
6629,2.626474172766792
6632,2.084622586329565
6633,4.169453735499851
6634,3.112104162074656
6636,3.462333504608934
6637,8.396459171869962
6639,9.670715519639423
6640,1.8001565909374775
6641,1.2482857608855773
6643,1.985683155928308
6644,5.137401413825397
6645,3.350091252846854
6646,3.471052678392126
6647,1.6622840777752184
6648,4.521171116662539
6649,2.5005317095133766
6650,2.0056014486148706
6652,1.2497465352434975
6653,3.4230038929963937
6654,7.573577792010585
6655,2.7172759579708092
6656,5.671707119696468
6657,7.681725489710667
6658,5.815624044380123
6659,1.211269176664295
6660,2.946785984227688
6661,8.943384044697623
6662,2.954819600473073
6664,1.0
6665,7.499858786119138
6666,1.5127398204311906
6667,3.096970977531084
6668,1.1497218519877113
6669,11.493602181248296
6670,3.8355841828055057
6671,1.8486632157514309
6672,2.2860640853343717
6674,7.941459313979997
6675,3.3468841408991974
6678,3.4464527124100157
6680,2.0508992078082207
6681,1.988082561494695
6682,2.3083652594158517
6683,6.697252124593286
6684,4.298604587419316
6685,6.560115358237009
6686,3.887330858893796
6687,1.5709298916133296
6688,5.645746072985278
6689,2.5198823980095413
6691,18.866389575158784
6693,2.0402199058672417
6695,2.3138486164525562
6696,3.6304805577369104
6698,5.948158908705359
6699,2.071153700734581
6700,1.8062463655933316
6701,3.3381826008832145
6702,4.992637344072472
6705,1.6276580082364465
6707,3.078058562602199
6708,3.921526911208893
6709,47.93270460264082
6710,10.504178352236357
6712,11.563640307654152
6713,2.327797986529841
6714,1.6367300247152592
6717,4.420179641879225
6718,1.9540518446838013
6719,2.701234318533234
6720,1.9241678534512565
6721,17.378421256723648
6722,3.0033256905601067
6723,2.835001186719204
6724,1.955839203723982
6725,1.0
6729,14.551288948141975
6730,2.930566780606233
6731,11.477898445341612
6733,15.520619757762937
6734,1.0822720503484426
6735,2.6097087346041548
6736,1.0
6737,1.880098244641175
6738,2.0729298802293012
6739,3.580376030707464
6740,4.571146081615557
6741,1.8413208657199416
6742,1.5674875544767046
6743,6.789103278765708
6744,3.6777487257167705
6745,7.2210957076351265
6746,2.6748316998121466
6747,2.174515259101815
6749,2.726915085175945
6750,1.9796492565636867
6751,2.274272764632887
6753,1.7680682524870848
6754,2.2294978328758037
6755,7.536964789069643
6757,5.561196393641688
6758,3.980865102502008
6759,7.804713548144023
6760,1.821905827696294
6763,1.5128450067875552
6765,3.307047522354809
6766,3.702581022428774
6767,1.1573513477904573
6768,1.695009577877742
6769,3.0171288637775304
6770,3.1245356419432215
6771,3.015295198295219
6772,7.915259157410667
6773,1.2204569676406947
6774,1.7171859460614158
6775,2.3834716135874325
6776,1.7936891698125725
6777,2.440160979335167
6778,1.7074286020304765
6779,2.9900861387538566
6780,1.5271698222199246
6781,5.835298395854576
6783,2.6081407861272377
6784,6.2400751135002865
6785,2.824076265829889
6786,2.766182316520559
6787,4.4778087686996475
6788,4.320486854775667
6789,8.365618123783817
6790,1.9680159662405678
6791,1.0980233496129732
6792,1.5018416888043962
6793,2.311721122938273
6794,1.1485985696826404
6795,4.3846355440656355
6796,2.5587142058639354
6797,1.6140729935305338
6798,11.138667456873716
6799,2.211023652361801
6800,2.504179951378635
6801,7.49077021422791
6802,1.7099754641333014
6804,2.785669567361208
6805,2.9163862952298865
6807,2.3566588315841326
6808,6.781253632092008
6809,3.3067187473356205
6811,9.954621372285342
6812,2.4874199447594774
6813,1.964320175381309
6814,3.5332669383883246
6815,2.7847336920135657
6816,3.663077511745292
6817,6.509435125554843
6818,4.525860646941673
6819,2.216668446104702
6820,2.225254282921916
6821,1.7982712035474795
6822,1.0
6823,3.4326892003139253
6824,2.844988433578032
6825,2.1870964793383547
6826,1.4954078119910117
6828,1.2612223980380095
6829,1.790527739256626
6832,2.6198779187684043
6833,7.85636794887439
6834,2.9305170187675245
6835,1.3180322139172924
6839,1.493448018047421
6840,1.587604449571584
6842,1.9451058085344277
6843,7.374729183819459
6844,4.972778663424203
6845,6.8036120760409275
6849,1.2632523622503398
6850,1.4959795582846258
6851,8.086940956072649
6852,2.650135083994604
6854,3.7080226824294575
6856,6.598177168871074
6857,1.801679902018448
6858,2.886130216087383
6859,3.2696392204049682
6860,6.050045866855112
6861,3.878533788545949
6862,1.4696232588469231
6863,3.807576760579814
6864,1.6880075091374949
6865,2.367310612959006
6866,6.802607262918385
6868,3.739959620651534
6871,10.69251424682587
6872,2.8975082270906167
6873,1.1155497931622647
6874,1.3053210284063348
6875,2.873357006644641
6876,4.425817998504704
6877,20.12317333602553
6879,1.1129768681547687
6880,8.992541429343609
6881,17.430890020273072
6882,1.3149518709694126
6883,2.7908078825473903
6884,2.4085603501314097
6889,1.330035849974403
6890,2.4251258879223747
6891,1.405487962540626
6893,4.552763183919652
6894,1.4827391568803676
6898,5.097166461678502
6899,10.538576517228353
6900,12.073218107858413
6901,3.385577719217933
6902,10.961245376098182
6903,2.367229572761716
6904,1.626367936302143
6905,5.0880145551965565
6907,3.3243691940333777
6908,8.172980709665097
6909,7.86629114311913
6912,1.6341118097440779
6913,4.344770353794912
6914,3.101390818352574
6915,2.5571716707246077
6916,1.9611740089011225
6917,1.430134812255238
6918,3.601208019166056
6920,5.003353291601545
6921,5.5379940653583
6922,4.563581874998099
6923,2.304931269303024
6924,10.109865076469385
6925,2.0005038452147534
6926,4.487141969552358
6927,3.9058943401916744
6929,1.5767843455316664
6931,9.371496738801534
6932,1.6843526262297284
6934,1.0
6936,3.3256358835908246
6937,2.985667923970082
6938,8.067699609924258
6939,2.3345419123364133
6940,2.64848526571727
6941,3.060375741799787
6942,6.3930297589004565
6944,5.577638531527777
6945,2.367052415960201
6946,3.215184032307452
6947,6.640546542957621
6948,4.511545169590684
6949,1.7797538134797874
6950,5.532760971739039
6951,7.434819266243593
6952,1.0
6953,10.996560925462056
6954,4.831413011879806
6955,3.9942483905055113
6956,3.447828711645131
6957,1.731069300147361
6958,8.69502886284908
6960,8.365714747955169
6961,2.8170744477962413
6962,1.303861418726717
6966,6.721479646067835
6969,10.759380138156072
6970,1.043341037442664
6972,8.745613640425539
6975,2.0772868673793257
6976,4.8199262250723525
6979,2.641840285651919
6981,1.6772771078701196
6982,1.654163433515314
6984,6.052282592321751
6985,4.906992685407785
6987,1.0
6988,1.8682082526629433
6989,1.7426706084777677
6990,4.633024728257907
6991,2.1270854925639946
6992,3.7645348210447236
6993,4.803976977599406
6994,1.9810887938226645
6995,3.8811744022264127
6996,9.66307324661431
6997,3.69623814394966
6998,6.322527289170614
6999,5.278784150955527
7000,2.177610587262568
7001,2.626429338445779
7002,5.072805834710936
7004,2.2321461303422137
7007,3.2161403559206603
7008,4.029227052149524
7010,7.468380001946474
7013,1.6772963276182018
7015,1.5128779668360428
7016,4.257416084335594
7017,1.4029755069885832
7018,2.1633840739341363
7019,17.6954189553799
7020,1.7046611151346327
7021,3.3438760486757975
7022,2.41273552570011
7023,7.013854171505479
7024,1.612975839076328
7025,2.084242996359416
7026,1.8744016799864114
7027,1.4475956251554425
7028,1.2195609340847025
7030,1.6501060793848432
7031,2.7392226691005077
7032,9.355403542066842
7033,2.012353467426206
7034,1.0
7036,5.60650053437747
7037,2.6256281961432597
7038,3.4582582168522253
7039,1.833965987381113
7040,1.1224580578998484
7041,13.646480741459616
7044,3.4643721839470625
7045,13.606010106175823
7046,2.123592501513858
7047,2.2788426532675863
7048,3.6299688113887156
7050,1.5051742482613608
7051,1.7811717816126706
7052,1.5111992569036126
7054,2.29298358224032
7055,1.5859495675220159
7057,6.93810927695415
7058,3.492539799934006
7060,2.2779271699036663
7061,2.381946905389501
7062,1.5401414745095694
7063,2.5266460616439907
7064,1.0
7065,2.2149993857962476
7066,1.0294726532094167
7068,7.12556292922889
7069,1.4981468896288543
7070,2.7327881842677795
7072,13.459573724618105
7074,1.8520819571629412
7075,17.97765316368998
7076,2.5621741220030674
7077,1.9114234452733185
7078,4.944754191952402
7080,1.0
7082,1.4755068780715934
7084,1.725023044029957
7085,5.229864094178414
7086,4.35291279076123
7088,1.986059772970101
7089,1.4014903897140294
7090,1.8368782372645323
7091,3.2170799994509487
7092,2.246653052484182
7093,4.272043007847122
7095,4.900258963355574
7096,1.0
7097,2.4019668524917317
7098,2.3785458686756233
7099,1.6693557744917995
7103,5.495827682417588
7104,8.784104037470199
7105,4.394836015069538
7109,2.260060916590944
7110,5.436819845356885
7111,3.3358964804952715
7112,1.3463599154837058
7113,13.088472346460517
7114,7.6540939964715795
7115,5.6680078721542575
7116,2.1970042026324017
7117,1.6550554469401948
7119,2.7970475710845064
7120,3.233889855457746
7121,6.992081521097828
7123,3.4560775186738417
7124,1.4096079322373312
7126,3.9597709514202943
7127,3.3711280567540722
7128,1.9612487177373539
7129,1.3154376285183125
7133,2.466877509793697
7134,2.499738574813599
7138,2.200100678180718
7139,8.024241336228439
7140,2.8661323285333733
7141,2.5949048943444444
7142,1.3609558802382802
7143,1.2691460006996986
7144,2.363387462386063
7145,2.2006816841118986
7146,2.1998679839439323
7147,7.085405069781412
7148,2.877073945725907
7149,4.280129229372327
7150,7.186513006491082
7152,1.6448684640470412
7153,2.040152310016099
7155,2.215210249013275
7157,4.6432178248571745
7158,3.1263605690056337
7160,1.9515774324433934
7161,2.8702269632046638
7164,1.6022503608808067
7166,2.198598301686281
7167,3.5571552460298212
7169,1.693404571338871
7170,3.3639738509446833
7171,2.3613988929980176
7172,1.3062521122573922
7174,3.284254663636425
7175,8.46170959164431
7176,1.2703395510953273
7177,2.8612264851814846
7178,2.930556463050357
7179,5.766489609806847
7180,2.0198438338066995
7181,1.601896172439292
7183,3.489060003928756
7184,3.2255363129985057
7185,1.3415143619549386
7186,2.8081046074641414
7187,2.2177336613070784
7189,5.423789258189909
7190,2.4678201296684863
7191,22.783249864697034
7192,9.745337661164802
7193,1.5762248386599802
7195,4.216203774397286
7198,1.6500978370366877
7199,21.40449022813384
7200,1.5142374837187573
7201,2.57090938144091
7202,2.241937455215141
7204,7.48183744477847
7205,3.2256672736333347
7206,1.0017798050002398
7208,2.0042492833636714
7209,5.7325305375057525
7210,3.7780502900684665
7213,1.327533630732242
7215,49.161750087643405
7216,1.9778723682547332
7217,2.8704679762334497
7218,2.1763102317323195
7219,1.4069706465533502
7220,3.9016720301735734
7221,2.1547458521702882
7222,2.058885496973503
7223,2.0879870614500393
7225,1.4940517438903311
7226,1.885219651379222
7227,1.408640354311259
7228,3.159039802214565
7229,5.322443924028382
7230,2.044858768726358
7231,1.041119577833043
7232,3.8496226911966787
7233,3.8854810129246875
7234,5.689450227861382
7236,6.55114319106504
7237,2.098725923573032
7238,3.3963229409958484
7240,1.3384254423110358
7241,11.683875145881014
7242,3.002359952828971
7243,3.719410233055685
7244,5.405286584961351
7245,5.483188070223943
7246,1.7873802341103733
7247,2.1111970601731227
7248,6.027098531451163
7249,7.040504955649905
7250,1.698890262532845
7251,1.2786858574208324
7252,3.9118583760749344
7253,2.4636622848629544
7254,1.2794892215130027
7255,1.9636614676844082
7257,2.1230839354090234
7258,3.511592882075973
7260,1.40736359133088
7261,3.217041602217867
7262,1.8397328056804703
7263,7.227040011451765
7265,6.121900917650306
7266,1.526440391840437
7267,2.2810959965477386
7268,5.823154046542864
7269,7.4611544522481745
7270,1.7227478352292454
7272,2.128066242423868
7273,6.395851133687408
7274,1.351167287115307
7276,1.4823117218853223
7277,4.975318881940524
7278,5.928708706515049
7279,1.7363361341039414
7281,1.7534287044019081
7282,7.935506709564928
7284,1.738127322105367
7285,1.7082859511392952
7286,2.876577834116876
7287,2.2304380698920436
7289,16.56662455711249
7290,2.80937832822049
7291,1.8425155683754244
7293,2.8621943921764506
7294,1.0215892146203105
7296,3.5330404252277425
7298,2.046444678771343
7299,2.0617023284199405
7301,1.909012722703945
7302,2.2845480025474534
7304,1.2079285410345049
7305,12.41091990820285
7306,5.381845615552121
7308,1.8365489874375962
7309,1.6778800968916754
7310,6.3727164906184255
7311,1.6433542274546933
7312,2.818114163215509
7313,3.6371408423551634
7315,24.44615436324019
7316,2.1181646033810275
7317,1.0210114073864174
7318,1.904927036619065
7319,3.466882926370834
7320,4.941238383259064
7321,9.772879182740503
7322,1.1061223412347538
7323,2.075281501233653
7325,9.741823655390725
7326,2.1063373758263677
7327,1.7572174573303325
7328,1.5380590307881068
7330,18.352345135123088
7332,1.5556447521858587
7335,1.58428821681669
7336,1.6506869808335105
7337,2.903157649352967
7338,3.3960307963420866
7340,17.455697312122325
7341,4.133759369725395
7342,7.645435824303465
7343,4.761486049506411
7344,4.761486049506411
7345,4.761486049506411
7346,4.761486049506411
7347,3.7732348695205795
7348,1.2539916949612282
7349,1.7299292319902912
7350,8.846756559552972
7351,1.6478061188198057
7352,1.4332390459743076
7354,3.634287016103441
7355,1.4482057744400345
7356,8.08616795391407
7357,1.7671153065478824
7358,2.326576471448298
7359,3.746612754313372
7360,4.10073202840288
7361,3.1480796246357245
7362,1.853502646503084
7364,11.862425960593574
7365,1.8466971344901857
7366,1.0320559062581354
7367,6.377919597323619
7368,1.4701252898155197
7369,5.6772536485857374
7370,2.9623655618918123
7372,4.059145592529369
7373,1.9854150364377394
7374,1.312647454201762
7375,1.898289122528274
7376,5.9885676286931995
7377,4.991109761081051
7378,21.426800318949475
7379,2.9465631957110165
7380,1.1907476921308797
7382,4.156005272337835
7383,1.567738249307811
7384,2.1155328272373715
7386,2.8996892565649377
7387,2.9672177039673198
7388,1.1296676930572613
7390,1.0
7391,1.0
7392,4.32928916368942
7393,3.192974287878751
7394,2.411703472882261
7396,8.961273374574553
7398,17.274654757550845
7399,2.332088419216037
7402,3.8330192488761736
7403,5.086089632962499
7404,3.6940395846821557
7405,10.313470947618937
7406,2.9564948648807827
7407,2.5275294098433383
7408,4.961571854056671
7409,3.354003696462698
7410,1.4303265233942175
7411,1.08301119768147
7412,2.3540586119350366
7414,2.9401984779404957
7418,5.082453023202101
7419,2.7320916897459466
7420,1.5378092996454424
7421,1.510979057811613
7422,1.5633296450167913
7423,6.451784764106717
7425,5.282288781870262
7426,2.6703974731001856
7427,3.423637869751879
7429,1.9049385552574247
7430,5.803664504124188
7431,1.876019025082227
7432,4.298737279216699
7433,1.3296939682354392
7435,2.903488793140717
7436,2.582190412754904
7437,1.8214174964395058
7438,1.977007545262645
7439,21.061290648969507
7440,1.1301753135772739
7443,3.352662607650493
7444,2.4101232417416756
7445,1.1553694018297211
7446,2.4693267431949644
7447,1.1287755153253904
7448,3.4203067712195634
7450,2.3713869880213876
7451,1.7336191697958783
7452,1.4438716615137936
7454,14.193386416205486
7455,4.104599086969399
7456,1.580843318788539
7457,2.138466255354854
7458,3.815990676852385
7459,6.474090181502297
7461,7.115005111291523
7462,1.1848138671310473
7463,8.04851194012711
7464,4.533746815055319
7467,1.156469910618304
7471,12.663194043183164
7472,3.398458042997218
7474,1.3317216682420316
7477,24.904150466840456
7478,2.536447372081861
7479,7.756313289349783
7481,24.1186688766972
7484,5.908298503896371
7485,2.853421093499367
7486,4.76962308663513
7487,3.519621300050232
7488,2.346521045312947
7489,1.3047862435683535
7491,3.218714585911878
7492,5.0117635456585985
7493,2.1702949964780545
7495,5.6592160121069535
7496,3.6055680612851955
7498,7.5494996112809005
7499,3.7732348695205795
7500,1.65200965704107
7501,1.4290031678128685
7502,4.176346000765026
7504,2.3250989286835058
7506,1.9203130627209217
7507,1.231755994832974
7508,3.20680063505509
7510,10.73079133085505
7512,35.56134533488653
7513,2.2573175475551768
7514,16.87178055630619
7515,9.003192215012193
7517,3.167153457519333
7518,10.677674668749999
7519,3.3366175724281697
7520,1.4321292542426725
7521,2.0993880190340315
7522,1.3775438888558558
7523,2.197457389758571
7526,1.3584771791600194
7527,8.79883669977901
7528,1.6478165014765973
7529,10.47952837516493
7532,1.9040480933169732
7533,3.9922850458056773
7534,3.6360090702546963
7535,1.4087260859153112
7536,15.997428168030156
7538,17.068063808920982
7539,1.9250743324174493
7540,2.1546095203316455
7541,4.894132495787399
7542,1.8166628661432542
7543,1.985624573176783
7544,13.557174890806136
7545,1.3502646355015544
7547,4.642663524079031
7549,3.1788172113491573
7550,6.228338247100082
7551,2.1501211017997948
7552,2.000947883555437
7553,2.9074728092499127
7554,4.26811090128032
7555,1.388663606368273
7558,2.0764822047567937
7559,2.0515193660810684
7562,1.1436420141610615
7563,7.000113073563468
7564,1.3602967263648345
7566,2.181220610992951
7568,4.473617901107854
7569,1.3541406144483321
7570,5.390078489308852
7571,1.3817937991493312
7572,5.8810202777864236
7573,3.4935643590726695
7574,13.67979393295639
7576,9.57012734244244
7577,4.024122636057579
7578,3.490863698849428
7579,19.67275064564978
7580,1.396157914059679
7581,2.7138706885832335
7582,7.537846751223252
7583,21.88290172790359
7584,6.134797677300624
7585,5.735436320017809
7586,2.045574464425441
7587,4.229331121969982
7589,2.5892052067427516
7592,2.510444172542879
7593,5.487572378135226
7594,3.2670490513630615
7595,3.7591428981141273
7596,1.9407026960222737
7597,4.540372215480143
7598,6.535561002348934
7599,2.1836623946216727
7600,1.359435826309947
7601,3.773256487753495
7603,1.8006028913956993
7604,1.5946797457136215
7605,3.360664552585537
7606,3.564007662988158
7607,1.6680572259505002
7609,1.0
7610,1.2855999290837716
7611,1.2270361055910246
7612,1.3252231703354163
7614,7.8795219095307
7616,1.3017988956867568
7617,1.7874858187002212
7619,1.1240010875991837
7620,4.709845483275224
7621,53.27265149750577
7622,1.7949368875019551
7623,2.82376674610386
7625,3.0386835710437965
7626,1.7335434167568113
7630,1.7642621275159647
7631,2.436036907284662
7632,1.400754801492023
7633,9.126789792851142
7635,20.290565802987818
7636,2.1942933842821755
7637,1.1288819303958004
7639,1.835309153250419
7640,18.890174413875823
7641,4.921164566549271
7642,2.261269707936878
7643,1.0
7644,1.2242537448882358
7645,3.9664782547011725
7646,7.306147288096045
7647,2.92998819431803
7650,2.397215627201549
7651,4.303510461364392
7652,20.08984130962576
7654,2.7073448942054408
7655,2.5242427047038642
7656,6.353475496854312
7658,6.182544316902755
7659,1.6884565564343046
7661,2.220837127141864
7663,1.6365406566729548
7664,1.0826224729790277
7665,2.7028290628052805
7666,5.342789148790658
7669,1.2090955520981377
7670,1.3976083170204183
7672,2.2481590377844762
7673,4.035349622438172
7674,1.2759342525159836
7675,1.7127316672627313
7676,5.810613923177986
7677,1.4976528468260613
7678,23.539786880074065
7679,3.203450876997429
7680,1.230524002900143
7681,12.525808025968844
7682,4.266751127654879
7683,2.272545709097918
7684,1.0448202052937312
7685,1.77730546880081
7687,1.0
7688,12.47258007821269
7689,2.1131012091499626
7690,1.7768689448181323
7691,2.3840554862688967
7692,3.078923935641708
7693,3.3152385864941936
7694,1.6026469244757122
7696,20.121251793583802
7697,5.408601190246759
7698,9.814592228045859
7700,3.088340202807794
7703,1.5114447304872192
7705,4.609384035164607
7706,5.40166400278369
7707,1.6221238400995186
7708,1.3675793697792686
7712,5.6592877473615495
7713,4.628070394041816
7714,2.78465238302159
7715,4.43635569299799
7716,3.156627630414102
7717,1.6411694986731926
7718,2.96697293222192
7720,2.827965162013507
7723,11.894913119715461
7724,3.6977679771021306
7725,9.990611005490866
7726,7.781725881056909
7728,1.3344842692230157
7730,1.9280857410695218
7731,1.472975187507556
7733,2.160177251926983
7734,1.4350230557182682
7735,2.175358933919579
7736,9.53204815104402
7737,11.73065045178992
7738,1.9979102419175185
7739,5.708499691609305
7740,1.4167274258929095
7741,4.6238196506612415
7742,1.6848856057860342
7743,1.2690946777606928
7746,12.894530554445746
7747,6.770829336959451
7749,3.847679230495055
7750,4.009220666941978
7751,3.9318932937800692
7754,2.2297842181968655
7755,1.6362444082754684
7756,1.0
7757,1.537490695954899
7759,3.7744979871143016
7760,1.0476412345597312
7762,1.4366275273303402
7765,1.0751435752344003
7766,3.4973729008583834
7768,4.207040791836438
7769,1.0097340716224747
7770,5.605261017612203
7772,3.505106574889745
7775,1.4493294863525974
7776,1.5696599897472436
7777,12.65277425698856
7778,3.0124827592605787
7780,1.7402598319351361
7781,2.9444543484334167
7782,1.740651237146949
7783,5.6483755866614445
7785,2.145409775667
7787,11.198917976057958
7789,3.653469513583674
7790,1.3168278862315754
7791,5.870207738587677
7792,1.3670366281095505
7793,4.736703792455251
7795,2.357450063002904
7796,6.429693635117221
7797,2.532748750416176
7798,3.031495820720169
7799,7.973222071082152
7802,1.5954159709573088
7803,8.18664281359239
7804,7.21410539400607
7805,9.062544778379447
7806,2.6807529533250243
7807,1.6163825413550164
7808,31.188913252888124
7809,1.2187874265345695
7810,2.0168716704711507
7811,1.0844376812555472
7812,5.564649834405814
7814,16.618564278543055
7815,12.940127044683782
7817,3.4547355912119473
7818,2.387398627158093
7819,7.867718847887077
7820,39.05454867674532
7821,1.4545287697946214
7822,1.2962566101252513
7823,8.566500899754077
7824,2.4963943743749963
7826,1.4243876292681126
7829,14.18818962336746
7830,2.0077344294859305
7831,3.2415559453951825
7832,1.819444429210643
7833,1.0
7834,13.436900164018619
7835,1.0
7836,2.341968264948903
7837,2.3348201873287127
7838,3.4238194574977325
7839,1.5604802372399855
7841,1.8385948303763349
7843,2.8422771128028086
7844,3.026667388789317
7845,1.8313128219280244
7846,25.800964009675887
7847,13.835995126059768
7849,1.379680084311178
7850,1.0
7851,3.7484041146178355
7852,1.2638077180744285
7855,2.4190067290799933
7856,2.028309594559463
7858,2.537621282772775
7859,3.438678569202929
7860,5.554597227378243
7861,1.8392977944505247
7862,4.882764499121531
7863,1.5287268864117234
7864,2.5561657991448197
7865,1.0
7866,7.970161139877067
7867,5.190043303606783
7868,2.3186339954858535
7869,3.0020105221014965
7872,13.106675445069847
7873,1.9776654081590839
7875,2.126496548310203
7876,1.277139440557387
7878,6.728723079041039
7879,1.8608778123482377
7881,9.748635941666663
7882,5.105544741080421
7883,1.3931818051487597
7884,4.276708880839187
7885,5.419838585903444
7886,4.991587351592055
7887,2.242713944398498
7888,2.769298380762512
7889,1.6474476075098416
7890,3.062812363382728
7891,8.23151396008731
7892,3.390708442857225
7893,3.664990787176694
7894,2.0067581011049396
7895,1.841372238924996
7897,2.390126334656324
7898,1.4433938284259917
7899,9.478052822500004
7900,1.8852691785641311
7901,6.572654379561383
7903,3.554585014836014
7904,3.7732348695205795
7905,5.282323475642096
7906,2.655791421999143
7908,3.664076699530756
7910,1.6821930404707761
7911,4.41268869496792
7913,1.2523577579622172
7914,2.843032638263573
7915,2.493582701614596
7917,1.9239190411248388
7919,2.4262037809767243
7920,1.0
7921,1.9882646402974644
7922,2.540607612617314
7923,1.753181330586715
7924,1.3382575402102435
7926,1.3834765981806019
7927,2.397239040668089
7929,3.2298741909088515
7930,8.190843005637626
7931,23.59622555545223
7932,1.9112959601720614
7933,9.311223170442197
7937,4.018087238195516
7938,1.0607944945858028
7939,1.5025325826036644
7940,5.638945302073084
7941,4.401693983358376
7942,8.805722493260072
7943,1.1307469364962222
7944,2.009711576977507
7945,4.074000101439724
7946,3.0010518907314188
7947,6.074926437557604
7948,1.6321602834155213
7949,2.1623379103143234
7950,2.6415491516752887
7953,3.255986157698591
7955,5.453171573278429
7956,7.2105768664689665
7957,4.221744071219058
7960,6.498565151161524
7961,2.1372586237927655
7962,1.5679009942876951
7963,2.3303162218197055
7964,3.620763704786279
7965,1.639743507614471
7968,2.3902600509310736
7969,3.620671061426241
7970,1.321272955764454
7971,1.203874172424828
7973,13.27895422585251
7974,4.354220401074376
7975,69.82473595068824
7976,2.059211699675687
7979,2.7640956350065045
7980,2.511554088265524
7982,1.936830869322494
7984,1.2151450003319815
7985,1.159270872613313
7987,1.1953387564233737
7988,1.3653234198820274
7989,1.8850209995111338
7990,2.284345159751261
7991,6.689003046628376
7992,2.7206706863788535
7994,10.501912634715147
7995,1.0384388462117855
7996,3.1356365531654746
7997,2.6050692258156736
7998,2.5962849137865787
7999,2.8157327723885777
8000,8.998112153129286
8003,6.437646450745308
8004,1.735961361469769
8005,1.7314777060939854
8006,6.574977480555769
8007,6.651347046158103
8008,11.461206040798361
8010,4.2840146169709366
8011,17.032717914674862
8012,4.40585264529569
8013,7.025073295017452
8014,5.350644867828407
8015,2.620360567466607
8016,17.600841660640423
8017,6.71723781837345
8018,1.478302200112615
8019,3.3952115952619564
8020,2.8339674295964445
8021,1.8605869254982264
8027,3.8939965205806515
8028,2.798355050418903
8029,1.3157671326081959
8030,1.4470997606929419
8032,1.3000198215702625
8034,2.8521394488158687
8035,1.6375579626375636
8036,7.568578717113157
8037,2.2691361818049725
8038,5.7131124131019835
8039,2.335157331388942
8040,1.2153083276011447
8041,2.1780383045207063
8042,1.393557166804474
8043,4.913164709603595
8044,1.3935003355709887
8045,1.9797623383512288
8046,4.458834572687246
8049,10.101948388658954
8050,11.198101313073284
8051,20.39284102763599
8053,1.5303805894232971
8054,1.8613984609557799
8055,1.331153209199438
8056,6.055145036987616
8057,8.881177735289032
8058,4.054554517435247
8059,3.349756202323801
8060,11.643375230138055
8061,11.280535903300104
8062,2.500485395058034
8064,1.4247292799793607
8065,3.1304690029986
8067,2.298052305712611
8068,4.504110346891251
8069,14.144431517278381
8071,2.1996021713033307
8072,2.2094388635584075
8073,2.7373859873251574
8074,8.945170661371302
8076,2.3931044791342084
8077,4.982199822205307
8078,2.2885251584640156
8079,8.668337901000953
8080,9.177490760913429
8081,2.2938113181431468
8082,4.794188711662668
8083,6.572514765178592
8084,2.475740020054814
8085,2.4516601837268452
8086,1.941686630028004
8087,2.8944684182254616
8088,1.3118242739906223
8089,1.6885060462938422
8090,2.0477695323555043
8091,9.523993472569078
8092,3.254376485997082
8093,1.8908560487387915
8095,2.8404374026971277
8096,1.8478290731538518
8097,2.014377518882721
8099,2.8998555957136065
8100,1.8573815439651655
8101,5.4775689934141205
8104,4.8648720487489285
8105,2.7623554158208434
8106,3.4675211747717722
8107,3.881660489482178
8110,1.8523622385357938
8111,4.821545842284191
8112,3.736167695923033
8113,4.089518167670587
8114,1.352067767367619
8115,2.838076274451317
8116,1.9811201515109769
8117,1.951192367276126
8118,1.380624128242105
8119,5.681836781910266
8120,12.142172193599004
8121,2.5043417794490637
8122,2.38846484299285
8123,1.1673285254841932
8124,5.714961567366864
8126,1.5988322738024445
8128,3.0907410311996313
8129,15.112281861818555
8130,2.9412398100514174
8133,1.2393072694631189
8134,4.073700578227249
8136,1.6310744349615531
8137,7.715754706303767
8138,13.385687857643108
8140,21.914229920422652
8141,1.2604892189057635
8142,1.3133970434401832
8143,1.6234305207409554
8144,6.4556715999189125
8145,4.761486049506411
8146,4.761486049506411
8147,3.7732348695205795
8148,2.156071174098669
8149,2.13363456603601
8150,3.828798203756101
8151,2.8376853252069787
8152,10.162549810378042
8153,6.947747533544047
8154,2.711622623534873
8155,4.3779927773850265
8156,2.724902947773309
8157,10.696556886506201
8158,1.3792837535567588
8160,1.935558557291505
8161,4.27674562524832
8162,41.46669448826867
8163,10.065707206483662
8164,4.761486049506411
8165,6.184940863731982
8166,1.3406536640832993
8168,2.2193677875073385
8169,3.5138728182577568
8170,5.140561493373088
8172,2.606500858544168
8173,4.0713124049787215
8174,3.298702851454117
8175,4.438495635967263
8176,2.6732922508963037
8177,5.5594648179232795
8179,2.206241192842982
8180,1.260397034320532
8181,2.125590709118837
8182,1.0
8184,10.814422360313015
8185,3.1309563186109277
8187,1.7900480388191657
8188,1.048371974980576
8190,1.672298585991832
8191,3.60084166028701
8192,7.573978679664863
8193,5.804954985625774
8194,3.9750743404735016
8195,1.2013174657616632
8196,5.696532744635208
8197,1.0
8198,7.596949772138188
8200,1.893265784111374
8201,2.2598310047104713
8202,7.086409226111658
8203,19.857258081165845
8204,4.878762378513373
8205,3.1059288498516278
8207,1.5147995761958366
8208,1.9132285434328187
8209,3.482651498358
8210,1.4912041002067933
8212,1.7026011644285017
8213,2.6334439384899953
8214,1.0
8215,1.5567321419462106
8217,1.966159078759121
8218,3.529604439243527
8219,1.463542528682503
8220,2.738732494988525
8221,1.8328471135586293
8224,2.689609792254665
8226,1.3244847310796284
8227,1.7851724734118117
8228,1.1251828231840326
8229,3.6655814092109824
8230,1.974157213231567
8232,10.477184030762471
8233,4.545294540399017
8235,4.385367826762159
8236,8.878181430642288
8237,2.295361213508212
8238,2.0783780992666276
8239,2.736697420269971
8240,1.5011706070678494
8241,1.3256159254598845
8242,13.231591929049566
8243,1.6421924288930898
8244,8.549114330300814
8245,2.704275294220686
8246,4.4445396120219245
8248,1.6693104029053578
8250,10.14270045507787
8251,5.751515939914509
8253,2.9542323851883547
8254,1.4127681325311068
8255,1.7932440819752105
8256,1.5251707260453902
8257,3.42957787083159
8258,6.3016646940254155
8259,4.782679045282993
8260,8.536995965913578
8261,2.693133562520057
8262,5.579885774593941
8263,6.833265935789339
8264,5.520091350758841
8265,2.737448703230118
8266,3.1932272204344057
8267,14.823331629114486
8268,3.7971483650513607
8270,1.547122496337072
8271,11.320794909091369
8273,10.315288502543886
8274,2.5678006475172994
8275,6.190008907565223
8276,3.18401031716652
8277,7.106142550098271
8281,1.7479796305648596
8282,1.2130681604663376
8284,83.59697496810428
8286,5.551376336155668
8288,18.650788094250686
8289,1.0209539551164364
8290,5.555604785692893
8293,3.949135723554204
8295,2.7465297936844904
8296,5.4186126313351295
8297,1.0831878179640206
8298,6.711496734709707
8299,1.1828967522749068
8302,2.124767389772216
8305,7.239432336575038
8306,1.335363705869786
8307,3.902061730892806
8308,4.2767840375579125
8309,2.337669555562659
8311,13.826201685269217
8313,2.288188296088906
8314,1.4333637302237756
8316,1.0
8317,1.9869377517193576
8318,1.6793420160204393
8319,6.460857620742272
8320,12.179911644311264
8321,3.5163832256073313
8322,3.100244977458849
8323,1.833586776480304
8325,1.0516078421507358
8326,1.934548161519996
8327,2.7036038932245083
8328,1.9266193376137537
8329,1.153617267278615
8330,2.9459936510254816
8331,4.213726567456667
8332,3.057926060730747
8333,4.348011278192873
8334,4.9453700049294325
8335,2.044008202129538
8338,1.675261453185026
8339,1.7229389980894445
8340,1.0079035700658372
8342,1.6288460160112948
8345,3.3263575277935598
8346,1.2448039112601808
8347,2.355434303951656
8348,2.0456995337781985
8349,6.4920426115187695
8350,1.3735647471496102
8352,1.336669216663814
8353,1.9576474986927639
8354,1.5504076907057962
8355,4.0773653473133304
8356,2.973697683690625
8357,1.1388595620410764
8358,1.4260588856830476
8359,2.606499173084704
8361,2.987809605232756
8362,3.3342509058566687
8363,1.9139210584500503
8364,2.7730503513116105
8366,2.645261728577827
8368,6.718609724190698
8370,25.648060654017293
8371,1.9815909844188329
8373,2.094053409070132
8374,1.3939493339249804
8375,2.2512075330585812
8378,6.913050326552965
8379,8.61601079480534
8380,3.2770934720903244
8381,1.3283344246269582
8382,2.1861209547515297
8383,4.577760313727551
8384,3.5971072541962834
8385,1.475793884212618
8386,2.163263664263343
8387,2.079947978791299
8388,3.7872928881518857
8389,8.021574500467006
8390,1.603221646346349
8391,1.129240233071009
8392,5.606012330798197
8394,3.379037700585159
8395,1.3661797146620993
8396,2.380186326213269
8397,1.6268905174593564
8398,1.9879274872589734
8399,2.6326566743181377
8400,3.2944539139259743
8402,1.4929161342151316
8403,1.7546184139429457
8404,1.4865079262802428
8405,2.3505582491798855
8406,2.415238442014834
8407,2.8309347287065942
8408,5.277485413142169
8409,3.042276422724264
8410,2.3332171144549663
8411,6.684277551030143
8412,3.156643442737883
8414,3.3516123700579343
8415,1.8495279687178172
8416,1.2522588221672402
8417,4.555694647720293
8418,2.428493813078487
8419,6.776504887823881
8420,6.972616278534819
8421,35.63181408983664
8423,3.036403303044093
8424,1.1927835329162386
8428,1.0
8436,5.274284250799555
8437,2.408984489855064
8438,1.8511106574938327
8439,1.0027275128778628
8441,1.868016739755727
8442,1.0801823456479809
8443,4.022183115393132
8444,2.235536127060063
8445,3.7836892301361247
8447,13.885947693293485
8449,1.674801575472422
8450,5.320658165076979
8451,2.558209433597883
8452,5.519033833043364
8453,1.7885420724915528
8454,4.832893754002498
8456,1.3522146626807803
8457,4.331607002982087
8459,2.885183358879558
8462,1.9041148867869118
8465,12.377002585122474
8466,7.906039819897774
8467,2.4979144862688356
8468,2.7322600908801236
8469,11.924106259708653
8470,1.57910543309422
8471,2.274917735636029
8472,1.0
8473,1.8402211869109402
8474,2.988491495826225
8476,2.3581156293499594
8477,1.9698281653487268
8479,7.296711291891198
8480,1.7112589913630705
8481,5.984377074787781
8482,1.4384232166507442
8483,1.7770542738057502
8484,13.11766097180017
8485,1.334183057549617
8486,1.1809465903812737
8488,1.3576842899047552
8489,2.1157402674292762
8490,12.244738874560321
8491,1.8772992480545256
8492,4.102781235009201
8493,3.5584331273581546
8494,1.0
8495,2.144431677227681
8498,3.110591699319289
8499,16.430688785619648
8500,4.125912961683666
8501,2.002359969855351
8503,5.712215973566966
8504,5.23675876155079
8506,5.511565336042503
8508,1.7480308028830018
8510,1.4198038446970522
8511,2.5883482506248034
8512,2.1883143403578766
8513,3.693189928745315
8514,6.060338972959223
8515,2.8539639502463707
8516,4.405178262165639
8517,1.372578476598785
8518,2.2653091731310644
8519,28.15739138760784
8520,6.213433309445006
8522,4.105567817829243
8523,1.5857325741518145
8524,7.5450772323097075
8525,7.664059316287499
8526,2.0526453699563825
8527,1.0
8528,1.1062930267969489
8529,2.42791822162287
8531,2.140540606230324
8532,3.633976876640279
8533,4.000480903272518
8534,4.170423042525661
8537,2.6992469792000455
8538,2.147698624339956
8539,1.567577828518458
8540,1.0
8542,2.227690630137675
8543,5.8528684425230475
8544,2.4394577172985876
8545,1.0
8546,2.413466955078036
8547,1.3221219305037477
8548,2.496611148681919
8549,2.0998397880322037
8550,3.8529233208647278
8551,1.0
8552,6.562121806911639
8554,1.6264897671863487
8556,3.263229325437545
8557,2.488489234341166
8558,2.1052237181054485
8559,11.173071104911564
8561,8.101673858230283
8562,1.7899162836778229
8563,1.76997253031193
8564,1.0
8565,5.000935449926831
8566,4.033424234385324
8567,1.1816010799021126
8569,1.4133626830001045
8570,1.2169828199091892
8571,6.517968256101761
8572,6.185727523979567
8574,2.1860586467253595
8575,1.6179647832938193
8577,10.890305831191672
8578,1.4902162700255666
8579,1.9253100084671355
8580,3.350003843992746
8581,3.932891177343448
8582,1.3322658567340664
8583,4.674572622441091
8584,1.314621675155105
8585,1.0
8586,3.033075126602274
8587,5.271088790918242
8590,1.6377648255882948
8591,2.475324153129095
8592,1.0
8593,1.2071653173145218
8594,1.139789836524591
8595,1.3362982118048374
8598,3.2347248791091
8599,1.932847610663657
8600,1.5080428910886248
8601,3.13948107205868
8602,3.488541332858996
8603,1.0
8604,2.9325659277537843
8605,2.8242710040077554
8606,18.620718841695957
8607,1.1619288410361326
8608,2.2995350130367465
8609,2.553992121289675
8610,3.3714092357166083
8611,1.488674548486113
8612,1.4947420138016048
8613,3.340547043426933
8614,2.4924544106208075
8615,2.1002907047143307
8616,2.0180158961489796
8617,3.293006023459992
8618,4.489774203946468
8619,1.7483887603281159
8620,4.608359855358609
8621,1.9761289181821782
8622,9.426052669428907
8624,1.0576437235555254
8626,1.9283672304517352
8627,11.394844897339967
8628,2.7562691189239064
8629,4.51254997230234
8630,3.5221536315296453
8631,11.946714148225139
8632,3.0397296850008817
8633,6.198330225116663
8636,10.48486702789416
8637,2.3187537061994967
8638,1.297339081083422
8639,1.2719233176618698
8640,2.3305765674292287
8641,1.4596288978171041
8642,1.0788045262160855
8643,1.757123008409003
8644,2.6517679097852134
8645,1.20768970211791
8647,1.5824371556768215
8648,10.944109313658902
8649,2.013044298765946
8650,1.235464198316139
8651,8.54382446848918
8652,8.497783642602212
8654,16.339925804301686
8655,1.2052134731673037
8656,3.4512352713648022
8657,4.696615032887651
8658,19.657881849605626
8660,6.999357705932211
8661,1.3604019300057546
8662,3.305327811721663
8663,3.025040363308146
8664,2.2461822660452087
8665,2.6809699834119494
8666,6.450881129228357
8667,5.702467260237724
8669,9.031040714959163
8670,1.8215949638422322
8671,1.2538497908884227
8672,4.64966520239912
8673,1.4615859732075243
8674,2.145510926621761
8676,4.801086078248757
8677,1.3830723963942262
8678,1.314709273460704
8679,1.312232945197392
8681,2.326593628412604
8682,4.473971162531627
8683,2.967343263277318
8684,3.479669103411447
8685,5.563371144867588
8686,4.543739148038835
8688,1.7546818709704628
8689,1.5264233988232707
8690,1.4240615795481006
8691,6.578446082733599
8694,5.089122257163479
8695,2.0454074306904153
8696,1.128022720539571
8697,12.434853845748053
8698,12.059707953032662
8699,2.139386150664797
8700,1.0
8701,2.6877380268491513
8704,2.7591632465101465
8705,1.3193375752719956
8706,1.0
8707,1.766607216356049
8708,8.068559196984348
8709,1.596836527648073
8710,2.614793657962693
8711,3.3028849354410315
8712,2.805079331255086
8713,1.839502965276562
8714,2.8917873291068346
8715,1.2049460495934896
8716,7.828128090076955
8717,2.1362518206325087
8718,1.9732521775018566
8719,2.426762898673773
8720,3.4214445371915594
8721,3.0237934581925976
8722,1.7675636523442968
8725,4.450703876072657
8727,5.282833072680829
8728,2.2250109321257723
8729,1.7300657449285053
8730,1.0189349421773628
8731,2.453529191859121
8732,2.3857756599862756
8734,4.469870888037244
8736,2.1591108544071247
8737,3.1919918091831736
8738,2.4439081379714995
8739,1.648576193853513
8740,2.1753601488497627
8741,4.586302395743064
8742,2.27450426691264
8743,13.556012638926543
8744,2.0701944185925667
8745,3.401493256493295
8746,1.9994453741573717
8747,4.833946126190444
8748,8.567959639165123
8749,1.4212984842434957
8750,1.6178321000001208
8751,1.0299754326038633
8753,2.078909556626864
8754,2.8362989241376653
8755,4.765621236354498
8756,2.6325272050720874
8757,1.5542164155216676
8761,2.031425821824419
8763,11.993555561643378
8765,3.6925924332061832
8766,9.559615124692202
8767,1.7005664369934963
8768,6.521547157076806
8769,2.326046026647569
8771,4.320799184645278
8773,1.0587652012196433
8774,1.8555363787790866
8775,2.699312251283492
8776,1.6593880545899065
8777,2.400342680035536
8778,1.5838777192335425
8779,1.7074681140404557
8780,5.659572930388852
8781,1.1446309164400972
8782,1.0185522987585325
8783,1.7386280559947263
8784,6.596460476993552
8785,7.512461236675454
8786,3.7185807767024164
8787,2.151426797613335
8788,1.0
8789,2.134633231566321
8791,2.390855452509881
8793,4.512912359709286
8795,2.1175881605632054
8796,1.6044992111245862
8797,2.529766334333176
8798,5.217168750012858
8799,1.420055453002575
8800,13.968290206957281
8801,1.6190207716876541
8802,5.048510902258313
8803,1.456216138183565
8805,3.249165958658346
8806,17.895375264263635
8807,1.781129416677696
8808,1.0289980675316328
8809,1.902397135951198
8810,2.5467095612423654
8811,8.829303970316712
8813,5.186227548851041
8814,3.6286416114510036
8815,1.7238713012152536
8816,1.6370120295542312
8817,1.689103570331737
8818,6.510809115959108
8819,1.544548327942803
8821,3.4243650960952072
8822,2.0041416001052528
8828,3.993577507069628
8829,3.8243314463603224
8830,4.338322107100857
8831,5.887202133198627
8832,2.6954434871214805
8833,2.8031712219805467
8834,3.2425976516701787
8835,4.761486049506411
8836,4.761486049506411
8837,4.761486049506411
8838,4.761486049506411
8839,3.7732348695205795
8840,2.88263994366137
8841,3.455121603027852
8843,2.765455505182841
8844,1.273385344902372
8845,1.9653130247637058
8847,10.682319645813385
8848,3.0988026888249545
8849,4.566167605542716
8850,1.496728726893927
8851,6.398614053576208
8854,10.382572805112892
8855,2.8482596761347474
8856,6.523124544406522
8857,16.473016682458187
8858,2.0544296245300084
8859,36.39683400235518
8860,8.25164836267666
8861,2.5176981906423683
8862,12.88565963606797
8863,2.276046433108491
8865,2.177309131673102
8866,5.277777666920999
8868,1.532866172412212
8869,1.9640430127902586
8871,2.250491529493569
8872,2.1375181445606066
8873,2.9088042303997423
8874,1.6681230589264586
8875,5.384534600144588
8876,4.455919534078753
8877,1.0
8879,10.534053163920236
8880,4.655186663755572
8881,1.319012446669995
8882,2.423319301696574
8883,5.8403019436007835
8885,2.555883148514473
8886,2.158883497087502
8887,1.5512627019039116
8888,5.477329265899771
8889,4.325609342971081
8890,1.0861562520413206
8891,1.998119882637791
8892,1.4491192837082985
8893,6.747883194992149
8894,2.8258702482198306
8895,11.296204484709971
8896,1.8010032620821885
8897,2.2012240417870146
8898,4.5112465823376535
8899,2.6081071120855013
8900,3.6624467424178984
8902,1.8673528544087437
8903,2.3841682092571728
8904,4.814054589547114
8905,9.844739453830018
8906,10.372327663488427
8907,1.7032478285640145
8908,1.2685343655515637
8909,2.910311003300347
8910,1.7436373516730885
8911,2.1451665060733593
8912,1.0
8913,41.219066608091424
8914,1.2037292095727852
8915,10.459177693793473
8916,1.6726803182447658
8918,2.5117090544037133
8919,1.3258116139729956
8920,2.0342813643841198
8921,4.236976734003735
8922,1.1839024992554579
8923,3.3739321311132495
8924,2.0404549418066744
8925,3.096878962895267
8926,2.8813133336666588
8928,2.1297454178143824
8929,4.12405481229572
8930,4.543404371028355
8931,2.0814332483564444
8932,1.4994990277331022
8933,1.9677552516257981
8935,2.3907964822871812
8936,4.071183259208848
8937,10.144114116669545
8938,1.4378074924019397
8940,4.708929467652067
8941,1.0
8942,10.684788678456059
8943,2.548096284600657
8944,1.6936348123280256
8945,9.023685410549803
8947,1.9469159719362112
8949,5.364856871649954
8950,1.1279477716524482
8951,1.5533852803419133
8953,2.2094781478335723
8954,5.295597325441385
8955,1.0
8956,4.288042634565843
8957,6.705980888119987
8958,1.9891220901469315
8959,1.5419626927716281
8960,1.4599861044482154
8961,4.842411593329843
8962,1.3700067035717385
8963,1.771877130938736
8964,2.2410048452776223
8965,2.2163734943946882
8966,6.5399415433265276
8967,3.2694015764220166
8969,3.449666510974156
8970,2.5502502803227194
8971,9.044303933991921
8972,1.8526747100546943
8973,1.6812106331271937
8975,4.313753984663234
8976,1.6129527185674977
8977,9.881287887130416
8978,4.333037299267141
8979,4.216801774321978
8980,1.8359474531261895
8981,2.1223911014963788
8982,1.8165399851356598
8983,6.532032001598257
8984,5.981232942900649
8985,4.782828256060217
8987,6.124098568675034
8988,4.384803656927981
8989,2.1521629309403165
8990,2.8986407027373158
8991,4.671833349313783
8992,2.41545616457601
8993,3.8111544361894913
8995,2.9266514849963787
8996,1.0
8997,9.843153877672462
8998,2.5256276553430332
8999,2.0642684112492913
9000,2.2655711080560463
9002,2.1693750558125804
9003,15.481337367479323
9004,9.82799925563162
9006,1.9978624638352147
9007,1.412794561888264
9009,2.760629321115809
9010,1.3749259638522684
9012,2.6364055158943813
9014,5.075611308457852
9016,2.9223256547495806
9017,1.3739983950515484
9018,3.573484640015216
9019,1.4998400392724045
9020,1.1048096695444598
9021,24.7585072219465
9022,1.2281871928541988
9023,4.3499297924867
9024,1.0608129437558442
9025,2.7068456221108246
9027,24.764503536283474
9028,4.061038139604817
9029,5.332160798475979
9030,1.1170913263152802
9031,3.263992428842512
9032,1.5328744301521902
9033,1.3633051641998957
9034,1.0
9035,1.5457717799155677
9036,1.1805634129224938
9037,2.8373047141717236
9038,9.700757512975724
9039,2.1065848322727834
9040,11.558075623044466
9041,2.908542771892338
9042,1.0
9043,1.4153235805630724
9044,2.041324101822053
9045,16.671571242897677
9046,1.0
9047,1.1513046354732022
9048,2.317864750693194
9049,1.6371318744229106
9050,2.7537641983934678
9051,1.4610542487979212
9052,22.01690500811813
9053,9.040491851976352
9055,7.822903168270546
9058,2.1060406993731426
9059,2.193952066985364
9060,1.6742126430663384
9061,49.88108503342948
9063,1.6233921851964856
9064,1.9183607104966696
9065,5.791581786760333
9066,1.9756193859458293
9067,2.4187365780489505
9069,1.5475741078854524
9070,3.4401780783622544
9071,5.274874349508131
9072,2.878417938724854
9073,1.6341251601278197
9074,7.838261662704692
9075,10.732653695076019
9076,2.924393977644568
9077,1.3188194953135957
9079,11.038681237631485
9080,2.846320340127264
9081,1.2050315178872186
9082,3.537551314608229
9084,1.8974162094796514
9086,4.393504643026728
9087,4.146321159448702
9089,1.4589635810151929
9091,1.2986300218389284
9092,3.7230738775027974
9094,6.704659075448379
9095,11.749370851463675
9096,6.592312960444652
9097,1.3453050084551816
9098,2.3984700980924534
9100,1.6725469113241833
9101,12.930853002967803
9102,2.7309078212460416
9105,1.8572772906115858
9106,1.2896279058680968
9107,2.9219836064099893
9108,2.269560012474368
9111,1.765434979666153
9112,1.8434155401019998
9113,1.5795521080286883
9114,3.1699066222354606
9115,2.25629836082524
9116,3.3794456278662106
9117,9.06736116257032
9118,6.184940863731982
9119,1.3247240749525877
9120,1.9862310185052856
9121,2.6935059811054045
9123,1.7760865515565116
9125,1.5736387764536341
9126,1.6649125428238487
9127,3.4669351825667576
9128,13.704682486752763
9129,3.5415841547196463
9131,1.2191459269877518
9132,4.107105732500669
9135,1.6489114775730689
9136,2.1180045275272414
9138,2.947730719320889
9139,5.125847332003176
9140,6.306355645770699
9141,13.99725788148595
9142,1.997551885845021
9143,1.2596824269519138
9144,1.0
9145,1.9079707738458016
9146,4.982081067245027
9148,1.4451277831940257
9149,1.0536463881714646
9151,1.0
9152,1.5220858577073648
9153,1.908696220781556
9154,2.0207574287691132
9155,1.673739703094118
9156,4.104079473370805
9158,2.1046285035193235
9159,1.0
9160,8.817698860668626
9162,1.5655196406258878
9163,2.3848936372218605
9164,1.769598844538545
9165,9.850926814096885
9166,3.2801651833818233
9167,2.3228579911960585
9168,1.5658956521845857
9170,1.9918451324721416
9173,1.0
9174,6.529027564616112
9175,1.1968761475497658
9176,2.057486653338189
9177,1.780786573084018
9179,5.815574762142713
9180,26.573235371725392
9181,1.4888092014368282
9182,5.261937021274555
9183,1.472169634387271
9185,5.0947184389882745
9186,1.5398153683163918
9187,2.6711190292787936
9188,1.584955992694987
9189,1.6111333148197304
9190,1.0446495296042622
9191,1.1797458942546517
9192,1.6753420512887904
9193,1.3467610134955819
9194,3.018749032457144
9195,5.421437237048017
9196,5.313359958249847
9197,1.966787154734693
9198,1.4693759082962952
9200,3.9311850615664206
9201,1.567676546177883
9202,6.417702439475582
9203,2.1330294151673552
9204,1.742050169718354
9205,2.7127370598979494
9206,5.6786362007525355
9208,2.4565263339461705
9209,1.831005146603512
9210,1.8292983166834285
9211,1.7264309716537558
9212,1.9550275050640074
9213,1.0557817074262177
9214,7.258203572154035
9215,1.3715609639042572
9216,2.041542988082317
9217,1.783195037309863
9218,1.3330808311977498
9220,3.828245870881229
9221,20.561583397358813
9223,1.0
9225,1.3165441809307417
9226,1.3963018509013787
9227,1.6898624283790247
9228,7.443885995356593
9229,10.208088064952495
9230,6.625051264106214
9231,2.063425852643836
9232,2.3797809588885492
9233,4.18961153678952
9236,5.566215311402111
9238,1.6490778995595057
9239,1.8475103654155198
9240,1.9594970894664123
9241,1.477060888532533
9243,1.6104517343222402
9244,2.9589654112225845
9245,3.38863263042252
9246,6.439475400407109
9247,6.621234701345027
9248,1.3595258348619539
9249,1.0
9250,1.737530523658409
9251,2.163740294291128
9253,15.199090881073708
9254,2.101427875412187
9255,1.7938745669533736
9257,21.296928835022626
9258,20.396080137192165
9259,3.2653332283075884
9260,1.1496432627778899
9261,6.328380533190205
9263,1.3951641356543434
9264,1.3006765908013838
9265,6.158562316506443
9266,19.232856388225557
9267,2.688834030529614
9269,1.4421452450623682
9270,1.3848565550303935
9271,1.7773936908980434
9275,4.968308596940288
9276,1.5531152856001138
9277,1.7615179227132225
9278,2.5895332481813162
9279,3.192322006734825
9281,1.0815043627354444
9282,1.3262038808641003
9283,5.342692721958003
9284,1.5342451686659349
9285,4.1392616059078735
9286,2.9292166096905383
9288,4.474323515886833
9289,3.32222589729463
9290,2.449420834317873
9291,1.5763729724581468
9292,1.5714198976305842
9293,1.6868062733648241
9294,7.9400205613127826
9295,7.870719528646928
9296,1.6999796205386362
9298,3.3741644282523806
9299,1.1665575860327315
9300,1.223937564294956
9302,2.0339392461739485
9303,1.4496339338348279
9304,3.6591956409339557
9305,3.213278121507318
9306,6.1389289196204775
9307,12.240414051531555
9308,2.1649860139740187
9309,16.28607614743628
9310,3.0984222385868785
9312,1.4849737958153542
9314,2.9545233606224564
9315,1.35647492842181
9316,2.2762045530536286
9317,2.6618953117357824
9318,1.379870675004595
9321,2.9051984722755813
9322,2.9986465138504323
9323,5.457451293483898
9324,2.6876111566259246
9326,2.357131217181261
9328,1.5885351615338068
9329,1.7496144185849873
9331,2.2291915116185845
9332,1.9812528601752586
9333,1.798631914538775
9335,1.5808066935275866
9336,1.1911741379855803
9337,2.6034310127648483
9338,1.6419160590710389
9339,13.007406153926304
9340,1.2366629756931735
9341,1.310247896645509
9342,3.80142616303531
9343,7.490319522496543
9344,4.134103436460634
9345,4.7607528776607575
9347,2.3482517556405194
9348,2.439096458193152
9349,1.6452986477835574
9350,2.425698430412353
9351,2.110024298188956
9353,1.5305550761340607
9354,2.989249642124755
9355,1.523242179885727
9356,12.346301807658678
9357,2.2229436160512983
9359,1.5887553507658707
9360,6.234678212092784
9361,3.447238349635691
9362,3.6112085397549625
9363,2.1141165189725797
9364,2.600990467816745
9365,2.6800616787017435
9368,1.2758649091750964
9369,2.500448038119578
9370,2.5553521102221226
9372,4.527103163218093
9373,3.787611053066249
9374,2.720618918298306
9375,1.5256588535556193
9376,3.457102574318949
9377,1.8483275528559442
9378,1.6527377993174537
9379,1.7894015550406315
9380,10.669885358331085
9381,1.8425478903113848
9384,3.396631794043761
9385,2.2849449323591142
9386,7.506764313169346
9389,15.64170431613407
9390,1.7699465380205943
9392,11.856440266627697
9393,1.5450527455093603
9394,1.3237425599884147
9395,10.138771148255111
9396,2.042447136522118
9397,1.077633058867105
9398,7.4478104253157245
9402,1.9905123476338717
9403,2.789472728890267
9404,7.960293152044411
9405,2.5812213503038266
9406,3.476214601812049
9407,4.181065345063718
9408,1.0
9409,2.0842596481491924
9410,1.4222568335213615
9411,1.0
9412,9.988579885342649
9413,1.5375718509567584
9415,1.5701003196555976
9417,1.1887434359448772
9418,2.4856376593747576
9419,2.5417901349477146
9420,14.929518018717465
9421,1.4550127166905467
9424,1.3197464593793697
9425,7.623625301062211
9426,1.7659173004541517
9427,2.771484634395917
9428,1.252212438503707
9429,13.58188479265023
9430,1.587036081648312
9431,9.986040800333457
9432,1.0
9433,2.2886675927393965
9436,2.746355313465597
9437,1.3852086908731538
9439,1.1547667865367495
9440,1.7657091279212789
9442,1.0
9443,6.6481827738003245
9444,2.5891982615827973
9445,2.722379943035724
9446,9.039572122932901
9447,14.450723521448273
9448,1.1651499341703937
9450,2.403056096058196
9451,1.7564008938936322
9452,1.9878031437214077
9453,1.053628378528591
9454,3.5960913233821925
9455,3.022051182307348
9456,5.262141025595856
9457,1.5593298513710554
9459,3.7665330282090506
9460,2.449020595693797
9461,5.209271695857065
9463,2.2393051773919397
9464,4.231583600141305
9465,46.98514157217822
9466,24.21015829517426
9467,1.6933641592282433
9468,1.6620198262853936
9471,2.5206713165954673
9472,15.236084800191694
9473,10.504780797807785
9474,3.374402689710887
9475,3.40943613496032
9476,1.8358186990652527
9478,2.4997089534472217
9479,2.2221027663168096
9480,6.367690679841804
9481,2.4992790665716607
9482,2.6522480532077215
9483,8.98092611906986
9484,9.144920350572892
9485,32.097683812012534
9487,4.37944450913572
9488,1.3885361164562868
9491,1.6700269757316433
9492,1.2816678164735364
9493,1.7093891843570224
9494,1.5724772567842467
9496,1.0
9497,2.154700337975626
9498,2.7575197559687563
9499,1.6420623619030037
9500,2.3304254144408407
9501,7.7708057808817195
9503,3.280992719787117
9504,8.052866086530642
9505,6.127450525064676
9506,2.998018458379249
9507,1.5247069428537325
9508,5.648170733264052
9509,4.752265109478649
9510,7.039080191213485
9511,6.351757082009131
9512,5.675976910540337
9514,1.8431712473877075
9515,3.0429322014741977
9516,1.268933916616041
9517,2.1500626112200365
9518,4.85759853371351
9519,3.96628282952558
9520,3.1926474019711497
9521,4.666037084643694
9522,3.875732903071517
9523,1.7170265242801483
9524,9.678756327052557
9525,2.069302070892673
9526,28.341794546867607
9527,3.789814596136082
9528,1.4159506658639955
9529,4.868831187229494
9530,1.1122664079127431
9531,1.572553345454422
9532,1.1745083647681795
9535,1.9547944872096077
9536,2.859804879881633
9537,34.388939622528305
9538,7.533702904551997
9539,1.3379218640286317
9540,6.487508797062366
9541,2.26629844804222
9542,5.098000761194159
9543,8.034092590143489
9545,2.649323117319384
9546,1.236299474895726
9547,1.7371006895677517
9548,1.8161770463960998
9549,1.7625093781914722
9550,1.4480416014813742
9551,1.231336448943102
9552,1.0166194374816278
9553,3.710855102056685
9554,1.070466949400169
9555,1.3073952102857436
9556,2.5300137080920577
9558,1.1710926623545657
9559,3.2633602318035635
9560,2.5331041020363654
9561,10.006192954980309
9562,2.9106895439874885
9563,3.118815563799346
9564,8.894092677970676
9566,2.755858048336954
9567,5.3924548483612265
9569,2.9152727061020682
9570,3.132315508977542
9572,3.7692418103140746
9573,3.032330763324917
9575,2.084922848967371
9577,2.403523035454203
9578,2.8542308054664756
9579,2.1487558838405776
9580,7.6501457625518565
9581,4.46857116917551
9582,2.0709288327570836
9583,3.098675701260798
9584,1.5990110272432643
9585,5.690496751938714
9586,2.6518996243508934
9587,2.943133866307001
9588,3.214873098808218
9589,9.033534122507431
9590,2.0513815881940607
9591,2.3722176463111873
9592,5.994741372572886
9593,1.1819341763622755
9594,8.892639163301673
9596,1.2457571838250012
9597,4.376839461873793
9598,7.774334519390664
9599,1.6553937594405792
9600,2.493336136559362
9601,1.8743496569722413
9603,1.9394157688921083
9605,2.6774067855430017
9606,2.9486479740118035
9607,5.195010700091401
9608,2.0059674427596526
9609,1.9833703657134294
9613,2.3183457376903887
9615,2.0559942492487338
9617,2.0550434773112474
9619,1.5613714814602844
9621,3.7645748116038016
9622,1.1018191257035892
9623,1.9982748604088347
9625,8.928336596286327
9626,1.3453614295396954
9627,22.026427661155104
9628,1.7151561079428157
9629,1.4298464760906462
9630,1.969413802173417
9635,3.6976835648942035
9636,1.8403649822936283
9637,1.593088938838288
9639,20.61540013523472
9640,8.704670339016374
9643,1.5641252659225695
9644,2.2232682459736806
9645,6.044473335582625
9646,1.7199949059357
9647,2.2094987259905494
9648,2.8531864602373878
9650,5.255043878168781
9652,5.128254255206969
9653,5.428590378876751
9654,3.875732903071517
9656,3.7479676518094096
9657,1.461520774251501
9659,7.135244120940151
9660,1.6694652288699345
9661,1.3579456078546837
9662,3.4947024566733935
9663,1.441157030465235
9664,2.5401314059924602
9665,5.375661491891954
9666,6.140501947688525
9667,3.6247582538786856
9670,2.117824662281686
9671,1.5657967107328414
9672,2.661544886585017
9673,1.5426664598718114
9674,1.5094788408303956
9675,2.1444196049053326
9676,13.254269687024882
9678,2.7697974692060057
9679,1.3503039906333172
9680,1.9573390970633369
9681,4.755074637199434
9682,4.595668088019411
9684,1.7770553537989282
9687,1.3891186676404823
9688,2.4588222410103127
9689,1.5602552569370887
9690,2.4481193520343933
9691,1.0
9692,3.2067777889499176
9693,1.6527254789908883
9695,1.6064628564696632
9696,1.9912964016631787
9697,13.920206656814853
9698,2.8588320658010917
9699,9.67905731194141
9700,1.8858113160536982
9702,2.516007932993047
9703,5.248065726458935
9704,1.3093586762208216
9705,4.222124679652917
9706,1.0929700506137017
9707,3.053319359427673
9710,2.286982442514393
9711,1.6206978584742882
9712,1.2090295441302437
9714,1.6468071629502608
9715,11.334285192392302
9716,11.181376777529836
9717,1.4409495887906565
9718,5.25216594587835
9719,3.8784345574945798
9720,2.340835121277386
9722,4.2301301231264405
9723,23.584984599949667
9724,1.6932410231176662
9725,2.2976041329006565
9726,8.34221901322358
9727,1.0
9728,2.3071030618567594
9729,3.7843252135094345
9730,2.4889352588951823
9731,1.4136780839647822
9732,2.2763917585129976
9733,2.778852969473183
9734,4.128129107657382
9735,1.516729852041818
9736,1.9552685394596325
9737,2.1537716447322452
9738,1.514961374345827
9739,1.8180006749176465
9740,2.1175624167561025
9741,2.896547118915188
9742,2.2403913596957503
9743,2.3744009801070574
9745,1.9366464266258234
9747,3.9820281848902495
9748,1.6542474285938538
9749,11.531237016657709
9750,1.0387127994659582
9751,1.5348416915430334
9752,1.7058274971220102
9753,14.766648739752606
9754,4.141169494081269
9755,1.9204664100933846
9756,2.13103309586638
9757,2.1867598736901397
9758,2.724055914673036
9759,2.4696365577904027
9760,1.746895370804113
9761,1.4764663563786338
9762,1.2060014022147871
9763,12.253372739330718
9764,12.35308821104358
9765,12.906061981223168
9766,4.538500318172064
9767,6.053166323068494
9769,1.0394447686071373
9770,2.0964354378804186
9771,2.0651841935980957
9772,8.025135740299902
9773,9.887963955028907
9774,2.809267646945397
9776,2.5875436535127174
9777,2.281110743640928
9778,5.9216010619120025
9779,1.782285070497198
9780,2.4842571036539773
9781,2.487766008531682
9782,2.2760348086393423
9784,14.025557864550276
9785,1.3119389493193705
9786,4.265332123238643
9787,14.284348474296028
9788,11.583749684404271
9789,3.0514829989162795
9790,1.1592307794388643
9791,3.495180022655188
9792,9.80333758969567
9795,1.6517680946775273
9796,3.54114707673298
9797,2.1420577411327764
9798,1.4652369507886676
9799,3.4018077936471856
9800,1.547705553623627
9801,2.7303707160224153
9804,3.6245192548619407
9805,4.761486049506411
9806,4.761486049506411
9807,3.875732903071517
9808,1.713575863720891
9809,2.0416929421803403
9811,1.0
9812,2.3128785734666013
9813,3.9004303188495264
9816,3.943871980379014
9817,2.814017527448265
9819,8.072170187643795
9820,1.3969944344542786
9821,11.26824417283902
9822,6.911131306462541
9823,1.6781138258259043
9824,7.769048134858959
9825,4.712726972566661
9826,1.0
9827,2.7024622262201468
9828,5.862826987838848
9829,3.72944625978843
9830,1.648898606723409
9831,1.0
9832,3.4863366236469235
9833,2.2796237072816914
9834,13.7383154493831
9835,2.21786712491442
9836,1.0751806177339585
9837,2.803099028842293
9838,4.410718420172585
9839,16.669872230456576
9840,20.81155730009404
9841,1.2169351695250996
9842,1.89863945088368
9843,2.1333508883539527
9844,2.854664975146188
9845,1.3224286252418893
9846,2.1774060782519236
9849,2.734712154931525
9850,10.524421899424796
9851,8.338942212372016
9852,4.761486049506411
9853,4.761486049506411
9855,1.835843744339101
9856,1.496845826472365
9857,2.670932113421345
9858,2.920370875311819
9859,2.2472639184116505
9860,10.020037743676413
9862,3.085155855704029
9863,1.0827553748296792
9864,2.6806006580472452
9865,15.337147325618115
9866,3.9093077121893423
9868,3.195771211128979
9869,4.57609720709279
9870,9.648089733348224
9871,6.436141038271499
9872,3.539859831777601
9873,6.921852517473077
9876,3.7374734179317444
9878,2.1002891779256037
9879,16.2379208327482
9880,8.739056498429644
9881,2.036971654120154
9883,1.3372301421492465
9884,9.924002092606983
9885,4.090681791621404
9886,2.416075652074174
9887,4.556719059115872
9888,3.0721883421024443
9889,1.472869108639844
9892,6.98870907631923
9893,3.1745659788168568
9894,20.651910182573104
9895,3.175973616151759
9896,1.9054578695788393
9898,2.8346357457139986
9900,1.1066859960890556
9901,1.9704179808381874
9902,3.7098416478881138
9903,1.7212577283334445
9905,3.302973660712524
9906,4.675655456825014
9907,8.412692401317008
9909,2.4593143600095977
9910,2.3026412720434917
9911,1.5894980206968856
9912,27.8514282155859
9913,3.7972712660596435
9915,1.5436949349693805
9916,1.2564910966816598
9917,3.7133908361554124
9918,1.3541739206947447
9919,1.7291414128999523
9920,1.4439250305946378
9922,6.607733563529183
9923,2.3184080867360266
9927,81.34447311953278
9929,1.3249017050675653
9931,11.052294678878516
9932,4.303058781568369
9934,2.0920612729948185
9935,2.172011649274066
9936,11.733932090930098
9937,2.944999722888767
9938,1.3314259877966264
9939,1.818247290098864
9940,1.0294099505761791
9941,2.487739256216917
9942,6.219984429675042
9944,2.581455769760621
9945,1.8408847531605865
9946,2.5422920446205626
9948,10.10390146459819
9949,1.958615612756319
9950,1.5265832204323526
9952,1.0
9953,1.7432266831041738
9954,2.56675580643197
9955,6.781983259197266
9956,1.204027688199496
9957,20.763104690033312
9958,1.89348268561863
9959,2.2255658350631755
9960,1.2915897473702922
9962,2.778307936989899
9963,6.173495245339507
9964,3.888656954987328
9966,1.3341713594730447
9967,3.3812464596978655
9969,1.660597295326263
9970,2.701616031624353
9971,4.221163157282064
9972,2.445337160098231
9973,4.390307976341755
9974,40.7932714829626
9975,1.6847857831713813
9976,2.6590896710177616
9978,3.9841702913299732
9979,5.754429632577933
9980,15.96576147855736
9981,2.5210187239655486
9983,1.3704620766177618
9984,2.211284854595995
9985,4.090299376283655
9986,9.85135350441226
9987,1.8869590846036028
9988,2.395790503183946
9989,2.272592484499264
9990,1.0240512491536886
9991,4.142008400151124
9992,2.093433498365065
9993,1.7075893465160192
9994,9.1308128568797
9995,1.8606555651590453
9997,1.4008365579737931
9999,1.1660678665088642
10002,1.8845191989908192
10003,2.6719467071841687
10004,2.695254434137786
10005,1.319377833248171
10006,1.5017432366020345
10007,3.2774103683440474
10008,2.5452411514861026
10009,5.819849302730366
10010,1.2852377646942514
10011,1.543393540715591
10014,1.6628394746404909
10015,1.0
10016,5.417656403232512
10018,1.6383265417519128
10019,5.426313423619253
10020,1.6124931122994839
10022,1.9625659567079237
10023,1.2890886872331488
10024,1.4902573482166068
10026,2.79266619431772
10027,1.0
10028,2.9687872655758243
10029,2.906168123638629
10030,1.8975087187189914
10031,10.021753942284345
10032,1.242510983189136
10033,4.425185656397714
10034,2.3388168891412144
10036,4.137962545462228
10037,5.718508203370376
10039,3.8941519650338874
10040,4.567176364721489
10042,2.167862585707995
10043,2.4441048386479216
10045,1.740709559363976
10046,2.3559040563639324
10047,3.2691593965104095
10048,1.9875716502262228
10049,2.105305171007286
10050,1.4048285056683676
10051,4.737801949100609
10053,1.376083883153548
10055,8.312120803267883
10056,3.8992999430563717
10057,1.6420166503934466
10058,1.205162565632875
10060,1.8847842439962883
10062,1.6808556647961266
10063,1.15930712507605
10064,7.036310245720535
10066,2.3918784242851636
10067,14.092197231326354
10068,2.614272429743633
10069,6.960670893221224
10070,6.371633211414724
10071,17.138505410488815
10072,1.424965250645408
10073,1.5587908881978907
10075,2.19923309042535
10076,3.337305115711089
